id;motExcl;nrProc;tpOper;tpAmb;aplicEmi;verAplic;nrInsc;iniValid;fimValid;planoCtaRef;freqEncerr;cCta;cCtaInterna;cDbrMista;nomeCta;indCta;descCta;cCtaSup;cCtaRef;nivelCta;natCta;codNat;codTrib;indTribISS;idLeiDisp;iniVig;fimVig
DeRE10111000000123456782026090212000000007;;;1;2;1;dere-poc/0.1;01914904;01/10/2026;;5;A;001000;001;000;ATIVO;S;;;1000000000000;1;D;1;;;;01/10/2026;
DeRE10111000000123456782026090212000000007;;;1;2;1;dere-poc/0.1;01914904;01/10/2026;;5;A;001001000;001001;000;DISPONÍVEL;S;;001000;1010000000000;2;D;1;;;;01/10/2026;
DeRE10111000000123456782026090212000000007;;;1;2;1;dere-poc/0.1;01914904;01/10/2026;;5;A;001001001000;001001001;000;IMEDIATO;S;;001001000;1010000000000;3;D;1;;;;01/10/2026;
DeRE10111000000123456782026090212000000007;;;1;2;1;dere-poc/0.1;01914904;01/10/2026;;5;A;001001001001000;001001001001;000;CAIXA;S;;001001001000;1010000000000;4;D;1;;;;01/10/2026;
DeRE10111000000123456782026090212000000007;;;1;2;1;dere-poc/0.1;01914904;01/10/2026;;5;A;001001001001001000;001001001001001;000;CAIXA GERAL DA ADMINISTRAÇÃO;A;"Registra as disponibilidades em espécie (numerário) mantidas pela EFPC para pagamentos de pequeno valor da Gestão Administrativa (PGA). Debitada pela entrada de numerário e pelos suprimentos de caixa; creditada pela saída de valores em espécie e pela prestação de contas dos pagamentos efetuados.";001001001001000;1010000000000;5;D;1;;;;01/10/2026;
DeRE10111000000123456782026090212000000007;;;1;2;1;dere-poc/0.1;01914904;01/10/2026;;5;A;001001001002000;001001001002;000;BANCOS CONTA MOVIMENTO;S;;001001001000;1010000000000;4;D;1;;;;01/10/2026;
DeRE10111000000123456782026090212000000007;;;1;2;1;dere-poc/0.1;01914904;01/10/2026;;5;A;001001001002001000;001001001002001;000;ITAÚ;A;"Registra o saldo da conta corrente mantida no Banco Itaú de titularidade da Gestão Administrativa (PGA). Debitada por depósitos, transferências eletrônicas recebidas e avisos de crédito bancário; creditada por cheques emitidos, transferências enviadas, débitos autorizados e avisos de débito bancário. Saldo negativo é transferido para 2.01.03.09.01.00.00.";001001001002000;1010000000000;5;D;1;;;;01/10/2026;
DeRE10111000000123456782026090212000000007;;;1;2;1;dere-poc/0.1;01914904;01/10/2026;;5;A;001001001002002000;001001001002002;000;ITAÚ - PLANO;A;"Registra o saldo da conta corrente mantida no Banco Itaú vinculada ao plano de benefícios. Debitada pelo recebimento de contribuições, resgates de investimentos e transferências eletrônicas recebidas; creditada pelo pagamento de benefícios, institutos, aplicações em investimentos e demais saídas por transferência ou débito bancário.";001001001002000;1010000000000;5;D;1;;;;01/10/2026;
DeRE10111000000123456782026090212000000007;;;1;2;1;dere-poc/0.1;01914904;01/10/2026;;5;A;001001002000;001001002;000;VINCULADO;S;;001001000;1010000000000;3;D;1;;;;01/10/2026;
DeRE10111000000123456782026090212000000007;;;1;2;1;dere-poc/0.1;01914904;01/10/2026;;5;A;001001002001000;001001002001;000;INTERFACE;A;"Registra valores em trânsito (interface) entre contas bancárias, sistemas ou entre plano e PGA, ainda não confirmados pela instituição financeira. Debitada pelo reconhecimento de valores a receber ou em trânsito; creditada pela confirmação do recebimento ou pela liquidação da transferência, devendo apresentar saldo zero após a conciliação.";001001002000;1010000000000;4;D;1;;;;01/10/2026;
DeRE10111000000123456782026090212000000007;;;1;2;1;dere-poc/0.1;01914904;01/10/2026;;5;A;001001002002000;001001002002;000;ITAÚ;A;"Registra valores vinculados junto ao Banco Itaú: cheques emitidos em poder da tesouraria e recursos recebidos mas ainda não repassados à Entidade por força de contrato com a instituição financeira. Debitada pela emissão de cheques e pelo reconhecimento de valores a receber; creditada pela entrega dos cheques e pelo efetivo recebimento dos valores.";001001002000;1010000000000;4;D;1;;;;01/10/2026;
DeRE10111000000123456782026090212000000007;;;1;2;1;dere-poc/0.1;01914904;01/10/2026;;5;A;001002000;001002;000;REALIZÁVEL;S;;001000;1020000000000;2;D;1;;;;01/10/2026;
DeRE10111000000123456782026090212000000007;;;1;2;1;dere-poc/0.1;01914904;01/10/2026;;5;A;001002001000;001002001;000;GESTÃO PREVIDENCIAL;S;;001002000;1020000000000;3;D;1;;;;01/10/2026;
DeRE10111000000123456782026090212000000007;;;1;2;1;dere-poc/0.1;01914904;01/10/2026;;5;A;001002001001000;001002001001;000;RECURSOS A RECEBER;S;;001002001000;1020000000000;4;D;1;;;;01/10/2026;
DeRE10111000000123456782026090212000000007;;;1;2;1;dere-poc/0.1;01914904;01/10/2026;;5;A;001002001001001000;001002001001001;000;CONTRIBUIÇÕES DO MÊS;S;;001002001001000;1020000000000;5;D;1;;;;01/10/2026;
DeRE10111000000123456782026090212000000007;;;1;2;1;dere-poc/0.1;01914904;01/10/2026;;5;A;001002001001001001000;001002001001001001;000;PATROCINADOR(ES);S;;001002001001001000;1020000000000;6;D;1;;;;01/10/2026;
DeRE10111000000123456782026090212000000007;;;1;2;1;dere-poc/0.1;01914904;01/10/2026;;5;A;001002001001001001001000;001002001001001001001;000;PATROCINADOR(ES);A;"Registra os recursos a receber referentes às contribuições previdenciais, normais e extraordinárias, do patrocinador (Celepar) relativas ao mês em curso, previstas no Plano de Custeio. Debitada pela apropriação da contribuição do mês; creditada pelo recebimento ou pela transferência do valor não recebido para Contribuições em Atraso.";001002001001001001000;1020000000000;7;D;1;;;;01/10/2026;
DeRE10111000000123456782026090212000000007;;;1;2;1;dere-poc/0.1;01914904;01/10/2026;;5;A;001002001001001002000;001002001001001002;000;INSTITUIDOR(ES);S;;001002001001001000;1020000000000;6;D;1;;;;01/10/2026;
DeRE10111000000123456782026090212000000007;;;1;2;1;dere-poc/0.1;01914904;01/10/2026;;5;A;001002001001001003000;001002001001001003;000;PARTICIPANTES;S;;001002001001001000;1020000000000;6;D;1;;;;01/10/2026;
DeRE10111000000123456782026090212000000007;;;1;2;1;dere-poc/0.1;01914904;01/10/2026;;5;A;001002001001001003001000;001002001001001003001;000;PARTICIPANTES;A;"Registra os recursos a receber referentes às contribuições previdenciais, normais e extraordinárias, dos participantes ativos relativas ao mês em curso, previstas no Plano de Custeio. Debitada pela apropriação da contribuição do mês; creditada pelo recebimento (repasse do patrocinador via folha) ou pela transferência para Contribuições em Atraso.";001002001001001003000;1020000000000;7;D;1;;;;01/10/2026;
DeRE10111000000123456782026090212000000007;;;1;2;1;dere-poc/0.1;01914904;01/10/2026;;5;A;001002001001001004000;001002001001001004;000;AUTOPATROCINADOS;S;;001002001001001000;1020000000000;6;D;1;;;;01/10/2026;
DeRE10111000000123456782026090212000000007;;;1;2;1;dere-poc/0.1;01914904;01/10/2026;;5;A;001002001001001004001000;001002001001001004001;000;AUTOPATROCINADOS;A;"Registra os recursos a receber referentes às contribuições previdenciais, normais e extraordinárias, dos participantes autopatrocinados relativas ao mês em curso, previstas no Plano de Custeio. Debitada pela apropriação da contribuição do mês; creditada pelo recebimento ou pela transferência para Contribuições em Atraso.";001002001001001004000;1020000000000;7;D;1;;;;01/10/2026;
DeRE10111000000123456782026090212000000007;;;1;2;1;dere-poc/0.1;01914904;01/10/2026;;5;A;001002001001001005000;001002001001001005;000;PARTICIPANTES EM BPD;S;;001002001001001000;1020000000000;6;D;1;;;;01/10/2026;
DeRE10111000000123456782026090212000000007;;;1;2;1;dere-poc/0.1;01914904;01/10/2026;;5;A;001002001001001006000;001002001001001006;000;EMPREGADOR(ES) DE PLANOS INSTITUÍDOS;S;;001002001001001000;1020000000000;6;D;1;;;;01/10/2026;
DeRE10111000000123456782026090212000000007;;;1;2;1;dere-poc/0.1;01914904;01/10/2026;;5;A;001002001001002000;001002001001002;000;CONTRIBUIÇÕES EM ATRASO;S;;001002001001000;1020000000000;5;D;1;;;;01/10/2026;
DeRE10111000000123456782026090212000000007;;;1;2;1;dere-poc/0.1;01914904;01/10/2026;;5;A;001002001001002001000;001002001001002001;000;PATROCINADOR(ES);S;;001002001001002000;1020000000000;6;D;1;;;;01/10/2026;
DeRE10111000000123456782026090212000000007;;;1;2;1;dere-poc/0.1;01914904;01/10/2026;;5;A;001002001001002002000;001002001001002002;000;INSTITUIDOR(ES);S;;001002001001002000;1020000000000;6;D;1;;;;01/10/2026;
DeRE10111000000123456782026090212000000007;;;1;2;1;dere-poc/0.1;01914904;01/10/2026;;5;A;001002001001002003000;001002001001002003;000;PARTICIPANTES;S;;001002001001002000;1020000000000;6;D;1;;;;01/10/2026;
DeRE10111000000123456782026090212000000007;;;1;2;1;dere-poc/0.1;01914904;01/10/2026;;5;A;001002001001002004000;001002001001002004;000;AUTOPATROCINADOS;S;;001002001001002000;1020000000000;6;D;1;;;;01/10/2026;
DeRE10111000000123456782026090212000000007;;;1;2;1;dere-poc/0.1;01914904;01/10/2026;;5;A;001002001001002005000;001002001001002005;000;PARTICIPANTES EM BPD;S;;001002001001002000;1020000000000;6;D;1;;;;01/10/2026;
DeRE10111000000123456782026090212000000007;;;1;2;1;dere-poc/0.1;01914904;01/10/2026;;5;A;001002001001002006000;001002001001002006;000;EMPREGADOR(ES) DE PLANOS INSTITUÍDOS;S;;001002001001002000;1020000000000;6;D;1;;;;01/10/2026;
DeRE10111000000123456782026090212000000007;;;1;2;1;dere-poc/0.1;01914904;01/10/2026;;5;A;001002001001002007000;001002001001002007;000;(-) PROVISÃO PARA PERDAS;S;;001002001001002000;1020000000000;6;C;1;;;;01/10/2026;
DeRE10111000000123456782026090212000000007;;;1;2;1;dere-poc/0.1;01914904;01/10/2026;;5;A;001002001001003000;001002001001003;000;CONTRIBUIÇÕES SOBRE 13° SALÁRIO;S;;001002001001000;1020000000000;5;D;1;;;;01/10/2026;
DeRE10111000000123456782026090212000000007;;;1;2;1;dere-poc/0.1;01914904;01/10/2026;;5;A;001002001001003001000;001002001001003001;000;PATROCINADOR(ES);S;;001002001001003000;1020000000000;6;D;1;;;;01/10/2026;
DeRE10111000000123456782026090212000000007;;;1;2;1;dere-poc/0.1;01914904;01/10/2026;;5;A;001002001001003002000;001002001001003002;000;INSTITUIDOR(ES);S;;001002001001003000;1020000000000;6;D;1;;;;01/10/2026;
DeRE10111000000123456782026090212000000007;;;1;2;1;dere-poc/0.1;01914904;01/10/2026;;5;A;001002001001003003000;001002001001003003;000;PARTICIPANTES;S;;001002001001003000;1020000000000;6;D;1;;;;01/10/2026;
DeRE10111000000123456782026090212000000007;;;1;2;1;dere-poc/0.1;01914904;01/10/2026;;5;A;001002001001003003001000;001002001001003003001;000;PARTICIPANTES;A;"Registra os duodécimos mensais referentes às contribuições previdenciais dos participantes incidentes sobre o 13º salário, previstos na avaliação atuarial e não incluídos nas Provisões Matemáticas. Debitada pela apropriação do duodécimo mensal; creditada pela reversão da provisão ou pela transferência do saldo acumulado para Contribuições do Mês quando do pagamento do 13º.";001002001001003003000;1020000000000;7;D;1;;;;01/10/2026;
DeRE10111000000123456782026090212000000007;;;1;2;1;dere-poc/0.1;01914904;01/10/2026;;5;A;001002001001003004000;001002001001003004;000;AUTOPATROCINADOS;S;;001002001001003000;1020000000000;6;D;1;;;;01/10/2026;
DeRE10111000000123456782026090212000000007;;;1;2;1;dere-poc/0.1;01914904;01/10/2026;;5;A;001002001001003005000;001002001001003005;000;PARTICIPANTES EM BPD;S;;001002001001003000;1020000000000;6;D;1;;;;01/10/2026;
DeRE10111000000123456782026090212000000007;;;1;2;1;dere-poc/0.1;01914904;01/10/2026;;5;A;001002001001003006000;001002001001003006;000;EMPREGADOR(ES) DE PLANOS INSTITUÍDOS;S;;001002001001003000;1020000000000;6;D;1;;;;01/10/2026;
DeRE10111000000123456782026090212000000007;;;1;2;1;dere-poc/0.1;01914904;01/10/2026;;5;A;001002001001004000;001002001001004;000;OPERAÇÕES CONTRATADAS;S;;001002001001000;1020000000000;5;D;1;;;;01/10/2026;
DeRE10111000000123456782026090212000000007;;;1;2;1;dere-poc/0.1;01914904;01/10/2026;;5;A;001002001001004001000;001002001001004001;000;CONTRIBUIÇÕES EM ATRASO CONTRATADAS;S;;001002001001004000;1020000000000;6;D;1;;;;01/10/2026;
DeRE10111000000123456782026090212000000007;;;1;2;1;dere-poc/0.1;01914904;01/10/2026;;5;A;001002001001004002000;001002001001004002;000;SERVIÇO PASSADO CONTRATADO;S;;001002001001004000;1020000000000;6;D;1;;;;01/10/2026;
DeRE10111000000123456782026090212000000007;;;1;2;1;dere-poc/0.1;01914904;01/10/2026;;5;A;001002001001004002001000;001002001001004002001;000;INSTRUMENTOS COM CLÁUSULA FINANCEIRA;S;;001002001001004002000;1020000000000;7;D;1;;;;01/10/2026;
DeRE10111000000123456782026090212000000007;;;1;2;1;dere-poc/0.1;01914904;01/10/2026;;5;A;001002001001004002002000;001002001001004002002;000;INSTRUMENTOS COM CLÁUSULA ATUARIAL;S;;001002001001004002000;1020000000000;7;D;1;;;;01/10/2026;
DeRE10111000000123456782026090212000000007;;;1;2;1;dere-poc/0.1;01914904;01/10/2026;;5;A;001002001001004002003000;001002001001004002003;000;INSTRUMENTOS COM CLÁUSULAS FINANCEIRA E ATUARIAL;S;;001002001001004002000;1020000000000;7;D;1;;;;01/10/2026;
DeRE10111000000123456782026090212000000007;;;1;2;1;dere-poc/0.1;01914904;01/10/2026;;5;A;001002001001004003000;001002001001004003;000;DÉFICIT TÉCNICO CONTRATADO;S;;001002001001004000;1020000000000;6;D;1;;;;01/10/2026;
DeRE10111000000123456782026090212000000007;;;1;2;1;dere-poc/0.1;01914904;01/10/2026;;5;A;001002001001004003001000;001002001001004003001;000;INSTRUMENTOS COM CLÁUSULA FINANCEIRA;S;;001002001001004003000;1020000000000;7;D;1;;;;01/10/2026;
DeRE10111000000123456782026090212000000007;;;1;2;1;dere-poc/0.1;01914904;01/10/2026;;5;A;001002001001004003002000;001002001001004003002;000;INSTRUMENTOS COM CLÁUSULA ATUARIAL;S;;001002001001004003000;1020000000000;7;D;1;;;;01/10/2026;
DeRE10111000000123456782026090212000000007;;;1;2;1;dere-poc/0.1;01914904;01/10/2026;;5;A;001002001001004003003000;001002001001004003003;000;INSTRUMENTOS COM CLÁUSULAS FINANCEIRA E ATUARIAL;S;;001002001001004003000;1020000000000;7;D;1;;;;01/10/2026;
DeRE10111000000123456782026090212000000007;;;1;2;1;dere-poc/0.1;01914904;01/10/2026;;5;A;001002001001004004000;001002001001004004;000;OUTRAS CONTRATAÇÕES;S;;001002001001004000;1020000000000;6;D;1;;;;01/10/2026;
DeRE10111000000123456782026090212000000007;;;1;2;1;dere-poc/0.1;01914904;01/10/2026;;5;A;001002001001004004001000;001002001001004004001;000;INSTRUMENTOS COM CLÁUSULA FINANCEIRA;S;;001002001001004004000;1020000000000;7;D;1;;;;01/10/2026;
DeRE10111000000123456782026090212000000007;;;1;2;1;dere-poc/0.1;01914904;01/10/2026;;5;A;001002001001004004002000;001002001001004004002;000;INSTRUMENTOS COM CLÁUSULA ATUARIAL;S;;001002001001004004000;1020000000000;7;D;1;;;;01/10/2026;
DeRE10111000000123456782026090212000000007;;;1;2;1;dere-poc/0.1;01914904;01/10/2026;;5;A;001002001001004004003000;001002001001004004003;000;INSTRUMENTOS COM CLÁUSULAS FINANCEIRA E ATUARIAL;S;;001002001001004004000;1020000000000;7;D;1;;;;01/10/2026;
DeRE10111000000123456782026090212000000007;;;1;2;1;dere-poc/0.1;01914904;01/10/2026;;5;A;001002001001004005000;001002001001004005;000;(-) PROVISÃO PARA PERDAS;S;;001002001001004000;1020000000000;6;C;1;;;;01/10/2026;
DeRE10111000000123456782026090212000000007;;;1;2;1;dere-poc/0.1;01914904;01/10/2026;;5;A;001002001001005000;001002001001005;000;OUTROS RECURSOS A RECEBER - PREVIDENCIAL;S;;001002001001000;1020000000000;5;D;1;;;;01/10/2026;
DeRE10111000000123456782026090212000000007;;;1;2;1;dere-poc/0.1;01914904;01/10/2026;;5;A;001002001001005001000;001002001001005001;000;OUTROS RECURSOS A RECEBER;S;;001002001001005000;1020000000000;6;D;1;;;;01/10/2026;
DeRE10111000000123456782026090212000000007;;;1;2;1;dere-poc/0.1;01914904;01/10/2026;;5;A;001002001001005002000;001002001001005002;000;(-) PROVISÃO PARA PERDAS;S;;001002001001005000;1020000000000;6;C;1;;;;01/10/2026;
DeRE10111000000123456782026090212000000007;;;1;2;1;dere-poc/0.1;01914904;01/10/2026;;5;A;001002001002000;001002001002;000;ADIANTAMENTOS;S;;001002001000;1020000000000;4;D;1;;;;01/10/2026;
DeRE10111000000123456782026090212000000007;;;1;2;1;dere-poc/0.1;01914904;01/10/2026;;5;A;001002001003000;001002001003;000;CUSTEIO ADMINISTRATIVO ANTECIPADO;S;;001002001000;1020000000000;4;D;1;;;;01/10/2026;
DeRE10111000000123456782026090212000000007;;;1;2;1;dere-poc/0.1;01914904;01/10/2026;;5;A;001002001004000;001002001004;000;DEPÓSITOS JUDICIAIS / RECURSAIS;S;;001002001000;1020000000000;4;D;1;;;;01/10/2026;
DeRE10111000000123456782026090212000000007;;;1;2;1;dere-poc/0.1;01914904;01/10/2026;;5;A;001002001005000;001002001005;000;RECURSOS A RECEBER - PRECATÓRIOS;S;;001002001000;1020000000000;4;D;1;;;;01/10/2026;
DeRE10111000000123456782026090212000000007;;;1;2;1;dere-poc/0.1;01914904;01/10/2026;;5;A;001002001006000;001002001006;000;OUTROS REALIZÁVEIS - PREVIDENCIAL;S;;001002001000;1020000000000;4;D;1;;;;01/10/2026;
DeRE10111000000123456782026090212000000007;;;1;2;1;dere-poc/0.1;01914904;01/10/2026;;5;A;001002001006001000;001002001006001;000;OUTROS REALIZÁVEIS;S;;001002001006000;1020000000000;5;D;1;;;;01/10/2026;
DeRE10111000000123456782026090212000000007;;;1;2;1;dere-poc/0.1;01914904;01/10/2026;;5;A;001002001006001001000;001002001006001001;000;RECURSOS DO PLANO;A;"Registra outros direitos realizáveis da Gestão Previdencial de titularidade do plano de benefícios não classificáveis nas contas anteriores, como valores a receber do PGA, de terceiros ou de outros planos. Debitada pelo reconhecimento do direito; creditada pelo recebimento, compensação ou baixa.";001002001006001000;1020000000000;6;D;1;;;;01/10/2026;
DeRE10111000000123456782026090212000000007;;;1;2;1;dere-poc/0.1;01914904;01/10/2026;;5;A;001002001006001002000;001002001006001002;000;IMPOSTO A COMPENSAR;A;"Registra os valores de impostos retidos ou recolhidos a maior pelo plano de benefícios que a Entidade tem direito de compensar conforme a legislação tributária vigente (ex.: IRRF sobre benefícios). Debitada pelo reconhecimento do crédito tributário; creditada pela compensação efetivada ou pela restituição recebida.";001002001006001000;1020000000000;6;D;1;;;;01/10/2026;
DeRE10111000000123456782026090212000000007;;;1;2;1;dere-poc/0.1;01914904;01/10/2026;;5;A;001002001006002000;001002001006002;000;(-) PROVISÃO PARA PERDAS;S;;001002001006000;1020000000000;5;C;1;;;;01/10/2026;
DeRE10111000000123456782026090212000000007;;;1;2;1;dere-poc/0.1;01914904;01/10/2026;;5;A;001002002000;001002002;000;GESTÃO ADMINISTRATIVA;S;;001002000;1020000000000;3;D;1;;;;01/10/2026;
DeRE10111000000123456782026090212000000007;;;1;2;1;dere-poc/0.1;01914904;01/10/2026;;5;A;001002002001000;001002002001;000;CONTAS A RECEBER;S;;001002002000;1020000000000;4;D;1;;;;01/10/2026;
DeRE10111000000123456782026090212000000007;;;1;2;1;dere-poc/0.1;01914904;01/10/2026;;5;A;001002002001001000;001002002001001;000;CONTRIBUIÇÕES PARA CUSTEIO DO MÊS;S;;001002002001000;1020000000000;5;D;1;;;;01/10/2026;
DeRE10111000000123456782026090212000000007;;;1;2;1;dere-poc/0.1;01914904;01/10/2026;;5;A;001002002001001001000;001002002001001001;000;PATROCINADOR(ES);S;;001002002001001000;1020000000000;6;D;1;;;;01/10/2026;
DeRE10111000000123456782026090212000000007;;;1;2;1;dere-poc/0.1;01914904;01/10/2026;;5;A;001002002001001002000;001002002001001002;000;INSTITUIDOR(ES);S;;001002002001001000;1020000000000;6;D;1;;;;01/10/2026;
DeRE10111000000123456782026090212000000007;;;1;2;1;dere-poc/0.1;01914904;01/10/2026;;5;A;001002002001001003000;001002002001001003;000;PARTICIPANTES;S;;001002002001001000;1020000000000;6;D;1;;;;01/10/2026;
DeRE10111000000123456782026090212000000007;;;1;2;1;dere-poc/0.1;01914904;01/10/2026;;5;A;001002002001001004000;001002002001001004;000;AUTOPATROCINADOS;S;;001002002001001000;1020000000000;6;D;1;;;;01/10/2026;
DeRE10111000000123456782026090212000000007;;;1;2;1;dere-poc/0.1;01914904;01/10/2026;;5;A;001002002001001005000;001002002001001005;000;PARTICIPANTES EM BPD;S;;001002002001001000;1020000000000;6;D;1;;;;01/10/2026;
DeRE10111000000123456782026090212000000007;;;1;2;1;dere-poc/0.1;01914904;01/10/2026;;5;A;001002002001001006000;001002002001001006;000;EMPREGADOR(ES) DE PLANOS INSTITUÍDOS;S;;001002002001001000;1020000000000;6;D;1;;;;01/10/2026;
DeRE10111000000123456782026090212000000007;;;1;2;1;dere-poc/0.1;01914904;01/10/2026;;5;A;001002002001002000;001002002001002;000;CONTRIBUIÇÕES PARA CUSTEIO EM ATRASO;S;;001002002001000;1020000000000;5;D;1;;;;01/10/2026;
DeRE10111000000123456782026090212000000007;;;1;2;1;dere-poc/0.1;01914904;01/10/2026;;5;A;001002002001002001000;001002002001002001;000;PATROCINADOR(ES);S;;001002002001002000;1020000000000;6;D;1;;;;01/10/2026;
DeRE10111000000123456782026090212000000007;;;1;2;1;dere-poc/0.1;01914904;01/10/2026;;5;A;001002002001002002000;001002002001002002;000;INSTITUIDOR(ES);S;;001002002001002000;1020000000000;6;D;1;;;;01/10/2026;
DeRE10111000000123456782026090212000000007;;;1;2;1;dere-poc/0.1;01914904;01/10/2026;;5;A;001002002001002003000;001002002001002003;000;PARTICIPANTES;S;;001002002001002000;1020000000000;6;D;1;;;;01/10/2026;
DeRE10111000000123456782026090212000000007;;;1;2;1;dere-poc/0.1;01914904;01/10/2026;;5;A;001002002001002004000;001002002001002004;000;AUTOPATROCINADOS;S;;001002002001002000;1020000000000;6;D;1;;;;01/10/2026;
DeRE10111000000123456782026090212000000007;;;1;2;1;dere-poc/0.1;01914904;01/10/2026;;5;A;001002002001002005000;001002002001002005;000;PARTICIPANTES EM BPD;S;;001002002001002000;1020000000000;6;D;1;;;;01/10/2026;
DeRE10111000000123456782026090212000000007;;;1;2;1;dere-poc/0.1;01914904;01/10/2026;;5;A;001002002001002006000;001002002001002006;000;EMPREGADOR(ES) DE PLANOS INSTITUÍDOS;S;;001002002001002000;1020000000000;6;D;1;;;;01/10/2026;
DeRE10111000000123456782026090212000000007;;;1;2;1;dere-poc/0.1;01914904;01/10/2026;;5;A;001002002001002007000;001002002001002007;000;(-) PROVISÃO PARA PERDAS;S;;001002002001002000;1020000000000;6;C;1;;;;01/10/2026;
DeRE10111000000123456782026090212000000007;;;1;2;1;dere-poc/0.1;01914904;01/10/2026;;5;A;001002002001003000;001002002001003;000;CONTRIBUIÇÕES PARA CUSTEIO CONTRATADAS;S;;001002002001000;1020000000000;5;D;1;;;;01/10/2026;
DeRE10111000000123456782026090212000000007;;;1;2;1;dere-poc/0.1;01914904;01/10/2026;;5;A;001002002001003001000;001002002001003001;000;CONTRIBUIÇÕES EM ATRASO CONTRATADAS;S;;001002002001003000;1020000000000;6;D;1;;;;01/10/2026;
DeRE10111000000123456782026090212000000007;;;1;2;1;dere-poc/0.1;01914904;01/10/2026;;5;A;001002002001003002000;001002002001003002;000;SERVIÇO PASSADO CONTRATADO;S;;001002002001003000;1020000000000;6;D;1;;;;01/10/2026;
DeRE10111000000123456782026090212000000007;;;1;2;1;dere-poc/0.1;01914904;01/10/2026;;5;A;001002002001003003000;001002002001003003;000;OUTRAS CONTRATAÇÕES;S;;001002002001003000;1020000000000;6;D;1;;;;01/10/2026;
DeRE10111000000123456782026090212000000007;;;1;2;1;dere-poc/0.1;01914904;01/10/2026;;5;A;001002002001003004000;001002002001003004;000;(-) PROVISÃO PARA PERDAS;S;;001002002001003000;1020000000000;6;C;1;;;;01/10/2026;
DeRE10111000000123456782026090212000000007;;;1;2;1;dere-poc/0.1;01914904;01/10/2026;;5;A;001002002001004000;001002002001004;000;RESPONSABILIDADE DE EMPREGADOS;S;;001002002001000;1020000000000;5;D;1;;;;01/10/2026;
DeRE10111000000123456782026090212000000007;;;1;2;1;dere-poc/0.1;01914904;01/10/2026;;5;A;001002002001005000;001002002001005;000;RESPONSABILIDADE DE TERCEIROS;S;;001002002001000;1020000000000;5;D;1;;;;01/10/2026;
DeRE10111000000123456782026090212000000007;;;1;2;1;dere-poc/0.1;01914904;01/10/2026;;5;A;001002002001006000;001002002001006;000;OUTROS RECURSOS A RECEBER - ADMINISTRATIVA;S;;001002002001000;1020000000000;5;D;1;;;;01/10/2026;
DeRE10111000000123456782026090212000000007;;;1;2;1;dere-poc/0.1;01914904;01/10/2026;;5;A;001002002001006001000;001002002001006001;000;OUTROS RECURSOS A RECEBER;S;;001002002001006000;1020000000000;6;D;1;;;;01/10/2026;
DeRE10111000000123456782026090212000000007;;;1;2;1;dere-poc/0.1;01914904;01/10/2026;;5;A;001002002001006001001000;001002002001006001001;000;RECURSOS ADMINISTRATIVOS DO PLANO;A;"Registra os recursos administrativos a receber pelo PGA junto ao plano de benefícios, não classificáveis nas contas de contribuições para custeio, tais como reembolsos de despesas pagas pela Gestão Administrativa por conta do plano. Debitada pelo reconhecimento do direito; creditada pelo recebimento ou compensação com o plano.";001002002001006001000;1020000000000;7;D;1;;;;01/10/2026;
DeRE10111000000123456782026090212000000007;;;1;2;1;dere-poc/0.1;01914904;01/10/2026;;5;A;001002002001006002000;001002002001006002;000;(-) PROVISÃO PARA PERDAS;S;;001002002001006000;1020000000000;6;C;1;;;;01/10/2026;
DeRE10111000000123456782026090212000000007;;;1;2;1;dere-poc/0.1;01914904;01/10/2026;;5;A;001002002002000;001002002002;000;DESPESAS ANTECIPADAS;S;;001002002000;1020000000000;4;D;1;;;;01/10/2026;
DeRE10111000000123456782026090212000000007;;;1;2;1;dere-poc/0.1;01914904;01/10/2026;;5;A;001002002002001000;001002002002001;000;ABRAPP - CONTRIBUIÇÕES ANTECIPADAS;A;"Registra as contribuições associativas à ABRAPP pagas antecipadamente pela Gestão Administrativa e que contribuirão para a formação do resultado de meses subsequentes. Debitada pelo pagamento antecipado da anuidade; creditada pela apropriação mensal (pro rata) à despesa administrativa 4.02.01.05.02.00.00.";001002002002000;1020000000000;5;D;1;;;;01/10/2026;
DeRE10111000000123456782026090212000000007;;;1;2;1;dere-poc/0.1;01914904;01/10/2026;;5;A;001002002002002000;001002002002002;000;PRÊMIOS E SEGUROS;A;"Registra os prêmios de seguros (ex.: D&O, patrimonial) pagos antecipadamente pela Gestão Administrativa, cuja vigência abrange meses subsequentes. Debitada pelo pagamento da apólice; creditada pela apropriação mensal à despesa administrativa ao longo do período de vigência do contrato.";001002002002000;1020000000000;5;D;1;;;;01/10/2026;
DeRE10111000000123456782026090212000000007;;;1;2;1;dere-poc/0.1;01914904;01/10/2026;;5;A;001002002002003000;001002002002003;000;TAFIC - TAXA DE FISCALIZAÇÃO E CONTROLE;A;"Registra a Taxa de Fiscalização e Controle da Previdência Complementar (TAFIC) paga antecipadamente (quadrimestral) pela Gestão Administrativa. Debitada pelo recolhimento da taxa; creditada pela apropriação mensal à despesa de tributos 4.02.01.07.04.00.00, de forma a distribuir o custo pelos meses de competência.";001002002002000;1020000000000;5;D;1;;;;01/10/2026;
DeRE10111000000123456782026090212000000007;;;1;2;1;dere-poc/0.1;01914904;01/10/2026;;5;A;001002002002004000;001002002002004;000;ADIANTAMENTO A FORNECEDORES;A;"Registra os adiantamentos efetuados a fornecedores de bens e serviços da Gestão Administrativa, antes da entrega do bem ou prestação do serviço. Debitada pelo pagamento antecipado ao fornecedor; creditada pela apropriação da despesa quando da entrega/prestação ou pela devolução do valor adiantado.";001002002002000;1020000000000;5;D;1;;;;01/10/2026;
DeRE10111000000123456782026090212000000007;;;1;2;1;dere-poc/0.1;01914904;01/10/2026;;5;A;001002002003000;001002002003;000;PARTICIPAÇÃO NO PGA;S;;001002002000;1020000000000;4;D;1;;;;01/10/2026;
DeRE10111000000123456782026090212000000007;;;1;2;1;dere-poc/0.1;01914904;01/10/2026;;5;A;001002002003001000;001002002003001;000;PARTICIPAÇÃO NO PGA;A;"Registra, no plano de benefícios, a participação do plano no fundo administrativo contabilizado no PGA, quando este apresentar saldo positivo. Debitada pela constituição e atualização da participação do plano no fundo administrativo; creditada pela reversão ou utilização do fundo para cobertura de despesas administrativas. Contrapartida em 2.03.02.02.02.00.00.";001002002003000;1020000000000;5;D;1;;;;01/10/2026;
DeRE10111000000123456782026090212000000007;;;1;2;1;dere-poc/0.1;01914904;01/10/2026;;5;A;001002002004000;001002002004;000;DEPÓSITOS JUDICIAIS / RECURSAIS;S;;001002002000;1020000000000;4;D;1;;;;01/10/2026;
DeRE10111000000123456782026090212000000007;;;1;2;1;dere-poc/0.1;01914904;01/10/2026;;5;A;001002002004001000;001002002004001;000;DEPÓSITOS JUDICIAIS;S;;001002002004000;1020000000000;5;D;1;;;;01/10/2026;
DeRE10111000000123456782026090212000000007;;;1;2;1;dere-poc/0.1;01914904;01/10/2026;;5;A;001002002004001001000;001002002004001001;000;REPASSE FOLHA DIRETORIA;A;"Registra depósito judicial efetuado pela Gestão Administrativa em processo relativo ao repasse de folha de pagamento da diretoria, vinculado à contingência registrada em 2.02.02.01.01.00.00. Debitada pelo depósito e por sua atualização monetária; creditada pelo levantamento do valor ou pela conversão em renda em favor da parte vencedora.";001002002004001000;1020000000000;6;D;1;;;;01/10/2026;
DeRE10111000000123456782026090212000000007;;;1;2;1;dere-poc/0.1;01914904;01/10/2026;;5;A;001002002004001002000;001002002004001002;000;DEPÓSITO JUDICIAL - PIS;A;"Registra os depósitos judiciais efetuados pela Gestão Administrativa em discussão judicial sobre a incidência do PIS, vinculados à provisão contingencial correspondente. Debitada pelo depósito e pela atualização monetária creditada pela instituição depositária; creditada pelo levantamento em caso de decisão favorável ou pela conversão em renda da União.";001002002004001000;1020000000000;6;D;1;;;;01/10/2026;
DeRE10111000000123456782026090212000000007;;;1;2;1;dere-poc/0.1;01914904;01/10/2026;;5;A;001002002004001003000;001002002004001003;000;DEPÓSITO JUDICIAL - COFINS;A;"Registra os depósitos judiciais efetuados pela Gestão Administrativa em discussão judicial sobre a incidência da COFINS, vinculados à provisão contingencial correspondente. Debitada pelo depósito e pela atualização monetária; creditada pelo levantamento em caso de decisão favorável ou pela conversão em renda da União.";001002002004001000;1020000000000;6;D;1;;;;01/10/2026;
DeRE10111000000123456782026090212000000007;;;1;2;1;dere-poc/0.1;01914904;01/10/2026;;5;A;001002002005000;001002002005;000;TRIBUTOS A COMPENSAR;S;;001002002000;1020000000000;4;D;1;;;;01/10/2026;
DeRE10111000000123456782026090212000000007;;;1;2;1;dere-poc/0.1;01914904;01/10/2026;;5;A;001002002006000;001002002006;000;CUSTEIO ADMINISTRATIVO DOS INVESTIMENTOS;S;;001002002000;1020000000000;4;D;1;;;;01/10/2026;
DeRE10111000000123456782026090212000000007;;;1;2;1;dere-poc/0.1;01914904;01/10/2026;;5;A;001002002006001000;001002002006001;000;CUSTEIO ADMINISTRATIVO DOS INVESTIMENTOS;A;"Registra os recursos a receber pelo PGA dos planos de benefícios correspondentes ao custeio administrativo dos investimentos (taxa de administração sobre os recursos garantidores), destinados à cobertura das despesas administrativas. Debitada pela apropriação mensal do custeio; creditada pelo recebimento/transferência dos recursos dos investimentos do plano.";001002002006000;1020000000000;5;D;1;;;;01/10/2026;
DeRE10111000000123456782026090212000000007;;;1;2;1;dere-poc/0.1;01914904;01/10/2026;;5;A;001002002007000;001002002007;000;RECURSOS A RECEBER - PRECATÓRIOS;S;;001002002000;1020000000000;4;D;1;;;;01/10/2026;
DeRE10111000000123456782026090212000000007;;;1;2;1;dere-poc/0.1;01914904;01/10/2026;;5;A;001002002008000;001002002008;000;OUTROS REALIZÁVEIS - ADMINISTRATIVA;S;;001002002000;1020000000000;4;D;1;;;;01/10/2026;
DeRE10111000000123456782026090212000000007;;;1;2;1;dere-poc/0.1;01914904;01/10/2026;;5;A;001002002008001000;001002002008001;000;OUTROS REALIZÁVEIS;S;;001002002008000;1020000000000;5;D;1;;;;01/10/2026;
DeRE10111000000123456782026090212000000007;;;1;2;1;dere-poc/0.1;01914904;01/10/2026;;5;A;001002002008002000;001002002008002;000;(-) PROVISÃO PARA PERDAS;S;;001002002008000;1020000000000;5;C;1;;;;01/10/2026;
DeRE10111000000123456782026090212000000007;;;1;2;1;dere-poc/0.1;01914904;01/10/2026;;5;A;001002003000;001002003;000;INVESTIMENTOS;S;;001002000;1020000000000;3;D;1;;;;01/10/2026;
DeRE10111000000123456782026090212000000007;;;1;2;1;dere-poc/0.1;01914904;01/10/2026;;5;A;001002003001000;001002003001;000;TÍTULOS PÚBLICOS;S;;001002003000;1020000000000;4;D;1;;;;01/10/2026;
DeRE10111000000123456782026090212000000007;;;1;2;1;dere-poc/0.1;01914904;01/10/2026;;5;A;001002003001001000;001002003001001;000;TÍTULOS PÚBLICOS FEDERAIS;S;;001002003001000;1020000000000;5;D;1;;;;01/10/2026;
DeRE10111000000123456782026090212000000007;;;1;2;1;dere-poc/0.1;01914904;01/10/2026;;5;A;001002003001001001000;001002003001001001;000;TESOURO IPCA / NOTA DO TESOURO NACIONAL - NTN;S;;001002003001001000;1020000000000;6;D;1;;;;01/10/2026;
DeRE10111000000123456782026090212000000007;;;1;2;1;dere-poc/0.1;01914904;01/10/2026;;5;A;001002003001001001001000;001002003001001001001;000;TESOURO IPCA / NTN-B;S;;001002003001001001000;1020000000000;7;D;1;;;;01/10/2026;
DeRE10111000000123456782026090212000000007;;;1;2;1;dere-poc/0.1;01914904;01/10/2026;;5;A;001002003001001001001001000;001002003001001001001001;000;TESOURO IPCA / NTN-B;A;"Registra as aplicações do plano em Notas do Tesouro Nacional série B (Tesouro IPCA+), títulos públicos federais indexados ao IPCA, pelo custo de aquisição acrescido dos rendimentos apropriados (curva) ou pelo valor de mercado, conforme a classificação. Debitada pela compra e pela apropriação de juros e atualização; creditada pelo resgate, venda, vencimento e ajustes negativos.";001002003001001001001000;1020000000000;8;D;1;;;;01/10/2026;
DeRE10111000000123456782026090212000000007;;;1;2;1;dere-poc/0.1;01914904;01/10/2026;;5;A;001002003001001001002000;001002003001001001002;000;TESOURO IPCA / NTN-C;S;;001002003001001001000;1020000000000;7;D;1;;;;01/10/2026;
DeRE10111000000123456782026090212000000007;;;1;2;1;dere-poc/0.1;01914904;01/10/2026;;5;A;001002003001001001003000;001002003001001001003;000;TESOURO IPCA / NTN-F;S;;001002003001001001000;1020000000000;7;D;1;;;;01/10/2026;
DeRE10111000000123456782026090212000000007;;;1;2;1;dere-poc/0.1;01914904;01/10/2026;;5;A;001002003001001002000;001002003001001002;000;TESOURO SELIC / LETRA FINANCEIRA DO TESOURO - LFT;S;;001002003001001000;1020000000000;6;D;1;;;;01/10/2026;
DeRE10111000000123456782026090212000000007;;;1;2;1;dere-poc/0.1;01914904;01/10/2026;;5;A;001002003001001002001000;001002003001001002001;000;TESOURO SELIC / LETRA FINANCEIRA DO TESOURO - LFT;A;"Registra as aplicações do plano em Letras Financeiras do Tesouro (Tesouro Selic), títulos públicos federais pós-fixados remunerados pela taxa Selic. Debitada pela aquisição e pela apropriação diária dos rendimentos; creditada pela venda, resgate ou vencimento do título e por eventuais ajustes negativos de marcação a mercado.";001002003001001002000;1020000000000;7;D;1;;;;01/10/2026;
DeRE10111000000123456782026090212000000007;;;1;2;1;dere-poc/0.1;01914904;01/10/2026;;5;A;001002003001001003000;001002003001001003;000;TESOURO PREFIXADO / LETRA DO TESOURO NACIONAL - LTN;S;;001002003001001000;1020000000000;6;D;1;;;;01/10/2026;
DeRE10111000000123456782026090212000000007;;;1;2;1;dere-poc/0.1;01914904;01/10/2026;;5;A;001002003001001004000;001002003001001004;000;TÍTULO DA DÍVIDA AGRÁRIA - TDA;S;;001002003001001000;1020000000000;6;D;1;;;;01/10/2026;
DeRE10111000000123456782026090212000000007;;;1;2;1;dere-poc/0.1;01914904;01/10/2026;;5;A;001002003001001005000;001002003001001005;000;OUTROS TÍTULOS PÚBLICOS FEDERAIS;S;;001002003001001000;1020000000000;6;D;1;;;;01/10/2026;
DeRE10111000000123456782026090212000000007;;;1;2;1;dere-poc/0.1;01914904;01/10/2026;;5;A;001002003001002000;001002003001002;000;TÍTULOS PÚBLICOS ESTADUAIS;S;;001002003001000;1020000000000;5;D;1;;;;01/10/2026;
DeRE10111000000123456782026090212000000007;;;1;2;1;dere-poc/0.1;01914904;01/10/2026;;5;A;001002003001003000;001002003001003;000;TÍTULOS PÚBLICOS MUNICIPAIS;S;;001002003001000;1020000000000;5;D;1;;;;01/10/2026;
DeRE10111000000123456782026090212000000007;;;1;2;1;dere-poc/0.1;01914904;01/10/2026;;5;A;001002003001004000;001002003001004;000;EMPRÉSTIMOS DE TÍTULOS PÚBLICOS;S;;001002003001000;1020000000000;5;D;1;;;;01/10/2026;
DeRE10111000000123456782026090212000000007;;;1;2;1;dere-poc/0.1;01914904;01/10/2026;;5;A;001002003001005000;001002003001005;000;OPERAÇÕES COMPROMISSADAS - REVENDAS A LIQUIDAR;S;;001002003001000;1020000000000;5;D;1;;;;01/10/2026;
DeRE10111000000123456782026090212000000007;;;1;2;1;dere-poc/0.1;01914904;01/10/2026;;5;A;001002003001006000;001002003001006;000;(-) PROVISÃO PARA PERDAS - TÍTULOS PÚBLICOS;S;;001002003001000;1020000000000;5;C;1;;;;01/10/2026;
DeRE10111000000123456782026090212000000007;;;1;2;1;dere-poc/0.1;01914904;01/10/2026;;5;A;001002003002000;001002003002;000;ATIVOS FINANCEIROS DE CRÉDITO PRIVADO;S;;001002003000;1020000000000;4;D;1;;;;01/10/2026;
DeRE10111000000123456782026090212000000007;;;1;2;1;dere-poc/0.1;01914904;01/10/2026;;5;A;001002003002001000;001002003002001;000;TÍTULOS EMITIDOS POR INSTITUIÇÃO FINANCEIRA;S;;001002003002000;1020000000000;5;D;1;;;;01/10/2026;
DeRE10111000000123456782026090212000000007;;;1;2;1;dere-poc/0.1;01914904;01/10/2026;;5;A;001002003002001001000;001002003002001001;000;LETRA FINANCEIRA - LF;S;;001002003002001000;1020000000000;6;D;1;;;;01/10/2026;
DeRE10111000000123456782026090212000000007;;;1;2;1;dere-poc/0.1;01914904;01/10/2026;;5;A;001002003002001002000;001002003002001002;000;CERTIFICADO DE DEPÓSITO BANCÁRIO - CDB;S;;001002003002001000;1020000000000;6;D;1;;;;01/10/2026;
DeRE10111000000123456782026090212000000007;;;1;2;1;dere-poc/0.1;01914904;01/10/2026;;5;A;001002003002001003000;001002003002001003;000;DEPÓSITO A PRAZO COM GARANTIA ESPECIAL - DPGE;S;;001002003002001000;1020000000000;6;D;1;;;;01/10/2026;
DeRE10111000000123456782026090212000000007;;;1;2;1;dere-poc/0.1;01914904;01/10/2026;;5;A;001002003002001004000;001002003002001004;000;LETRA IMOBILIÁRIA GARANTIDA - LIG;S;;001002003002001000;1020000000000;6;D;1;;;;01/10/2026;
DeRE10111000000123456782026090212000000007;;;1;2;1;dere-poc/0.1;01914904;01/10/2026;;5;A;001002003002001005000;001002003002001005;000;LETRA DE CRÉDITO IMOBILIÁRIO - LCI;S;;001002003002001000;1020000000000;6;D;1;;;;01/10/2026;
DeRE10111000000123456782026090212000000007;;;1;2;1;dere-poc/0.1;01914904;01/10/2026;;5;A;001002003002001006000;001002003002001006;000;OUTROS TÍTULOS;S;;001002003002001000;1020000000000;6;D;1;;;;01/10/2026;
DeRE10111000000123456782026090212000000007;;;1;2;1;dere-poc/0.1;01914904;01/10/2026;;5;A;001002003002002000;001002003002002;000;CRÉDITO BANCÁRIO;S;;001002003002000;1020000000000;5;D;1;;;;01/10/2026;
DeRE10111000000123456782026090212000000007;;;1;2;1;dere-poc/0.1;01914904;01/10/2026;;5;A;001002003002002001000;001002003002002001;000;CÉDULA DE CRÉDITO BANCÁRIO - CCB;S;;001002003002002000;1020000000000;6;D;1;;;;01/10/2026;
DeRE10111000000123456782026090212000000007;;;1;2;1;dere-poc/0.1;01914904;01/10/2026;;5;A;001002003002002002000;001002003002002002;000;CERTIFICADO DE CÉDULA DE CRÉDITO BANCÁRIO - CCCB;S;;001002003002002000;1020000000000;6;D;1;;;;01/10/2026;
DeRE10111000000123456782026090212000000007;;;1;2;1;dere-poc/0.1;01914904;01/10/2026;;5;A;001002003002003000;001002003002003;000;CERTIFICADOS DE RECEBÍVEIS IMOBILIÁRIOS - CRI;S;;001002003002000;1020000000000;5;D;1;;;;01/10/2026;
DeRE10111000000123456782026090212000000007;;;1;2;1;dere-poc/0.1;01914904;01/10/2026;;5;A;001002003002004000;001002003002004;000;CÉDULAS DE CRÉDITO IMOBILIÁRIO - CCI;S;;001002003002000;1020000000000;5;D;1;;;;01/10/2026;
DeRE10111000000123456782026090212000000007;;;1;2;1;dere-poc/0.1;01914904;01/10/2026;;5;A;001002003002005000;001002003002005;000;TÍTULOS DO AGRONEGÓCIO;S;;001002003002000;1020000000000;5;D;1;;;;01/10/2026;
DeRE10111000000123456782026090212000000007;;;1;2;1;dere-poc/0.1;01914904;01/10/2026;;5;A;001002003002005001000;001002003002005001;000;CÉDULA DE PRODUTO RURAL - CPR;S;;001002003002005000;1020000000000;6;D;1;;;;01/10/2026;
DeRE10111000000123456782026090212000000007;;;1;2;1;dere-poc/0.1;01914904;01/10/2026;;5;A;001002003002005002000;001002003002005002;000;CERTIFICADOS DE DIREITOS CREDITÓRIOS DO AGRONEGÓCIO - CDCA;S;;001002003002005000;1020000000000;6;D;1;;;;01/10/2026;
DeRE10111000000123456782026090212000000007;;;1;2;1;dere-poc/0.1;01914904;01/10/2026;;5;A;001002003002005003000;001002003002005003;000;CERTIFICADOS DE RECEBÍVEIS DO AGRONEGÓCIO - CRA;S;;001002003002005000;1020000000000;6;D;1;;;;01/10/2026;
DeRE10111000000123456782026090212000000007;;;1;2;1;dere-poc/0.1;01914904;01/10/2026;;5;A;001002003002005004000;001002003002005004;000;WARRANT AGROPECUÁRIO - WA;S;;001002003002005000;1020000000000;6;D;1;;;;01/10/2026;
DeRE10111000000123456782026090212000000007;;;1;2;1;dere-poc/0.1;01914904;01/10/2026;;5;A;001002003002005005000;001002003002005005;000;OUTROS TÍTULOS DO AGRONEGÓCIO;S;;001002003002005000;1020000000000;6;D;1;;;;01/10/2026;
DeRE10111000000123456782026090212000000007;;;1;2;1;dere-poc/0.1;01914904;01/10/2026;;5;A;001002003002006000;001002003002006;000;DEBÊNTURES;S;;001002003002000;1020000000000;5;D;1;;;;01/10/2026;
DeRE10111000000123456782026090212000000007;;;1;2;1;dere-poc/0.1;01914904;01/10/2026;;5;A;001002003002006001000;001002003002006001;000;DEBÊNTURES DE EMPRESAS S.A. ABERTA;S;;001002003002006000;1020000000000;6;D;1;;;;01/10/2026;
DeRE10111000000123456782026090212000000007;;;1;2;1;dere-poc/0.1;01914904;01/10/2026;;5;A;001002003002006002000;001002003002006002;000;DEBÊNTURES DE EMPRESAS S.A. FECHADA (COM COOBRIGAÇÃO);S;;001002003002006000;1020000000000;6;D;1;;;;01/10/2026;
DeRE10111000000123456782026090212000000007;;;1;2;1;dere-poc/0.1;01914904;01/10/2026;;5;A;001002003002006003000;001002003002006003;000;DEBÊNTURES DE INFRAESTRUTURA LEI N.º 12.431/2011;S;;001002003002006000;1020000000000;6;D;1;;;;01/10/2026;
DeRE10111000000123456782026090212000000007;;;1;2;1;dere-poc/0.1;01914904;01/10/2026;;5;A;001002003002006004000;001002003002006004;000;DEBÊNTURES DE INFRAESTRUTURA;S;;001002003002006000;1020000000000;6;D;1;;;;01/10/2026;
DeRE10111000000123456782026090212000000007;;;1;2;1;dere-poc/0.1;01914904;01/10/2026;;5;A;001002003002006005000;001002003002006005;000;DEBÊNTURES DE INFRAESTRUTURA - LEI Nº 14.801, DE 2024;S;;001002003002006000;1020000000000;6;D;1;;;;01/10/2026;
DeRE10111000000123456782026090212000000007;;;1;2;1;dere-poc/0.1;01914904;01/10/2026;;5;A;001002003002006006000;001002003002006006;000;OUTRAS DEBÊNTURES;S;;001002003002006000;1020000000000;6;D;1;;;;01/10/2026;
DeRE10111000000123456782026090212000000007;;;1;2;1;dere-poc/0.1;01914904;01/10/2026;;5;A;001002003002007000;001002003002007;000;EMPRÉSTIMO DE TÍTULOS DE CRÉDITO PRIVADO;S;;001002003002000;1020000000000;5;D;1;;;;01/10/2026;
DeRE10111000000123456782026090212000000007;;;1;2;1;dere-poc/0.1;01914904;01/10/2026;;5;A;001002003002008000;001002003002008;000;CERTIFICADO DE OPERAÇÕES ESTRUTURADAS - COE;S;;001002003002000;1020000000000;5;D;1;;;;01/10/2026;
DeRE10111000000123456782026090212000000007;;;1;2;1;dere-poc/0.1;01914904;01/10/2026;;5;A;001002003002008001000;001002003002008001;000;CERTIFICADO DE OPERAÇÕES ESTRUTURADAS - CAPITAL PROTEGIDO;S;;001002003002008000;1020000000000;6;D;1;;;;01/10/2026;
DeRE10111000000123456782026090212000000007;;;1;2;1;dere-poc/0.1;01914904;01/10/2026;;5;A;001002003002008002000;001002003002008002;000;CERTIFICADO DE OPERAÇÕES ESTRUTURADAS - CAPITAL NÃO PROTEGIDO;S;;001002003002008000;1020000000000;6;D;1;;;;01/10/2026;
DeRE10111000000123456782026090212000000007;;;1;2;1;dere-poc/0.1;01914904;01/10/2026;;5;A;001002003002008003000;001002003002008003;000;OUTROS CERTIFICADOS DE OPERAÇÕES ESTRUTURADAS;S;;001002003002008000;1020000000000;6;D;1;;;;01/10/2026;
DeRE10111000000123456782026090212000000007;;;1;2;1;dere-poc/0.1;01914904;01/10/2026;;5;A;001002003002009000;001002003002009;000;ORGANISMOS MULTILATERAIS;S;;001002003002000;1020000000000;5;D;1;;;;01/10/2026;
DeRE10111000000123456782026090212000000007;;;1;2;1;dere-poc/0.1;01914904;01/10/2026;;5;A;001002003002010000;001002003002010;000;ATIVOS FINANCEIROS DE CRÉDITO PRIVADO DE PATROCINADOR;S;;001002003002000;1020000000000;5;D;1;;;;01/10/2026;
DeRE10111000000123456782026090212000000007;;;1;2;1;dere-poc/0.1;01914904;01/10/2026;;5;A;001002003002011000;001002003002011;000;OUTROS ATIVOS FINANCEIROS DE CRÉDITO PRIVADO;S;;001002003002000;1020000000000;5;D;1;;;;01/10/2026;
DeRE10111000000123456782026090212000000007;;;1;2;1;dere-poc/0.1;01914904;01/10/2026;;5;A;001002003002012000;001002003002012;000;(-) PROVISÃO PARA PERDAS - ATIVOS FINANCEIROS DE CRÉDITO PRIVADO;S;;001002003002000;1020000000000;5;C;1;;;;01/10/2026;
DeRE10111000000123456782026090212000000007;;;1;2;1;dere-poc/0.1;01914904;01/10/2026;;5;A;001002003002012001000;001002003002012001;000;(-) TÍTULOS EMITIDOS POR INSTITUIÇÃO FINANCEIRA;S;;001002003002012000;1020000000000;6;C;1;;;;01/10/2026;
DeRE10111000000123456782026090212000000007;;;1;2;1;dere-poc/0.1;01914904;01/10/2026;;5;A;001002003002012002000;001002003002012002;000;(-) CRÉDITO BANCÁRIO;S;;001002003002012000;1020000000000;6;C;1;;;;01/10/2026;
DeRE10111000000123456782026090212000000007;;;1;2;1;dere-poc/0.1;01914904;01/10/2026;;5;A;001002003002012003000;001002003002012003;000;(-) CERTIFICADOS DE RECEBÍVEIS IMOBILIÁRIOS - CRI;S;;001002003002012000;1020000000000;6;C;1;;;;01/10/2026;
DeRE10111000000123456782026090212000000007;;;1;2;1;dere-poc/0.1;01914904;01/10/2026;;5;A;001002003002012004000;001002003002012004;000;(-) CÉDULAS DE CRÉDITO IMOBILIÁRIO - CCI;S;;001002003002012000;1020000000000;6;C;1;;;;01/10/2026;
DeRE10111000000123456782026090212000000007;;;1;2;1;dere-poc/0.1;01914904;01/10/2026;;5;A;001002003002012005000;001002003002012005;000;(-) TÍTULOS DO AGRONEGÓCIO;S;;001002003002012000;1020000000000;6;C;1;;;;01/10/2026;
DeRE10111000000123456782026090212000000007;;;1;2;1;dere-poc/0.1;01914904;01/10/2026;;5;A;001002003002012006000;001002003002012006;000;(-) DEBÊNTURES;S;;001002003002012000;1020000000000;6;C;1;;;;01/10/2026;
DeRE10111000000123456782026090212000000007;;;1;2;1;dere-poc/0.1;01914904;01/10/2026;;5;A;001002003002012007000;001002003002012007;000;(-) EMPRÉSTIMO DE TÍTULOS DE CRÉDITO PRIVADO;S;;001002003002012000;1020000000000;6;C;1;;;;01/10/2026;
DeRE10111000000123456782026090212000000007;;;1;2;1;dere-poc/0.1;01914904;01/10/2026;;5;A;001002003002012008000;001002003002012008;000;(-) CERTIFICADO DE OPERAÇÕES ESTRUTURADAS - COE;S;;001002003002012000;1020000000000;6;C;1;;;;01/10/2026;
DeRE10111000000123456782026090212000000007;;;1;2;1;dere-poc/0.1;01914904;01/10/2026;;5;A;001002003002012009000;001002003002012009;000;(-) ORGANISMOS MULTILATERAIS;S;;001002003002012000;1020000000000;6;C;1;;;;01/10/2026;
DeRE10111000000123456782026090212000000007;;;1;2;1;dere-poc/0.1;01914904;01/10/2026;;5;A;001002003002012010000;001002003002012010;000;(-) OUTROS ATIVOS FINANCEIROS DE CRÉDITO PRIVADO;S;;001002003002012000;1020000000000;6;C;1;;;;01/10/2026;
DeRE10111000000123456782026090212000000007;;;1;2;1;dere-poc/0.1;01914904;01/10/2026;;5;A;001002003003000;001002003003;000;RENDA VARIÁVEL;S;;001002003000;1020000000000;4;D;1;;;;01/10/2026;
DeRE10111000000123456782026090212000000007;;;1;2;1;dere-poc/0.1;01914904;01/10/2026;;5;A;001002003003001000;001002003003001;000;AÇÕES;S;;001002003003000;1020000000000;5;D;1;;;;01/10/2026;
DeRE10111000000123456782026090212000000007;;;1;2;1;dere-poc/0.1;01914904;01/10/2026;;5;A;001002003003002000;001002003003002;000;BÔNUS DE SUBSCRIÇÃO EM AÇÕES;S;;001002003003000;1020000000000;5;D;1;;;;01/10/2026;
DeRE10111000000123456782026090212000000007;;;1;2;1;dere-poc/0.1;01914904;01/10/2026;;5;A;001002003003003000;001002003003003;000;RECIBOS DE SUBSCRIÇÃO EM AÇÕES;S;;001002003003000;1020000000000;5;D;1;;;;01/10/2026;
DeRE10111000000123456782026090212000000007;;;1;2;1;dere-poc/0.1;01914904;01/10/2026;;5;A;001002003003004000;001002003003004;000;CERTIFICADOS DE DEPÓSITO DE AÇÕES;S;;001002003003000;1020000000000;5;D;1;;;;01/10/2026;
DeRE10111000000123456782026090212000000007;;;1;2;1;dere-poc/0.1;01914904;01/10/2026;;5;A;001002003003005000;001002003003005;000;EMPRÉSTIMO DE AÇÕES;S;;001002003003000;1020000000000;5;D;1;;;;01/10/2026;
DeRE10111000000123456782026090212000000007;;;1;2;1;dere-poc/0.1;01914904;01/10/2026;;5;A;001002003003006000;001002003003006;000;BRAZILIAN DEPOSITARY RECEIPTS - BDR;S;;001002003003000;1020000000000;5;D;1;;;;01/10/2026;
DeRE10111000000123456782026090212000000007;;;1;2;1;dere-poc/0.1;01914904;01/10/2026;;5;A;001002003003006001000;001002003003006001;000;BRAZILIAN DEPOSITARY RECEIPTS - BDR LASTREADO EM FUNDO DE ÍNDICE (BDR DE ETF);S;;001002003003006000;1020000000000;6;D;1;;;;01/10/2026;
DeRE10111000000123456782026090212000000007;;;1;2;1;dere-poc/0.1;01914904;01/10/2026;;5;A;001002003003006002000;001002003003006002;000;BRAZILIAN DEPOSITARY RECEIPTS - BDR;S;;001002003003006000;1020000000000;6;D;1;;;;01/10/2026;
DeRE10111000000123456782026090212000000007;;;1;2;1;dere-poc/0.1;01914904;01/10/2026;;5;A;001002003003007000;001002003003007;000;CERTIFICADO REPRESENTATIVO DE OURO FÍSICO;S;;001002003003000;1020000000000;5;D;1;;;;01/10/2026;
DeRE10111000000123456782026090212000000007;;;1;2;1;dere-poc/0.1;01914904;01/10/2026;;5;A;001002003003008000;001002003003008;000;RENDA VARIÁVEL DE PATROCINADOR;S;;001002003003000;1020000000000;5;D;1;;;;01/10/2026;
DeRE10111000000123456782026090212000000007;;;1;2;1;dere-poc/0.1;01914904;01/10/2026;;5;A;001002003003009000;001002003003009;000;CRÉDITOS DE DESCARBONIZAÇÃO - CBIO;S;;001002003003000;1020000000000;5;D;1;;;;01/10/2026;
DeRE10111000000123456782026090212000000007;;;1;2;1;dere-poc/0.1;01914904;01/10/2026;;5;A;001002003003010000;001002003003010;000;CRÉDITOS DE CARBONO;S;;001002003003000;1020000000000;5;D;1;;;;01/10/2026;
DeRE10111000000123456782026090212000000007;;;1;2;1;dere-poc/0.1;01914904;01/10/2026;;5;A;001002003003011000;001002003003011;000;OUTROS RENDA VARIÁVEL;S;;001002003003000;1020000000000;5;D;1;;;;01/10/2026;
DeRE10111000000123456782026090212000000007;;;1;2;1;dere-poc/0.1;01914904;01/10/2026;;5;A;001002003003012000;001002003003012;000;(-) PROVISÃO PARA PERDAS - RENDA VARIÁVEL;S;;001002003003000;1020000000000;5;C;1;;;;01/10/2026;
DeRE10111000000123456782026090212000000007;;;1;2;1;dere-poc/0.1;01914904;01/10/2026;;5;A;001002003004000;001002003004;000;COTAS DE CLASSE DE FUNDOS DE INVESTIMENTO;S;;001002003000;1020000000000;4;D;1;;;;01/10/2026;
DeRE10111000000123456782026090212000000007;;;1;2;1;dere-poc/0.1;01914904;01/10/2026;;5;A;001002003004001000;001002003004001;000;COTAS DE CLASSE DE FUNDO DE RENDA FIXA;S;;001002003004000;1020000000000;5;D;1;;;;01/10/2026;
DeRE10111000000123456782026090212000000007;;;1;2;1;dere-poc/0.1;01914904;01/10/2026;;5;A;001002003004001001000;001002003004001001;000;FATOR MULTIMERCADO;S;;001002003004001000;1020000000000;6;D;1;;;;01/10/2026;
DeRE10111000000123456782026090212000000007;;;1;2;1;dere-poc/0.1;01914904;01/10/2026;;5;A;001002003004001001001000;001002003004001001001;000;APLICAÇÃO PLANO BD - FI PREVICEL I MM;A;"Registra as aplicações da Submassa BD em cotas do FI PREVICEL I Multimercado, fundo exclusivo classificado no segmento de renda fixa. Debitada pelas aplicações e pela valorização positiva das cotas; creditada pelos resgates e pela desvalorização das cotas, com contrapartida nas contas de rendas/variações do Fluxo dos Investimentos.";001002003004001001000;1020000000000;7;D;1;;;;01/10/2026;
DeRE10111000000123456782026090212000000007;;;1;2;1;dere-poc/0.1;01914904;01/10/2026;;5;A;001002003004001001002000;001002003004001001002;000;APLICAÇÃO PGA - CARTEIRA MM;A;"Registra as aplicações dos recursos do PGA (Plano de Gestão Administrativa) em carteira/fundo multimercado. Debitada pelas aplicações e pela valorização positiva das cotas; creditada pelos resgates para cobertura de despesas administrativas e pela desvalorização das cotas.";001002003004001001000;1020000000000;7;D;1;;;;01/10/2026;
DeRE10111000000123456782026090212000000007;;;1;2;1;dere-poc/0.1;01914904;01/10/2026;;5;A;001002003004001001003000;001002003004001001003;000;APLICAÇÃO PLANO CD - VINCI MULTIESTRATÉGIA;A;"Registra as aplicações da Submassa CD em cotas do fundo Vinci Multiestratégia. Debitada pelas aplicações e pela valorização positiva das cotas; creditada pelos resgates e pela desvalorização das cotas, com contrapartida nas contas de rendas/variações do Fluxo dos Investimentos.";001002003004001001000;1020000000000;7;V;1;;;;01/10/2026;
DeRE10111000000123456782026090212000000007;;;1;2;1;dere-poc/0.1;01914904;01/10/2026;;5;A;001002003004001002000;001002003004001002;000;APLICAÇÃO PLANO BD - FI PREVICEL I MM;A;"Registra as aplicações da Submassa BD em cotas do FI PREVICEL I Multimercado (fundo exclusivo). Debitada pelas aplicações e pela valorização das cotas; creditada pelos resgates e pela desvalorização. Conta de estrutura anterior mantida no plano; verificar duplicidade com 1.02.03.04.01.01.01.";001002003004001000;1020000000000;6;D;1;;;;01/10/2026;
DeRE10111000000123456782026090212000000007;;;1;2;1;dere-poc/0.1;01914904;01/10/2026;;5;A;001002003004001003000;001002003004001003;000;APLICAÇÃO PLANO CD - VINCI MULTIESTRATÉGIA FIM;A;"Registra a constituição e reversão das provisões matemáticas de benefícios concedidos (assistidos), conforme avaliação atuarial no Plano BD e variação do saldo de contas dos assistidos na Submassa CD. Debitada pela constituição/aumento em contrapartida a 2.03.01.01.01.xx; creditada pela reversão/redução das provisões e pelo encerramento do exercício.";001002003004001000;1020000000000;6;D;1;;;;01/10/2026;
DeRE10111000000123456782026090212000000007;;;1;2;1;dere-poc/0.1;01914904;01/10/2026;;5;A;001002003004001004000;001002003004001004;000;VINCI MULTIESTRATÉGIA FIM;A;"Registra as aplicações em cotas do fundo Vinci Multiestratégia FIM classificadas no segmento de renda fixa. Debitada pelas aplicações e pela valorização positiva das cotas; creditada pelos resgates e pela desvalorização das cotas, com contrapartida nas rendas/variações do Fluxo dos Investimentos.";001002003004001000;1020000000000;6;D;1;;;;01/10/2026;
DeRE10111000000123456782026090212000000007;;;1;2;1;dere-poc/0.1;01914904;01/10/2026;;5;A;001002003004001005000;001002003004001005;000;VINCI VALOREM FIM;A;"Registra as aplicações em cotas do fundo Vinci Valorem FIM classificadas no segmento de renda fixa. Debitada pelas aplicações e pela valorização positiva das cotas; creditada pelos resgates e pela desvalorização das cotas, com contrapartida nas rendas/variações do Fluxo dos Investimentos.";001002003004001000;1020000000000;6;D;1;;;;01/10/2026;
DeRE10111000000123456782026090212000000007;;;1;2;1;dere-poc/0.1;01914904;01/10/2026;;5;A;001002003004001006000;001002003004001006;000;VINCI INSTITUCIONAL RF;A;"Registra as aplicações em cotas do fundo Vinci Institucional Renda Fixa. Debitada pelas aplicações e pela valorização positiva das cotas; creditada pelos resgates e pela desvalorização das cotas, com contrapartida nas rendas/variações do Fluxo dos Investimentos.";001002003004001000;1020000000000;6;D;1;;;;01/10/2026;
DeRE10111000000123456782026090212000000007;;;1;2;1;dere-poc/0.1;01914904;01/10/2026;;5;A;001002003004001007000;001002003004001007;000;APLICAÇÃO PGA - CARTEIRA MM;A;"Registra as aplicações dos recursos do PGA em carteira multimercado. Debitada pelas aplicações e pela valorização das cotas; creditada pelos resgates e pela desvalorização. Conta de estrutura anterior mantida no plano; verificar duplicidade com 1.02.03.04.01.01.02.";001002003004001000;1020000000000;6;D;1;;;;01/10/2026;
DeRE10111000000123456782026090212000000007;;;1;2;1;dere-poc/0.1;01914904;01/10/2026;;5;A;001002003004002000;001002003004002;000;COTAS DE CLASSE DE FUNDO DE ÍNDICE REFERÊNCIA (ETF);S;;001002003004000;1020000000000;5;D;1;;;;01/10/2026;
DeRE10111000000123456782026090212000000007;;;1;2;1;dere-poc/0.1;01914904;01/10/2026;;5;A;001002003004002001000;001002003004002001;000;COTAS DE CLASSE DE FUNDO DE ÍNDICE REFERÊNCIA RENDA FIXA (ETF) TÍTULO PÚBLICO;S;;001002003004002000;1020000000000;6;D;1;;;;01/10/2026;
DeRE10111000000123456782026090212000000007;;;1;2;1;dere-poc/0.1;01914904;01/10/2026;;5;A;001002003004002002000;001002003004002002;000;COTAS DE CLASSE DE FUNDO DE ÍNDICE REFERÊNCIA RENDA FIXA (ETF) CRÉDITO PRIVADO;S;;001002003004002000;1020000000000;6;D;1;;;;01/10/2026;
DeRE10111000000123456782026090212000000007;;;1;2;1;dere-poc/0.1;01914904;01/10/2026;;5;A;001002003004002003000;001002003004002003;000;COTAS DE CLASSE DE FUNDO DE ÍNDICE REFERENCIADO EM AÇÕES (ETF) - SEGMENTO ESPECIAL;S;;001002003004002000;1020000000000;6;D;1;;;;01/10/2026;
DeRE10111000000123456782026090212000000007;;;1;2;1;dere-poc/0.1;01914904;01/10/2026;;5;A;001002003004002004000;001002003004002004;000;COTAS DE CLASSE DE FUNDO DE ÍNDICE REFERENCIADO EM AÇÕES (ETF);S;;001002003004002000;1020000000000;6;D;1;;;;01/10/2026;
DeRE10111000000123456782026090212000000007;;;1;2;1;dere-poc/0.1;01914904;01/10/2026;;5;A;001002003004002005000;001002003004002005;000;COTAS DE CLASSE DE FUNDOS DE INVESTIMENTO EM ÍNDICE NO EXTERIOR NEGOCIADO NO BRASIL (ETF - INTERNACI;S;;001002003004002000;1020000000000;6;D;1;;;;01/10/2026;
DeRE10111000000123456782026090212000000007;;;1;2;1;dere-poc/0.1;01914904;01/10/2026;;5;A;001002003004003000;001002003004003;000;COTAS DE CLASSE DE FUNDO DE INVESTIMENTO EM DIREITO CREDITÓRIO - FIDC;S;;001002003004000;1020000000000;5;D;1;;;;01/10/2026;
DeRE10111000000123456782026090212000000007;;;1;2;1;dere-poc/0.1;01914904;01/10/2026;;5;A;001002003004003001000;001002003004003001;000;COTAS DE CLASSE FIDC - PADRONIZADO;S;;001002003004003000;1020000000000;6;D;1;;;;01/10/2026;
DeRE10111000000123456782026090212000000007;;;1;2;1;dere-poc/0.1;01914904;01/10/2026;;5;A;001002003004003001001000;001002003004003001001;000;COTAS DE CLASSES DE FIDC - PADRONIZADO - SUBCLASSE COTA SENIOR;S;;001002003004003001000;1020000000000;7;D;1;;;;01/10/2026;
DeRE10111000000123456782026090212000000007;;;1;2;1;dere-poc/0.1;01914904;01/10/2026;;5;A;001002003004003001002000;001002003004003001002;000;COTAS DE CLASSES DE FIDC - PADRONIZADO - SUBCLASSE SUBORDINADA;S;;001002003004003001000;1020000000000;7;D;1;;;;01/10/2026;
DeRE10111000000123456782026090212000000007;;;1;2;1;dere-poc/0.1;01914904;01/10/2026;;5;A;001002003004003001003000;001002003004003001003;000;COTAS DE CLASSES DE FIDC - PADRONIZADO - SUBCLASSE SUBORDINADA MEZANINO;S;;001002003004003001000;1020000000000;7;D;1;;;;01/10/2026;
DeRE10111000000123456782026090212000000007;;;1;2;1;dere-poc/0.1;01914904;01/10/2026;;5;A;001002003004003002000;001002003004003002;000;COTAS DE CLASSE DE FIDC - NÃO PADRONIZADO;S;;001002003004003000;1020000000000;6;D;1;;;;01/10/2026;
DeRE10111000000123456782026090212000000007;;;1;2;1;dere-poc/0.1;01914904;01/10/2026;;5;A;001002003004003002001000;001002003004003002001;000;COTAS DE CLASSES DE FIDC - NÃO PADRONIZADO - SUBCLASSE COTA SENIOR;S;;001002003004003002000;1020000000000;7;D;1;;;;01/10/2026;
DeRE10111000000123456782026090212000000007;;;1;2;1;dere-poc/0.1;01914904;01/10/2026;;5;A;001002003004003002002000;001002003004003002002;000;COTAS DE CLASSES DE FIDC - NÃO PADRONIZADO - SUBCLASSE SUBORDINADA;S;;001002003004003002000;1020000000000;7;D;1;;;;01/10/2026;
DeRE10111000000123456782026090212000000007;;;1;2;1;dere-poc/0.1;01914904;01/10/2026;;5;A;001002003004003002003000;001002003004003002003;000;COTAS DE CLASSES DE FIDC - NÃO PADRONIZADO - SUBCLASSE SUBORDINADA MEZANINO;S;;001002003004003002000;1020000000000;7;D;1;;;;01/10/2026;
DeRE10111000000123456782026090212000000007;;;1;2;1;dere-poc/0.1;01914904;01/10/2026;;5;A;001002003004003003000;001002003004003003;000;OUTRAS COTAS DE CLASSES DE FIDC;S;;001002003004003000;1020000000000;6;D;1;;;;01/10/2026;
DeRE10111000000123456782026090212000000007;;;1;2;1;dere-poc/0.1;01914904;01/10/2026;;5;A;001002003004004000;001002003004004;000;COTAS DE CLASSES DE FUNDO DE AÇÕES;S;;001002003004000;1020000000000;5;D;1;;;;01/10/2026;
DeRE10111000000123456782026090212000000007;;;1;2;1;dere-poc/0.1;01914904;01/10/2026;;5;A;001002003004004001000;001002003004004001;000;VINCI SELECTION EQUITIES FIA;A;"Registra as aplicações do plano em cotas do Vinci Selection Equities FIA, fundo de investimento em ações. Debitada pelas aplicações e pela valorização positiva das cotas; creditada pelos resgates e pela desvalorização das cotas, com contrapartida nas rendas/variações do Fluxo dos Investimentos (renda variável/fundos).";001002003004004000;1020000000000;6;D;1;;;;01/10/2026;
DeRE10111000000123456782026090212000000007;;;1;2;1;dere-poc/0.1;01914904;01/10/2026;;5;A;001002003004005000;001002003004005;000;COTAS DE CLASSES DE FUNDO DE INVESTIMENTO EM PARTICIPAÇÕES - FIP;S;;001002003004000;1020000000000;5;D;1;;;;01/10/2026;
DeRE10111000000123456782026090212000000007;;;1;2;1;dere-poc/0.1;01914904;01/10/2026;;5;A;001002003004005001000;001002003004005001;000;CAPITAL SEMENTE;S;;001002003004005000;1020000000000;6;D;1;;;;01/10/2026;
DeRE10111000000123456782026090212000000007;;;1;2;1;dere-poc/0.1;01914904;01/10/2026;;5;A;001002003004005002000;001002003004005002;000;EMPRESAS EMERGENTES;S;;001002003004005000;1020000000000;6;D;1;;;;01/10/2026;
DeRE10111000000123456782026090212000000007;;;1;2;1;dere-poc/0.1;01914904;01/10/2026;;5;A;001002003004005003000;001002003004005003;000;INFRAESTRUTURA (FIP-IE);S;;001002003004005000;1020000000000;6;D;1;;;;01/10/2026;
DeRE10111000000123456782026090212000000007;;;1;2;1;dere-poc/0.1;01914904;01/10/2026;;5;A;001002003004005004000;001002003004005004;000;PRODUÇÃO ECONÔMICA INTENSIVA EM PESQUISA, DESENVOLVIMENTO E INOVAÇÃO (FIP-PD&I);S;;001002003004005000;1020000000000;6;D;1;;;;01/10/2026;
DeRE10111000000123456782026090212000000007;;;1;2;1;dere-poc/0.1;01914904;01/10/2026;;5;A;001002003004005005000;001002003004005005;000;MULTIESTRATÉGIA;S;;001002003004005000;1020000000000;6;D;1;;;;01/10/2026;
DeRE10111000000123456782026090212000000007;;;1;2;1;dere-poc/0.1;01914904;01/10/2026;;5;A;001002003004005006000;001002003004005006;000;OUTROS FIP;S;;001002003004005000;1020000000000;6;D;1;;;;01/10/2026;
DeRE10111000000123456782026090212000000007;;;1;2;1;dere-poc/0.1;01914904;01/10/2026;;5;A;001002003004006000;001002003004006;000;COTAS DE CLASSES DE FUNDO MULTIMERCADO - FIM;S;;001002003004000;1020000000000;5;D;1;;;;01/10/2026;
DeRE10111000000123456782026090212000000007;;;1;2;1;dere-poc/0.1;01914904;01/10/2026;;5;A;001002003004007000;001002003004007;000;COTAS DE CLASSES DE FUNDO MULTIMERCADO ESTRUTURADO;S;;001002003004000;1020000000000;5;D;1;;;;01/10/2026;
DeRE10111000000123456782026090212000000007;;;1;2;1;dere-poc/0.1;01914904;01/10/2026;;5;A;001002003004007001000;001002003004007001;000;VINCI MULTIESTRATÉGIA FIM;A;"Registra as aplicações do plano em cotas do Vinci Multiestratégia FIM, classificado como fundo multimercado estruturado. Debitada pelas aplicações e pela valorização positiva das cotas; creditada pelos resgates e pela desvalorização das cotas, com contrapartida nas rendas/variações do Fluxo dos Investimentos.";001002003004007000;1020000000000;6;D;1;;;;01/10/2026;
DeRE10111000000123456782026090212000000007;;;1;2;1;dere-poc/0.1;01914904;01/10/2026;;5;A;001002003004007002000;001002003004007002;000;VINCI VALOREM FIM;A;"Registra as aplicações do plano em cotas do Vinci Valorem FIM, classificado como fundo multimercado estruturado. Debitada pelas aplicações e pela valorização positiva das cotas; creditada pelos resgates e pela desvalorização das cotas, com contrapartida nas rendas/variações do Fluxo dos Investimentos.";001002003004007000;1020000000000;6;D;1;;;;01/10/2026;
DeRE10111000000123456782026090212000000007;;;1;2;1;dere-poc/0.1;01914904;01/10/2026;;5;A;001002003004007003000;001002003004007003;000;VINCI RETORNO REAL FIM;A;"Registra as aplicações do plano em cotas do Vinci Retorno Real FIM, classificado como fundo multimercado estruturado. Debitada pelas aplicações e pela valorização positiva das cotas; creditada pelos resgates e pela desvalorização das cotas, com contrapartida nas rendas/variações do Fluxo dos Investimentos.";001002003004007000;1020000000000;6;D;1;;;;01/10/2026;
DeRE10111000000123456782026090212000000007;;;1;2;1;dere-poc/0.1;01914904;01/10/2026;;5;A;001002003004007004000;001002003004007004;000;VINCI INTER FICFIM;A;"Registra as aplicações do plano em cotas do Vinci Inter FIC FIM, classificado como fundo multimercado estruturado. Debitada pelas aplicações e pela valorização positiva das cotas; creditada pelos resgates e pela desvalorização das cotas, com contrapartida nas rendas/variações do Fluxo dos Investimentos.";001002003004007000;1020000000000;6;D;1;;;;01/10/2026;
DeRE10111000000123456782026090212000000007;;;1;2;1;dere-poc/0.1;01914904;01/10/2026;;5;A;001002003004008000;001002003004008;000;COTAS DE CLASSES DE FUNDOS DE INVESTIMENTO AÇÕES EM MERCADO DE ACESSO - FAMA;S;;001002003004000;1020000000000;5;D;1;;;;01/10/2026;
DeRE10111000000123456782026090212000000007;;;1;2;1;dere-poc/0.1;01914904;01/10/2026;;5;A;001002003004009000;001002003004009;000;COTAS DE CLASSES DE FUNDO DE INVESTIMENTO IMOBILIÁRIO - FII;S;;001002003004000;1020000000000;5;D;1;;;;01/10/2026;
DeRE10111000000123456782026090212000000007;;;1;2;1;dere-poc/0.1;01914904;01/10/2026;;5;A;001002003004010000;001002003004010;000;COTAS DE CLASSES DE FUNDO DE INVESTIMENTO NO EXTERIOR;S;;001002003004000;1020000000000;5;D;1;;;;01/10/2026;
DeRE10111000000123456782026090212000000007;;;1;2;1;dere-poc/0.1;01914904;01/10/2026;;5;A;001002003004010001000;001002003004010001;000;COTAS DE CLASSES DE FUNDOS DE INVESTIMENTO RENDA FIXA - DÍVIDA EXTERNA;S;;001002003004010000;1020000000000;6;D;1;;;;01/10/2026;
DeRE10111000000123456782026090212000000007;;;1;2;1;dere-poc/0.1;01914904;01/10/2026;;5;A;001002003004010002000;001002003004010002;000;COTAS DE CLASSES DE FUNDO DE INVESTIMENTO - INVESTIDORES QUALFICADOS - EXTERIOR > 40%;S;;001002003004010000;1020000000000;6;D;1;;;;01/10/2026;
DeRE10111000000123456782026090212000000007;;;1;2;1;dere-poc/0.1;01914904;01/10/2026;;5;A;001002003004010002001000;001002003004010002001;000;COTAS DE CLASSES DE FUNDO DE INVESTIMENTO - INVESTIDORES QUALFICADOS - EXTERIOR > 40% - EXCLUSIVA;S;;001002003004010002000;1020000000000;7;D;1;;;;01/10/2026;
DeRE10111000000123456782026090212000000007;;;1;2;1;dere-poc/0.1;01914904;01/10/2026;;5;A;001002003004010002001001000;001002003004010002001001;000;FUNDO DE INVESTIMENTO - SUFIXO INVESTIMENTO NO EXTERIOR - EO;A;"Registra as aplicações do plano em cotas de fundo de investimento exclusivo para investidores qualificados com sufixo 'Investimento no Exterior' (alocação superior a 40% no exterior). Debitada pelas aplicações e pela valorização das cotas; creditada pelos resgates e pela desvalorização, com contrapartida em 5.01.04.11.03.01.01 / 5.02.04.11.03.01.01.";001002003004010002001000;1020000000000;8;D;1;;;;01/10/2026;
DeRE10111000000123456782026090212000000007;;;1;2;1;dere-poc/0.1;01914904;01/10/2026;;5;A;001002003004010002002000;001002003004010002002;000;COTAS DE CLASSES DE FUNDO DE INVESTIMENTO - INVESTIDORES QUALFICADOS - EXTERIOR > 40% – NÃO EXCLUSIV;S;;001002003004010002000;1020000000000;7;D;1;;;;01/10/2026;
DeRE10111000000123456782026090212000000007;;;1;2;1;dere-poc/0.1;01914904;01/10/2026;;5;A;001002003004010002002001000;001002003004010002002001;000;VINCI INTER FICFIM;A;"Registra as aplicações do plano em cotas do Vinci Inter FIC FIM, fundo não exclusivo para investidores qualificados com sufixo 'Investimento no Exterior' (alocação superior a 40% no exterior). Debitada pelas aplicações e pela valorização das cotas; creditada pelos resgates e pela desvalorização, com contrapartida nas rendas/variações do Fluxo dos Investimentos.";001002003004010002002000;1020000000000;8;D;1;;;;01/10/2026;
DeRE10111000000123456782026090212000000007;;;1;2;1;dere-poc/0.1;01914904;01/10/2026;;5;A;001002003004010003000;001002003004010003;000;COTAS DE CLASSES DE INVESTIMENTOS - PÚBLICO GERAL - EXTERIOR > 20%;S;;001002003004010000;1020000000000;6;D;1;;;;01/10/2026;
DeRE10111000000123456782026090212000000007;;;1;2;1;dere-poc/0.1;01914904;01/10/2026;;5;A;001002003004011000;001002003004011;000;EMPRÉSTIMOS DE COTAS DE FUNDOS;S;;001002003004000;1020000000000;5;D;1;;;;01/10/2026;
DeRE10111000000123456782026090212000000007;;;1;2;1;dere-poc/0.1;01914904;01/10/2026;;5;A;001002003004012000;001002003004012;000;COTAS DE CLASSES DE FUNDO DE INVESTIMENTO DO AGRONEGÓCIO - FIAGRO;S;;001002003004000;1020000000000;5;D;1;;;;01/10/2026;
DeRE10111000000123456782026090212000000007;;;1;2;1;dere-poc/0.1;01914904;01/10/2026;;5;A;001002003004012001000;001002003004012001;000;COTAS DE CLASSES DE FIAGRO - DIREITOS CREDITÓRIOS;S;;001002003004012000;1020000000000;6;D;1;;;;01/10/2026;
DeRE10111000000123456782026090212000000007;;;1;2;1;dere-poc/0.1;01914904;01/10/2026;;5;A;001002003004012002000;001002003004012002;000;COTAS DE CLASSES DE FIAGRO - MOBILIÁRIOS;S;;001002003004012000;1020000000000;6;D;1;;;;01/10/2026;
DeRE10111000000123456782026090212000000007;;;1;2;1;dere-poc/0.1;01914904;01/10/2026;;5;A;001002003004012003000;001002003004012003;000;COTAS DE CLASSES DE FIAGRO - PARTICIPAÇÕES;S;;001002003004012000;1020000000000;6;D;1;;;;01/10/2026;
DeRE10111000000123456782026090212000000007;;;1;2;1;dere-poc/0.1;01914904;01/10/2026;;5;A;001002003004012004000;001002003004012004;000;COTAS DE CLASSES FIAGRO - FINANCEIRO;S;;001002003004012000;1020000000000;6;D;1;;;;01/10/2026;
DeRE10111000000123456782026090212000000007;;;1;2;1;dere-poc/0.1;01914904;01/10/2026;;5;A;001002003004012005000;001002003004012005;000;COTAS DE CLASSES FIAGRO - NÃO CONCENTRADO;S;;001002003004012000;1020000000000;6;D;1;;;;01/10/2026;
DeRE10111000000123456782026090212000000007;;;1;2;1;dere-poc/0.1;01914904;01/10/2026;;5;A;001002003004012006000;001002003004012006;000;COTAS DE CLASSES FIAGRO - MULTI-CONCENTRADO;S;;001002003004012000;1020000000000;6;D;1;;;;01/10/2026;
DeRE10111000000123456782026090212000000007;;;1;2;1;dere-poc/0.1;01914904;01/10/2026;;5;A;001002003004013000;001002003004013;000;OUTRAS COTAS DE CLASSES DE FUNDOS DE INVESTIMENTO;S;;001002003004000;1020000000000;5;D;1;;;;01/10/2026;
DeRE10111000000123456782026090212000000007;;;1;2;1;dere-poc/0.1;01914904;01/10/2026;;5;A;001002003004014000;001002003004014;000;(-) PROVISÃO PARA PERDAS - COTAS DE CLASSES DE FUNDOS DE INVESTIMENTO;S;;001002003004000;1020000000000;5;C;1;;;;01/10/2026;
DeRE10111000000123456782026090212000000007;;;1;2;1;dere-poc/0.1;01914904;01/10/2026;;5;A;001002003005000;001002003005;000;DERIVATIVOS;S;;001002003000;1020000000000;4;D;1;;;;01/10/2026;
DeRE10111000000123456782026090212000000007;;;1;2;1;dere-poc/0.1;01914904;01/10/2026;;5;A;001002003005001000;001002003005001;000;SWAP;S;;001002003005000;1020000000000;5;D;1;;;;01/10/2026;
DeRE10111000000123456782026090212000000007;;;1;2;1;dere-poc/0.1;01914904;01/10/2026;;5;A;001002003005002000;001002003005002;000;A TERMO;S;;001002003005000;1020000000000;5;D;1;;;;01/10/2026;
DeRE10111000000123456782026090212000000007;;;1;2;1;dere-poc/0.1;01914904;01/10/2026;;5;A;001002003005003000;001002003005003;000;MERCADOS FUTUROS;S;;001002003005000;1020000000000;5;D;1;;;;01/10/2026;
DeRE10111000000123456782026090212000000007;;;1;2;1;dere-poc/0.1;01914904;01/10/2026;;5;A;001002003005004000;001002003005004;000;OPÇÕES - AÇÕES;S;;001002003005000;1020000000000;5;D;1;;;;01/10/2026;
DeRE10111000000123456782026090212000000007;;;1;2;1;dere-poc/0.1;01914904;01/10/2026;;5;A;001002003005004001000;001002003005004001;000;OPÇÕES DE AÇÃO DE COMPRA - TITULAR;S;;001002003005004000;1020000000000;6;D;1;;;;01/10/2026;
DeRE10111000000123456782026090212000000007;;;1;2;1;dere-poc/0.1;01914904;01/10/2026;;5;A;001002003005004002000;001002003005004002;000;OPÇÕES DE AÇÃO DE VENDA - TITULAR;S;;001002003005004000;1020000000000;6;D;1;;;;01/10/2026;
DeRE10111000000123456782026090212000000007;;;1;2;1;dere-poc/0.1;01914904;01/10/2026;;5;A;001002003005005000;001002003005005;000;OPÇÕES - ATIVOS FINANCEIROS E MERCADORIAS;S;;001002003005000;1020000000000;5;D;1;;;;01/10/2026;
DeRE10111000000123456782026090212000000007;;;1;2;1;dere-poc/0.1;01914904;01/10/2026;;5;A;001002003005006000;001002003005006;000;OPERAÇÕES ESTRUTURADAS;S;;001002003005000;1020000000000;5;D;1;;;;01/10/2026;
DeRE10111000000123456782026090212000000007;;;1;2;1;dere-poc/0.1;01914904;01/10/2026;;5;A;001002003005007000;001002003005007;000;OUTROS DERIVATIVOS;S;;001002003005000;1020000000000;5;D;1;;;;01/10/2026;
DeRE10111000000123456782026090212000000007;;;1;2;1;dere-poc/0.1;01914904;01/10/2026;;5;A;001002003005008000;001002003005008;000;(-) PROVISÃO PARA PERDAS - DERIVATIVOS;S;;001002003005000;1020000000000;5;C;1;;;;01/10/2026;
DeRE10111000000123456782026090212000000007;;;1;2;1;dere-poc/0.1;01914904;01/10/2026;;5;A;001002003006000;001002003006;000;INVESTIMENTOS NO EXTERIOR;S;;001002003000;1020000000000;4;D;1;;;;01/10/2026;
DeRE10111000000123456782026090212000000007;;;1;2;1;dere-poc/0.1;01914904;01/10/2026;;5;A;001002003006001000;001002003006001;000;TÍTULOS DA DÍVIDA PÚBLICA MOBILIÁRIA FEDERAL EXTERNA;S;;001002003006000;1020000000000;5;D;1;;;;01/10/2026;
DeRE10111000000123456782026090212000000007;;;1;2;1;dere-poc/0.1;01914904;01/10/2026;;5;A;001002003006002000;001002003006002;000;OUTROS INVESTIMENTOS NO EXTERIOR;S;;001002003006000;1020000000000;5;D;1;;;;01/10/2026;
DeRE10111000000123456782026090212000000007;;;1;2;1;dere-poc/0.1;01914904;01/10/2026;;5;A;001002003006003000;001002003006003;000;(-) PROVISÃO PARA PERDAS - INVESTIMENTOS NO EXTERIOR;S;;001002003006000;1020000000000;5;C;1;;;;01/10/2026;
DeRE10111000000123456782026090212000000007;;;1;2;1;dere-poc/0.1;01914904;01/10/2026;;5;A;001002003007000;001002003007;000;INVESTIMENTOS EM IMÓVEIS;S;;001002003000;1020000000000;4;D;1;;;;01/10/2026;
DeRE10111000000123456782026090212000000007;;;1;2;1;dere-poc/0.1;01914904;01/10/2026;;5;A;001002003007001000;001002003007001;000;TERRENOS;S;;001002003007000;1020000000000;5;D;1;;;;01/10/2026;
DeRE10111000000123456782026090212000000007;;;1;2;1;dere-poc/0.1;01914904;01/10/2026;;5;A;001002003007002000;001002003007002;000;IMÓVEIS EM CONSTRUÇÃO;S;;001002003007000;1020000000000;5;D;1;;;;01/10/2026;
DeRE10111000000123456782026090212000000007;;;1;2;1;dere-poc/0.1;01914904;01/10/2026;;5;A;001002003007003000;001002003007003;000;DESENVOLVIMENTO;S;;001002003007000;1020000000000;5;D;1;;;;01/10/2026;
DeRE10111000000123456782026090212000000007;;;1;2;1;dere-poc/0.1;01914904;01/10/2026;;5;A;001002003007004000;001002003007004;000;ALUGUÉIS E RENDA;S;;001002003007000;1020000000000;5;D;1;;;;01/10/2026;
DeRE10111000000123456782026090212000000007;;;1;2;1;dere-poc/0.1;01914904;01/10/2026;;5;A;001002003007004001000;001002003007004001;000;USO PRÓPRIO;S;;001002003007004000;1020000000000;6;D;1;;;;01/10/2026;
DeRE10111000000123456782026090212000000007;;;1;2;1;dere-poc/0.1;01914904;01/10/2026;;5;A;001002003007004002000;001002003007004002;000;LOCADOS A PATROCINADOR(ES);S;;001002003007004000;1020000000000;6;D;1;;;;01/10/2026;
DeRE10111000000123456782026090212000000007;;;1;2;1;dere-poc/0.1;01914904;01/10/2026;;5;A;001002003007004003000;001002003007004003;000;LOCADOS A TERCEIROS;S;;001002003007004000;1020000000000;6;D;1;;;;01/10/2026;
DeRE10111000000123456782026090212000000007;;;1;2;1;dere-poc/0.1;01914904;01/10/2026;;5;A;001002003007004004000;001002003007004004;000;RENDAS DE PARTICIPAÇÕES;S;;001002003007004000;1020000000000;6;D;1;;;;01/10/2026;
DeRE10111000000123456782026090212000000007;;;1;2;1;dere-poc/0.1;01914904;01/10/2026;;5;A;001002003007005000;001002003007005;000;DIREITOS EM ALIENAÇÕES DE IMÓVEIS E TERRENOS;S;;001002003007000;1020000000000;5;D;1;;;;01/10/2026;
DeRE10111000000123456782026090212000000007;;;1;2;1;dere-poc/0.1;01914904;01/10/2026;;5;A;001002003007006000;001002003007006;000;OUTROS INVESTIMENTOS EM IMÓVEIS;S;;001002003007000;1020000000000;5;D;1;;;;01/10/2026;
DeRE10111000000123456782026090212000000007;;;1;2;1;dere-poc/0.1;01914904;01/10/2026;;5;A;001002003007007000;001002003007007;000;(-) PROVISÃO PARA PERDAS - INVESTIMENTOS EM IMÓVEIS;S;;001002003007000;1020000000000;5;C;1;;;;01/10/2026;
DeRE10111000000123456782026090212000000007;;;1;2;1;dere-poc/0.1;01914904;01/10/2026;;5;A;001002003008000;001002003008;000;OPERAÇÕES COM PARTICIPANTES;S;;001002003000;1020000000000;4;D;1;;;;01/10/2026;
DeRE10111000000123456782026090212000000007;;;1;2;1;dere-poc/0.1;01914904;01/10/2026;;5;A;001002003008001000;001002003008001;000;EMPRÉSTIMOS A PARTICIPANTES;S;;001002003008000;1020000000000;5;D;1;;;;01/10/2026;
DeRE10111000000123456782026090212000000007;;;1;2;1;dere-poc/0.1;01914904;01/10/2026;;5;A;001002003008001001000;001002003008001001;000;EMPRÉSTIMOS;S;;001002003008001000;1020000000000;6;D;1;;;;01/10/2026;
DeRE10111000000123456782026090212000000007;;;1;2;1;dere-poc/0.1;01914904;01/10/2026;;5;A;001002003008001001001000;001002003008001001001;000;EMPRÉSTIMOS;A;"Registra o saldo devedor dos empréstimos concedidos aos participantes e assistidos com recursos do plano (carteira de empréstimos). Debitada pela liberação dos contratos e pela apropriação de juros e atualização monetária das parcelas; creditada pelo recebimento das prestações (desconto em folha ou boleto), pelas liquidações antecipadas e pela baixa de contratos.";001002003008001001000;1020000000000;7;V;1;;;;01/10/2026;
DeRE10111000000123456782026090212000000007;;;1;2;1;dere-poc/0.1;01914904;01/10/2026;;5;A;001002003008001002000;001002003008001002;000;(-) PROVISÃO PARA PERDAS - EMPRÉSTIMOS A PARTICIPANTES;S;;001002003008001000;1020000000000;6;C;1;;;;01/10/2026;
DeRE10111000000123456782026090212000000007;;;1;2;1;dere-poc/0.1;01914904;01/10/2026;;5;A;001002003008001002001000;001002003008001002001;000;(-) PERDAS ESTIMADAS - EMPRÉSTIMOS A PARTICIPANTES;A;"Registra, de forma retificadora, as perdas estimadas na carteira de empréstimos a participantes (provisão para créditos de liquidação duvidosa), calculadas com base na inadimplência das parcelas conforme normas da Previc. Creditada pela constituição/complemento da provisão em contrapartida a 5.02.08.01.03.00.00; debitada pela reversão ou pela baixa efetiva dos contratos inadimplentes.";001002003008001002000;1020000000000;7;V;1;;;;01/10/2026;
DeRE10111000000123456782026090212000000007;;;1;2;1;dere-poc/0.1;01914904;01/10/2026;;5;A;001002003008002000;001002003008002;000;FINANCIAMENTOS IMOBILIÁRIOS;S;;001002003008000;1020000000000;5;D;1;;;;01/10/2026;
DeRE10111000000123456782026090212000000007;;;1;2;1;dere-poc/0.1;01914904;01/10/2026;;5;A;001002003008002001000;001002003008002001;000;FINANCIAMENTOS;S;;001002003008002000;1020000000000;6;D;1;;;;01/10/2026;
DeRE10111000000123456782026090212000000007;;;1;2;1;dere-poc/0.1;01914904;01/10/2026;;5;A;001002003008002002000;001002003008002002;000;(-) PROVISÃO PARA PERDAS - FINANCIAMENTOS IMOBILIÁRIOS;S;;001002003008002000;1020000000000;6;C;1;;;;01/10/2026;
DeRE10111000000123456782026090212000000007;;;1;2;1;dere-poc/0.1;01914904;01/10/2026;;5;A;001002003009000;001002003009;000;DEPÓSITOS JUDICIAIS/RECURSAIS;S;;001002003000;1020000000000;4;D;1;;;;01/10/2026;
DeRE10111000000123456782026090212000000007;;;1;2;1;dere-poc/0.1;01914904;01/10/2026;;5;A;001002003010000;001002003010;000;RECURSOS A RECEBER - PRECATÓRIOS;S;;001002003000;1020000000000;4;D;1;;;;01/10/2026;
DeRE10111000000123456782026090212000000007;;;1;2;1;dere-poc/0.1;01914904;01/10/2026;;5;A;001002003011000;001002003011;000;OUTROS REALIZÁVEIS - INVESTIMENTOS;S;;001002003000;1020000000000;4;D;1;;;;01/10/2026;
DeRE10111000000123456782026090212000000007;;;1;2;1;dere-poc/0.1;01914904;01/10/2026;;5;A;001002003011001000;001002003011001;000;OUTROS REALIZÁVEIS;S;;001002003011000;1020000000000;5;D;1;;;;01/10/2026;
DeRE10111000000123456782026090212000000007;;;1;2;1;dere-poc/0.1;01914904;01/10/2026;;5;A;001002003011002000;001002003011002;000;(-) PROVISÃO PARA PERDAS - OUTROS RELIZÁVEIS;S;;001002003011000;1020000000000;5;C;1;;;;01/10/2026;
DeRE10111000000123456782026090212000000007;;;1;2;1;dere-poc/0.1;01914904;01/10/2026;;5;A;001003000;001003;000;IMOBILIZADO E INTANGÍVEL;S;;001000;1030000000000;2;D;1;;;;01/10/2026;
DeRE10111000000123456782026090212000000007;;;1;2;1;dere-poc/0.1;01914904;01/10/2026;;5;A;001003001000;001003001;000;IMOBILIZADO;S;;001003000;1030000000000;3;D;1;;;;01/10/2026;
DeRE10111000000123456782026090212000000007;;;1;2;1;dere-poc/0.1;01914904;01/10/2026;;5;A;001003001001000;001003001001;000;OPERACIONAL CORPÓREO;S;;001003001000;1030000000000;4;D;1;;;;01/10/2026;
DeRE10111000000123456782026090212000000007;;;1;2;1;dere-poc/0.1;01914904;01/10/2026;;5;A;001003001001001000;001003001001001;000;BENS MÓVEIS;S;;001003001001000;1030000000000;5;D;1;;;;01/10/2026;
DeRE10111000000123456782026090212000000007;;;1;2;1;dere-poc/0.1;01914904;01/10/2026;;5;A;001003001001001001000;001003001001001001;000;COMPUTADORES;S;;001003001001001000;1030000000000;6;D;1;;;;01/10/2026;
DeRE10111000000123456782026090212000000007;;;1;2;1;dere-poc/0.1;01914904;01/10/2026;;5;A;001003001001001001001000;001003001001001001001;000;COMPUTADORES - CUSTO;A;"Registra o custo de aquisição de computadores (desktops, notebooks, servidores) destinados ao funcionamento administrativo da EFPC, no Imobilizado da Gestão Administrativa. Debitada pela aquisição pelo valor de compra acrescido dos gastos necessários ao uso; creditada pela baixa por venda, obsolescência, sinistro ou doação.";001003001001001001000;1030000000000;7;D;1;;;;01/10/2026;
DeRE10111000000123456782026090212000000007;;;1;2;1;dere-poc/0.1;01914904;01/10/2026;;5;A;001003001001001001002000;001003001001001001002;000;DEPRECIAÇÃO ACUMULADA (-);A;"Registra, de forma retificadora, a depreciação acumulada dos computadores, calculada pelo método linear conforme vida útil estimada. Creditada pela apropriação mensal da depreciação em contrapartida a 4.02.01.06.01.01.00; debitada pela baixa da depreciação acumulada quando da alienação ou baixa do bem.";001003001001001001000;1030000000000;7;C;1;;;;01/10/2026;
DeRE10111000000123456782026090212000000007;;;1;2;1;dere-poc/0.1;01914904;01/10/2026;;5;A;001003001001001002000;001003001001001002;000;PERIFÉRICOS;S;;001003001001001000;1030000000000;6;D;1;;;;01/10/2026;
DeRE10111000000123456782026090212000000007;;;1;2;1;dere-poc/0.1;01914904;01/10/2026;;5;A;001003001001001002001000;001003001001001002001;000;PERIFÉRICOS - CUSTO;A;"Registra o custo de aquisição de periféricos de informática (monitores, impressoras, equipamentos de rede e similares) destinados ao funcionamento administrativo da EFPC. Debitada pela aquisição pelo valor de compra acrescido dos gastos necessários ao uso; creditada pela baixa por venda, obsolescência, sinistro ou doação.";001003001001001002000;1030000000000;7;D;1;;;;01/10/2026;
DeRE10111000000123456782026090212000000007;;;1;2;1;dere-poc/0.1;01914904;01/10/2026;;5;A;001003001001001002002000;001003001001001002002;000;DEPRECIAÇÃO ACUMULADA (-);A;"Registra, de forma retificadora, a depreciação acumulada dos periféricos de informática, calculada pelo método linear conforme vida útil estimada. Creditada pela apropriação mensal da depreciação em contrapartida a 4.02.01.06.01.01.00; debitada pela baixa da depreciação acumulada quando da alienação ou baixa do bem.";001003001001001002000;1030000000000;7;C;1;;;;01/10/2026;
DeRE10111000000123456782026090212000000007;;;1;2;1;dere-poc/0.1;01914904;01/10/2026;;5;A;001003001001001003000;001003001001001003;000;MÓVEIS E UTENSÍLIOS;S;;001003001001001000;1030000000000;6;D;1;;;;01/10/2026;
DeRE10111000000123456782026090212000000007;;;1;2;1;dere-poc/0.1;01914904;01/10/2026;;5;A;001003001001001003001000;001003001001001003001;000;MÓVEIS E UTENSÍLIOS - CUSTO;A;"Registra o custo de aquisição de móveis e utensílios (mesas, cadeiras, armários e similares) destinados ao funcionamento administrativo da EFPC. Debitada pela aquisição pelo valor de compra acrescido dos gastos necessários ao uso; creditada pela baixa por venda, obsolescência, sinistro ou doação.";001003001001001003000;1030000000000;7;D;1;;;;01/10/2026;
DeRE10111000000123456782026090212000000007;;;1;2;1;dere-poc/0.1;01914904;01/10/2026;;5;A;001003001001001003002000;001003001001001003002;000;DEPRECIAÇÃO ACUMULADA (-);A;"Registra, de forma retificadora, a depreciação acumulada de móveis e utensílios, calculada pelo método linear conforme vida útil estimada. Creditada pela apropriação mensal da depreciação em contrapartida a 4.02.01.06.01.01.00; debitada pela baixa da depreciação acumulada quando da alienação ou baixa do bem.";001003001001001003000;1030000000000;7;C;1;;;;01/10/2026;
DeRE10111000000123456782026090212000000007;;;1;2;1;dere-poc/0.1;01914904;01/10/2026;;5;A;001003001001001004000;001003001001001004;000;MÁQUINAS E EQUIPAMENTOS;S;;001003001001001000;1030000000000;6;D;1;;;;01/10/2026;
DeRE10111000000123456782026090212000000007;;;1;2;1;dere-poc/0.1;01914904;01/10/2026;;5;A;001003001001001004001000;001003001001001004001;000;MÁQUINAS E EQUIPAMENTOS - CUSTO;A;"Registra o custo de aquisição de máquinas e equipamentos (ar-condicionado, telefonia, eletrodomésticos e similares) destinados ao funcionamento administrativo da EFPC. Debitada pela aquisição pelo valor de compra acrescido dos gastos necessários ao uso; creditada pela baixa por venda, obsolescência, sinistro ou doação.";001003001001001004000;1030000000000;7;D;1;;;;01/10/2026;
DeRE10111000000123456782026090212000000007;;;1;2;1;dere-poc/0.1;01914904;01/10/2026;;5;A;001003001001001004002000;001003001001001004002;000;DEPRECIAÇÃO ACUMULADA (-);A;"Registra, de forma retificadora, a depreciação acumulada de máquinas e equipamentos, calculada pelo método linear conforme vida útil estimada. Creditada pela apropriação mensal da depreciação em contrapartida a 4.02.01.06.01.01.00; debitada pela baixa da depreciação acumulada quando da alienação ou baixa do bem.";001003001001001004000;1030000000000;7;C;1;;;;01/10/2026;
DeRE10111000000123456782026090212000000007;;;1;2;1;dere-poc/0.1;01914904;01/10/2026;;5;A;001003001001002000;001003001001002;000;BENS IMÓVEIS;S;;001003001001000;1030000000000;5;D;1;;;;01/10/2026;
DeRE10111000000123456782026090212000000007;;;1;2;1;dere-poc/0.1;01914904;01/10/2026;;5;A;001003002000;001003002;000;INTANGÍVEL;S;;001003000;1030000000000;3;D;1;;;;01/10/2026;
DeRE10111000000123456782026090212000000007;;;1;2;1;dere-poc/0.1;01914904;01/10/2026;;5;A;001003002001000;001003002001;000;GASTOS COM IMPLANTAÇÃO, REORGANIZAÇÃO E DESENVOLVIMENTO;S;;001003002000;1030000000000;4;D;1;;;;01/10/2026;
DeRE10111000000123456782026090212000000007;;;1;2;1;dere-poc/0.1;01914904;01/10/2026;;5;A;001003002002000;001003002002;000;FOMENTO;S;;001003002000;1030000000000;4;D;1;;;;01/10/2026;
DeRE10111000000123456782026090212000000007;;;1;2;1;dere-poc/0.1;01914904;01/10/2026;;5;A;001004000;001004;000;GESTÃO ASSISTENCIAL;S;;001000;1040000000000;2;D;1;;;;01/10/2026;
DeRE10111000000123456782026090212000000007;;;1;2;1;dere-poc/0.1;01914904;01/10/2026;;5;A;002000;002;000;PASSIVO;S;;;2000000000000;1;C;2;;;;01/10/2026;
DeRE10111000000123456782026090212000000007;;;1;2;1;dere-poc/0.1;01914904;01/10/2026;;5;A;002001000;002001;000;EXIGÍVEL OPERACIONAL;S;;002000;2010000000000;2;C;2;;;;01/10/2026;
DeRE10111000000123456782026090212000000007;;;1;2;1;dere-poc/0.1;01914904;01/10/2026;;5;A;002001001000;002001001;000;GESTÃO PREVIDENCIAL;S;;002001000;2010000000000;3;C;2;;;;01/10/2026;
DeRE10111000000123456782026090212000000007;;;1;2;1;dere-poc/0.1;01914904;01/10/2026;;5;A;002001001001000;002001001001;000;BENEFÍCIOS A PAGAR;S;;002001001000;2010000000000;4;C;2;;;;01/10/2026;
DeRE10111000000123456782026090212000000007;;;1;2;1;dere-poc/0.1;01914904;01/10/2026;;5;A;002001001001001000;002001001001001;000;APOSENTADORIA ANTECIPADA;A;"Registra os benefícios de aposentadoria antecipada a pagar aos assistidos, assumidos pelo plano de benefícios na competência da folha. Creditada pela apropriação da folha de benefícios em contrapartida à dedução 3.02.01.01.02.00.00; debitada pelo pagamento efetivo aos assistidos.";002001001001000;2010000000000;5;C;2;;;;01/10/2026;
DeRE10111000000123456782026090212000000007;;;1;2;1;dere-poc/0.1;01914904;01/10/2026;;5;A;002001001001002000;002001001001002;000;APOSENTADORIA POR INVALIDEZ;A;"Registra os benefícios de aposentadoria por invalidez a pagar aos assistidos, assumidos pelo plano de benefícios na competência da folha. Creditada pela apropriação da folha de benefícios em contrapartida à dedução 3.02.01.02.01.00.00; debitada pelo pagamento efetivo aos assistidos.";002001001001000;2010000000000;5;C;2;;;;01/10/2026;
DeRE10111000000123456782026090212000000007;;;1;2;1;dere-poc/0.1;01914904;01/10/2026;;5;A;002001001001003000;002001001001003;000;APOSENTADORIA PROPORCIONAL DIFERIDA;A;"Registra os benefícios de aposentadoria proporcional diferida (benefício proporcional diferido - BPD) a pagar aos assistidos, assumidos pelo plano na competência da folha. Creditada pela apropriação da folha de benefícios em contrapartida a 3.02.01.01.03.00.00; debitada pelo pagamento efetivo.";002001001001000;2010000000000;5;C;2;;;;01/10/2026;
DeRE10111000000123456782026090212000000007;;;1;2;1;dere-poc/0.1;01914904;01/10/2026;;5;A;002001001001004000;002001001001004;000;APOSENTADORIA NORMAL - IDADE;A;"Registra os benefícios de aposentadoria normal por idade a pagar aos assistidos, assumidos pelo plano de benefícios na competência da folha. Creditada pela apropriação da folha de benefícios em contrapartida à dedução 3.02.01.01.01.00.00; debitada pelo pagamento efetivo aos assistidos.";002001001001000;2010000000000;5;C;2;;;;01/10/2026;
DeRE10111000000123456782026090212000000007;;;1;2;1;dere-poc/0.1;01914904;01/10/2026;;5;A;002001001001005000;002001001001005;000;PENSÕES POR MORTE;A;"Registra as pensões por morte a pagar aos beneficiários de participantes e assistidos falecidos, assumidas pelo plano na competência da folha. Creditada pela apropriação da folha de benefícios em contrapartida à dedução 3.02.01.03.01.00.00; debitada pelo pagamento efetivo aos pensionistas.";002001001001000;2010000000000;5;C;2;;;;01/10/2026;
DeRE10111000000123456782026090212000000007;;;1;2;1;dere-poc/0.1;01914904;01/10/2026;;5;A;002001001001006000;002001001001006;000;RESGATES;A;"Registra os valores de resgate (total ou parcial) do saldo de contas a pagar aos participantes que optaram pelo instituto, já processados e ainda não pagos. Creditada pela apropriação do resgate em contrapartida a 3.02.03.01.xx; debitada pelo pagamento ao ex-participante, líquido do IRRF retido.";002001001001000;2010000000000;5;C;2;;;;01/10/2026;
DeRE10111000000123456782026090212000000007;;;1;2;1;dere-poc/0.1;01914904;01/10/2026;;5;A;002001001001007000;002001001001007;000;ABONO ANUAL;A;"Registra a provisão do abono anual (13º benefício) a pagar aos assistidos, apropriada mensalmente por duodécimos ao longo do exercício, conforme regulamento do plano. Creditada pela apropriação mensal em contrapartida às contas de provisões das deduções previdenciais; debitada pelo pagamento do abono anual.";002001001001000;2010000000000;5;C;2;;;;01/10/2026;
DeRE10111000000123456782026090212000000007;;;1;2;1;dere-poc/0.1;01914904;01/10/2026;;5;A;002001001001008000;002001001001008;000;PORTABILIDADE;A;"Registra os valores de portabilidade do direito acumulado a transferir para outra EFPC ou EAPC, a pedido do participante, já processados e ainda não remetidos à entidade receptora. Creditada pela apropriação em contrapartida a 3.02.03.02.xx; debitada pela transferência efetiva dos recursos à entidade de destino.";002001001001000;2010000000000;5;C;2;;;;01/10/2026;
DeRE10111000000123456782026090212000000007;;;1;2;1;dere-poc/0.1;01914904;01/10/2026;;5;A;002001001002000;002001001002;000;RETENÇÕES A RECOLHER;S;;002001001000;2010000000000;4;C;2;;;;01/10/2026;
DeRE10111000000123456782026090212000000007;;;1;2;1;dere-poc/0.1;01914904;01/10/2026;;5;A;002001001002001000;002001001002001;000;IRRF S/BENEFÍCIOS RENDA CONTINUADA;A;"Registra o Imposto de Renda Retido na Fonte incidente sobre os benefícios de renda continuada (aposentadorias e pensões) pagos pelo plano, ainda não recolhido à Receita Federal. Creditada pela retenção na folha de benefícios; debitada pelo recolhimento via DARF no prazo legal.";002001001002000;2010000000000;5;C;2;;;;01/10/2026;
DeRE10111000000123456782026090212000000007;;;1;2;1;dere-poc/0.1;01914904;01/10/2026;;5;A;002001001002002000;002001001002002;000;IRRF S/BEN. PAGAMENTO UNICO;A;"Registra o Imposto de Renda Retido na Fonte incidente sobre benefícios e institutos de pagamento único (resgates, pecúlios, saques à vista) pagos pelo plano, ainda não recolhido. Creditada pela retenção no momento do pagamento; debitada pelo recolhimento via DARF no prazo legal.";002001001002000;2010000000000;5;C;2;;;;01/10/2026;
DeRE10111000000123456782026090212000000007;;;1;2;1;dere-poc/0.1;01914904;01/10/2026;;5;A;002001001003000;002001001003;000;RECURSOS ANTECIPADOS;S;;002001001000;2010000000000;4;C;2;;;;01/10/2026;
DeRE10111000000123456782026090212000000007;;;1;2;1;dere-poc/0.1;01914904;01/10/2026;;5;A;002001001003001000;002001001003001;000;PATROCINADOR(ES);S;;002001001003000;2010000000000;5;C;2;;;;01/10/2026;
DeRE10111000000123456782026090212000000007;;;1;2;1;dere-poc/0.1;01914904;01/10/2026;;5;A;002001001003002000;002001001003002;000;PARTICIPANTES;S;;002001001003000;2010000000000;5;C;2;;;;01/10/2026;
DeRE10111000000123456782026090212000000007;;;1;2;1;dere-poc/0.1;01914904;01/10/2026;;5;A;002001001003003000;002001001003003;000;EMPREGADOR(ES) DE PLANOS INSTITUÍDOS;S;;002001001003000;2010000000000;5;C;2;;;;01/10/2026;
DeRE10111000000123456782026090212000000007;;;1;2;1;dere-poc/0.1;01914904;01/10/2026;;5;A;002001001003004000;002001001003004;000;OUTROS RECURSOS ANTECIPADOS;S;;002001001003000;2010000000000;5;C;2;;;;01/10/2026;
DeRE10111000000123456782026090212000000007;;;1;2;1;dere-poc/0.1;01914904;01/10/2026;;5;A;002001001004000;002001001004;000;OBRIGAÇÕES CONTRATADAS;S;;002001001000;2010000000000;4;C;2;;;;01/10/2026;
DeRE10111000000123456782026090212000000007;;;1;2;1;dere-poc/0.1;01914904;01/10/2026;;5;A;002001001005000;002001001005;000;LIQUIDAÇÃO EXTRAJUDICIAL;S;;002001001000;2010000000000;4;C;2;;;;01/10/2026;
DeRE10111000000123456782026090212000000007;;;1;2;1;dere-poc/0.1;01914904;01/10/2026;;5;A;002001001005001000;002001001005001;000;OBRIGAÇÕES COM CREDORES;S;;002001001005000;2010000000000;5;C;2;;;;01/10/2026;
DeRE10111000000123456782026090212000000007;;;1;2;1;dere-poc/0.1;01914904;01/10/2026;;5;A;002001001005002000;002001001005002;000;(+/-) EXCESSO/INSUFICIÊNCIA;S;;002001001005000;2010000000000;5;V;2;;;;01/10/2026;
DeRE10111000000123456782026090212000000007;;;1;2;1;dere-poc/0.1;01914904;01/10/2026;;5;A;002001001006000;002001001006;000;VALORES PREVIDENCIAIS A REPASSAR AO PGA;S;;002001001000;2010000000000;4;C;2;;;;01/10/2026;
DeRE10111000000123456782026090212000000007;;;1;2;1;dere-poc/0.1;01914904;01/10/2026;;5;A;002001001007000;002001001007;000;VALORES A REPASSAR - RISCO TERCEIRIZADO SEGURADORAS;S;;002001001000;2010000000000;4;C;2;;;;01/10/2026;
DeRE10111000000123456782026090212000000007;;;1;2;1;dere-poc/0.1;01914904;01/10/2026;;5;A;002001001008000;002001001008;000;OUTRAS EXIGIBILIDADES;S;;002001001000;2010000000000;4;C;2;;;;01/10/2026;
DeRE10111000000123456782026090212000000007;;;1;2;1;dere-poc/0.1;01914904;01/10/2026;;5;A;002001001008001000;002001001008001;000;DESCONTO FOLHA DE BENEFÍCIOS;A;"Registra os descontos efetuados na folha de benefícios dos assistidos a repassar a terceiros (consignações, mensalidades associativas, empréstimos, pensões alimentícias etc.). Creditada pela retenção na folha de benefícios; debitada pelo repasse aos respectivos credores.";002001001008000;2010000000000;5;C;2;;;;01/10/2026;
DeRE10111000000123456782026090212000000007;;;1;2;1;dere-poc/0.1;01914904;01/10/2026;;5;A;002001001008002000;002001001008002;000;CONTRIBUIÇÕES A DEVOLVER/COMPENSAR;A;"Registra as contribuições recebidas a maior ou indevidamente de patrocinador ou participantes, a devolver ou a compensar em contribuições futuras. Creditada pela identificação do valor recebido a maior; debitada pela devolução ao contribuinte ou pela compensação nas contribuições do mês.";002001001008000;2010000000000;5;C;2;;;;01/10/2026;
DeRE10111000000123456782026090212000000007;;;1;2;1;dere-poc/0.1;01914904;01/10/2026;;5;A;002001001008003000;002001001008003;000;RECEBIMENTOS INDEVIDOS;A;"Registra valores recebidos indevidamente pelo plano de benefícios (créditos não identificados, depósitos em duplicidade ou de terceiros) pendentes de regularização. Creditada pelo recebimento não identificado; debitada pela devolução ao depositante ou pela reclassificação para a conta de origem após identificação.";002001001008000;2010000000000;5;C;2;;;;01/10/2026;
DeRE10111000000123456782026090212000000007;;;1;2;1;dere-poc/0.1;01914904;01/10/2026;;5;A;002001001008004000;002001001008004;000;RECURSOS ADMINISTRATIVOS DO PLANO;A;"Registra as obrigações do plano de benefícios com o PGA relativas a recursos administrativos (despesas pagas pela Gestão Administrativa por conta do plano ou valores previdenciais a repassar ao PGA). Creditada pelo reconhecimento da obrigação; debitada pelo repasse ou compensação com o PGA. Contrapartida de 1.02.02.01.99.01.01.";002001001008000;2010000000000;5;C;2;;;;01/10/2026;
DeRE10111000000123456782026090212000000007;;;1;2;1;dere-poc/0.1;01914904;01/10/2026;;5;A;002001001008005000;002001001008005;000;RECURSO A REPASSAR ENTRE SUBMASSAS;A;"Registra os recursos a repassar entre submassas (ou perfis) do plano de benefícios, decorrentes da segregação de patrimônio, ainda não transferidos entre as unidades de controle. Creditada pelo reconhecimento do valor a repassar por uma submassa; debitada pela efetiva transferência dos recursos à submassa credora.";002001001008000;2010000000000;5;V;2;;;;01/10/2026;
DeRE10111000000123456782026090212000000007;;;1;2;1;dere-poc/0.1;01914904;01/10/2026;;5;A;002001002000;002001002;000;GESTÃO ADMINISTRATIVA;S;;002001000;2010000000000;3;C;2;;;;01/10/2026;
DeRE10111000000123456782026090212000000007;;;1;2;1;dere-poc/0.1;01914904;01/10/2026;;5;A;002001002001000;002001002001;000;CONTAS A PAGAR;S;;002001002000;2010000000000;4;C;2;;;;01/10/2026;
DeRE10111000000123456782026090212000000007;;;1;2;1;dere-poc/0.1;01914904;01/10/2026;;5;A;002001002001001000;002001002001001;000;SALÁRIOS E ENCARGOS;S;;002001002001000;2010000000000;5;C;2;;;;01/10/2026;
DeRE10111000000123456782026090212000000007;;;1;2;1;dere-poc/0.1;01914904;01/10/2026;;5;A;002001002001001001000;002001002001001001;000;LÍQUIDO SALARIAL;A;"Registra o valor líquido dos salários a pagar aos empregados da EFPC, após descontos legais e consignações, relativo à folha de pagamento da Gestão Administrativa. Creditada pela apropriação da folha em contrapartida às despesas de pessoal; debitada pelo pagamento aos empregados.";002001002001001000;2010000000000;6;C;2;;;;01/10/2026;
DeRE10111000000123456782026090212000000007;;;1;2;1;dere-poc/0.1;01914904;01/10/2026;;5;A;002001002001001002000;002001002001001002;000;FGTS A RECOLHER;A;"Registra o Fundo de Garantia do Tempo de Serviço (FGTS) devido sobre a folha de pagamento dos empregados da EFPC, ainda não recolhido. Creditada pela apropriação mensal do encargo em contrapartida à despesa de pessoal; debitada pelo recolhimento via guia no prazo legal.";002001002001001000;2010000000000;6;C;2;;;;01/10/2026;
DeRE10111000000123456782026090212000000007;;;1;2;1;dere-poc/0.1;01914904;01/10/2026;;5;A;002001002001001003000;002001002001001003;000;INSS A RECOLHER;A;"Registra as contribuições previdenciárias ao INSS (parte patronal e retida dos empregados e dirigentes) incidentes sobre a folha de pagamento da EFPC, ainda não recolhidas. Creditada pela apropriação da folha; debitada pelo recolhimento via guia/DCTFWeb no prazo legal.";002001002001001000;2010000000000;6;C;2;;;;01/10/2026;
DeRE10111000000123456782026090212000000007;;;1;2;1;dere-poc/0.1;01914904;01/10/2026;;5;A;002001002001001004000;002001002001001004;000;IRRF S/SALARIOS;A;"Registra o Imposto de Renda Retido na Fonte sobre salários e pró-labore dos empregados e dirigentes da EFPC, ainda não recolhido. Creditada pela retenção na folha de pagamento; debitada pelo recolhimento via DARF no prazo legal.";002001002001001000;2010000000000;6;C;2;;;;01/10/2026;
DeRE10111000000123456782026090212000000007;;;1;2;1;dere-poc/0.1;01914904;01/10/2026;;5;A;002001002001001005000;002001002001001005;000;CONTRIBUIÇÕES PREVIDÊNCIA COMPLEMENTAR;A;"Registra as contribuições de previdência complementar descontadas dos empregados e dirigentes da EFPC e a parte patronal do PGA, a repassar ao plano de benefícios ao qual estão vinculados. Creditada pela apropriação na folha de pagamento; debitada pelo repasse ao plano de benefícios.";002001002001001000;2010000000000;6;C;2;;;;01/10/2026;
DeRE10111000000123456782026090212000000007;;;1;2;1;dere-poc/0.1;01914904;01/10/2026;;5;A;002001002001001006000;002001002001001006;000;PROVISÃO PARA FÉRIAS;A;"Registra a provisão para férias e respectivo adicional de 1/3 e encargos sociais, devidos aos empregados da EFPC, apropriada mensalmente pelo regime de competência. Creditada pela apropriação mensal em contrapartida à despesa de pessoal; debitada pelo pagamento das férias ou pela reversão da provisão.";002001002001001000;2010000000000;6;C;2;;;;01/10/2026;
DeRE10111000000123456782026090212000000007;;;1;2;1;dere-poc/0.1;01914904;01/10/2026;;5;A;002001002001001007000;002001002001001007;000;PROVISÃO PARA 13º SALÁRIO;A;"Registra a provisão para 13º salário e respectivos encargos sociais devidos aos empregados da EFPC, apropriada mensalmente por duodécimos pelo regime de competência. Creditada pela apropriação mensal em contrapartida à despesa de pessoal; debitada pelo pagamento das parcelas do 13º salário.";002001002001001000;2010000000000;6;C;2;;;;01/10/2026;
DeRE10111000000123456782026090212000000007;;;1;2;1;dere-poc/0.1;01914904;01/10/2026;;5;A;002001002001001008000;002001002001001008;000;PLANO DE SAÚDE;A;"Registra as obrigações a pagar à operadora de plano de saúde relativas aos empregados e dirigentes da EFPC (parte patronal e coparticipação descontada em folha). Creditada pela apropriação da fatura mensal; debitada pelo pagamento à operadora.";002001002001001000;2010000000000;6;C;2;;;;01/10/2026;
DeRE10111000000123456782026090212000000007;;;1;2;1;dere-poc/0.1;01914904;01/10/2026;;5;A;002001002001002000;002001002001002;000;FORNECEDORES;S;;002001002001000;2010000000000;5;C;2;;;;01/10/2026;
DeRE10111000000123456782026090212000000007;;;1;2;1;dere-poc/0.1;01914904;01/10/2026;;5;A;002001002001002001000;002001002001002001;000;AUDITORIA CONTÁBIL;A;"Registra as obrigações a pagar da Gestão Administrativa junto ao fornecedor AUDITORIA CONTÁBIL, relativas a serviços de auditoria independente das demonstrações contábeis contratados pela EFPC. Creditada pela apropriação da nota fiscal/fatura pelo regime de competência, em contrapartida à respectiva despesa administrativa; debitada pelo pagamento ao fornecedor, líquido das retenções tributárias na fonte.";002001002001002000;2010000000000;6;C;2;;;;01/10/2026;
DeRE10111000000123456782026090212000000007;;;1;2;1;dere-poc/0.1;01914904;01/10/2026;;5;A;002001002001002002000;002001002001002002;000;DATA A S EM S A, ECON E PREVIDENCIÁRIOS LTDA;A;"Registra as obrigações a pagar da Gestão Administrativa junto ao fornecedor DATA A Serviços Econômicos e Previdenciários Ltda., relativas a serviços de consultoria previdenciária/BPO contratados pela EFPC. Creditada pela apropriação da nota fiscal/fatura pelo regime de competência, em contrapartida à respectiva despesa administrativa; debitada pelo pagamento ao fornecedor, líquido das retenções tributárias na fonte.";002001002001002000;2010000000000;6;C;2;;;;01/10/2026;
DeRE10111000000123456782026090212000000007;;;1;2;1;dere-poc/0.1;01914904;01/10/2026;;5;A;002001002001002003000;002001002001002003;000;MERCER HUMAN RESOURCE CONSULTING LTDA;A;"Registra as obrigações a pagar da Gestão Administrativa junto ao fornecedor Mercer Human Resource Consulting Ltda., relativas a serviços de consultoria atuarial e de investimentos contratados pela EFPC. Creditada pela apropriação da nota fiscal/fatura pelo regime de competência, em contrapartida à respectiva despesa administrativa; debitada pelo pagamento ao fornecedor, líquido das retenções tributárias na fonte.";002001002001002000;2010000000000;6;C;2;;;;01/10/2026;
DeRE10111000000123456782026090212000000007;;;1;2;1;dere-poc/0.1;01914904;01/10/2026;;5;A;002001002001002004000;002001002001002004;000;ADITUS CONSULTORIA FINANCEIRA LTDA;A;"Registra as obrigações a pagar da Gestão Administrativa junto ao fornecedor Aditus Consultoria Financeira Ltda., relativas a serviços de consultoria de investimentos contratados pela EFPC. Creditada pela apropriação da nota fiscal/fatura pelo regime de competência, em contrapartida à respectiva despesa administrativa; debitada pelo pagamento ao fornecedor, líquido das retenções tributárias na fonte.";002001002001002000;2010000000000;6;C;2;;;;01/10/2026;
DeRE10111000000123456782026090212000000007;;;1;2;1;dere-poc/0.1;01914904;01/10/2026;;5;A;002001002001002005000;002001002001002005;000;SIDNEI CARDOSO ADVOGADOS ASSOCIADOS;A;"Registra as obrigações a pagar da Gestão Administrativa junto ao fornecedor Sidnei Cardoso Advogados Associados, relativas a serviços jurídicos contratados pela EFPC. Creditada pela apropriação da nota fiscal/fatura pelo regime de competência, em contrapartida à respectiva despesa administrativa; debitada pelo pagamento ao fornecedor, líquido das retenções tributárias na fonte.";002001002001002000;2010000000000;6;C;2;;;;01/10/2026;
DeRE10111000000123456782026090212000000007;;;1;2;1;dere-poc/0.1;01914904;01/10/2026;;5;A;002001002001002006000;002001002001002006;000;DATA A SERVIÇOS DE CONTABILIDADE LTDA;A;"Registra as obrigações a pagar da Gestão Administrativa junto ao fornecedor DATA A Serviços de Contabilidade Ltda., relativas a serviços contábeis contratados pela EFPC. Creditada pela apropriação da nota fiscal/fatura pelo regime de competência, em contrapartida à respectiva despesa administrativa; debitada pelo pagamento ao fornecedor, líquido das retenções tributárias na fonte.";002001002001002000;2010000000000;6;C;2;;;;01/10/2026;
DeRE10111000000123456782026090212000000007;;;1;2;1;dere-poc/0.1;01914904;01/10/2026;;5;A;002001002001002007000;002001002001002007;000;DATA A TECNOLOGIA LTDA - ME;A;"Registra as obrigações a pagar da Gestão Administrativa junto ao fornecedor DATA A Tecnologia Ltda. - ME, relativas a serviços de tecnologia da informação e sistemas contratados pela EFPC. Creditada pela apropriação da nota fiscal/fatura pelo regime de competência, em contrapartida à respectiva despesa administrativa; debitada pelo pagamento ao fornecedor, líquido das retenções tributárias na fonte.";002001002001002000;2010000000000;6;C;2;;;;01/10/2026;
DeRE10111000000123456782026090212000000007;;;1;2;1;dere-poc/0.1;01914904;01/10/2026;;5;A;002001002001002008000;002001002001002008;000;AUDIACTO AUDITORES INDEPENDENTES;A;"Registra as obrigações a pagar da Gestão Administrativa junto ao fornecedor Audiacto Auditores Independentes, relativas a serviços de auditoria independente contratados pela EFPC. Creditada pela apropriação da nota fiscal/fatura pelo regime de competência, em contrapartida à respectiva despesa administrativa; debitada pelo pagamento ao fornecedor, líquido das retenções tributárias na fonte.";002001002001002000;2010000000000;6;C;2;;;;01/10/2026;
DeRE10111000000123456782026090212000000007;;;1;2;1;dere-poc/0.1;01914904;01/10/2026;;5;A;002001002001002009000;002001002001002009;000;EQUILIBRIO FINANCEIRO FINANCAS PESSOAIS LTDA;A;"Registra as obrigações a pagar da Gestão Administrativa junto ao fornecedor Equilíbrio Financeiro Finanças Pessoais Ltda., relativas a serviços de educação financeira e previdenciária contratados pela EFPC. Creditada pela apropriação da nota fiscal/fatura pelo regime de competência, em contrapartida à respectiva despesa administrativa; debitada pelo pagamento ao fornecedor, líquido das retenções tributárias na fonte.";002001002001002000;2010000000000;6;C;2;;;;01/10/2026;
DeRE10111000000123456782026090212000000007;;;1;2;1;dere-poc/0.1;01914904;01/10/2026;;5;A;002001002001002010000;002001002001002010;000;PFM CONSULTORIA E SISTEMAS LTDA - ME;A;"Registra as obrigações a pagar da Gestão Administrativa junto ao fornecedor PFM Consultoria e Sistemas Ltda. - ME, relativas a serviços de consultoria e sistemas contratados pela EFPC. Creditada pela apropriação da nota fiscal/fatura pelo regime de competência, em contrapartida à respectiva despesa administrativa; debitada pelo pagamento ao fornecedor, líquido das retenções tributárias na fonte.";002001002001002000;2010000000000;6;C;2;;;;01/10/2026;
DeRE10111000000123456782026090212000000007;;;1;2;1;dere-poc/0.1;01914904;01/10/2026;;5;A;002001002001002011000;002001002001002011;000;FVAIRO SERVICOS MEDICOS S/S;A;"Registra as obrigações a pagar da Gestão Administrativa junto ao fornecedor FVairo Serviços Médicos S/S, relativas a serviços de assessoria e perícia médica contratados pela EFPC. Creditada pela apropriação da nota fiscal/fatura pelo regime de competência, em contrapartida à respectiva despesa administrativa; debitada pelo pagamento ao fornecedor, líquido das retenções tributárias na fonte.";002001002001002000;2010000000000;6;C;2;;;;01/10/2026;
DeRE10111000000123456782026090212000000007;;;1;2;1;dere-poc/0.1;01914904;01/10/2026;;5;A;002001002001002012000;002001002001002012;000;MIRADOR ASSESSORIA ATUARIAL - EPP;A;"Registra as obrigações a pagar da Gestão Administrativa junto ao fornecedor Mirador Assessoria Atuarial - EPP, relativas a serviços de consultoria/auditoria atuarial contratados pela EFPC. Creditada pela apropriação da nota fiscal/fatura pelo regime de competência, em contrapartida à respectiva despesa administrativa; debitada pelo pagamento ao fornecedor, líquido das retenções tributárias na fonte.";002001002001002000;2010000000000;6;C;2;;;;01/10/2026;
DeRE10111000000123456782026090212000000007;;;1;2;1;dere-poc/0.1;01914904;01/10/2026;;5;A;002001002001002013000;002001002001002013;000;LAMERS - SOCIEDADE DE ADVOGADOS;A;"Registra as obrigações a pagar da Gestão Administrativa junto ao fornecedor Lamers - Sociedade de Advogados, relativas a serviços jurídicos contratados pela EFPC. Creditada pela apropriação da nota fiscal/fatura pelo regime de competência, em contrapartida à respectiva despesa administrativa; debitada pelo pagamento ao fornecedor, líquido das retenções tributárias na fonte.";002001002001002000;2010000000000;6;C;2;;;;01/10/2026;
DeRE10111000000123456782026090212000000007;;;1;2;1;dere-poc/0.1;01914904;01/10/2026;;5;A;002001002001002014000;002001002001002014;000;ATUAPREV CONSULTORIA ATUARIAL LTDA;A;"Registra as obrigações a pagar da Gestão Administrativa junto ao fornecedor Atuaprev Consultoria Atuarial Ltda., relativas a serviços de consultoria atuarial contratados pela EFPC. Creditada pela apropriação da nota fiscal/fatura pelo regime de competência, em contrapartida à respectiva despesa administrativa; debitada pelo pagamento ao fornecedor, líquido das retenções tributárias na fonte.";002001002001002000;2010000000000;6;C;2;;;;01/10/2026;
DeRE10111000000123456782026090212000000007;;;1;2;1;dere-poc/0.1;01914904;01/10/2026;;5;A;002001002001002015000;002001002001002015;000;CENTRO DE INTEGRAÇÃO EMPRESA-ESCOLA - CIEE;A;"Registra as obrigações a pagar da Gestão Administrativa junto ao fornecedor Centro de Integração Empresa-Escola - CIEE, relativas a bolsas-auxílio e taxas de estagiários/jovens aprendizes contratados pela EFPC. Creditada pela apropriação da nota fiscal/fatura pelo regime de competência, em contrapartida à respectiva despesa administrativa; debitada pelo pagamento ao fornecedor, líquido das retenções tributárias na fonte.";002001002001002000;2010000000000;6;C;2;;;;01/10/2026;
DeRE10111000000123456782026090212000000007;;;1;2;1;dere-poc/0.1;01914904;01/10/2026;;5;A;002001002001002016000;002001002001002016;000;FORNECEDORES DIVERSOS;A;"Registra as obrigações a pagar da Gestão Administrativa junto a fornecedores diversos de bens e serviços não individualizados em conta própria. Creditada pela apropriação da nota fiscal/fatura pelo regime de competência, em contrapartida à respectiva despesa administrativa; debitada pelo pagamento, líquido das retenções tributárias na fonte.";002001002001002000;2010000000000;6;C;2;;;;01/10/2026;
DeRE10111000000123456782026090212000000007;;;1;2;1;dere-poc/0.1;01914904;01/10/2026;;5;A;002001002002000;002001002002;000;RETENÇÕES A RECOLHER;S;;002001002000;2010000000000;4;C;2;;;;01/10/2026;
DeRE10111000000123456782026090212000000007;;;1;2;1;dere-poc/0.1;01914904;01/10/2026;;5;A;002001002002001000;002001002002001;000;IRRF S/SERVIÇOS A RECOLHER;A;"Registra o Imposto de Renda retido na fonte sobre serviços prestados por pessoas jurídicas e físicas à Gestão Administrativa, ainda não recolhido à Receita Federal. Creditada pela retenção no pagamento ou apropriação da nota fiscal; debitada pelo recolhimento via DARF no prazo legal.";002001002002000;2010000000000;5;C;2;;;;01/10/2026;
DeRE10111000000123456782026090212000000007;;;1;2;1;dere-poc/0.1;01914904;01/10/2026;;5;A;002001002002002000;002001002002002;000;PIS/COFINS/CSLL S/SERVIÇOS (CSRF);A;"Registra as Contribuições Sociais Retidas na Fonte (CSRF: PIS, COFINS e CSLL, alíquota conjunta de 4,65%) sobre pagamentos a pessoas jurídicas por serviços prestados à Gestão Administrativa, ainda não recolhidas. Creditada pela retenção no pagamento; debitada pelo recolhimento via DARF no prazo legal.";002001002002000;2010000000000;5;C;2;;;;01/10/2026;
DeRE10111000000123456782026090212000000007;;;1;2;1;dere-poc/0.1;01914904;01/10/2026;;5;A;002001002002003000;002001002002003;000;ISS RETIDO;A;"Registra o ISS retido na fonte sobre serviços prestados por terceiros à Gestão Administrativa, quando a legislação municipal atribui à EFPC a responsabilidade pela retenção, ainda não recolhido ao município. Creditada pela retenção no pagamento; debitada pelo recolhimento à prefeitura.";002001002002000;2010000000000;5;C;2;;;;01/10/2026;
DeRE10111000000123456782026090212000000007;;;1;2;1;dere-poc/0.1;01914904;01/10/2026;;5;A;002001002002004000;002001002002004;000;INSS RETIDO;A;"Registra o INSS retido na fonte (11% sobre cessão de mão de obra ou contribuição de contribuintes individuais) em pagamentos a prestadores de serviços da Gestão Administrativa, ainda não recolhido. Creditada pela retenção no pagamento; debitada pelo recolhimento via guia no prazo legal.";002001002002000;2010000000000;5;C;2;;;;01/10/2026;
DeRE10111000000123456782026090212000000007;;;1;2;1;dere-poc/0.1;01914904;01/10/2026;;5;A;002001002003000;002001002003;000;RECEITAS ANTECIPADAS;S;;002001002000;2010000000000;4;C;2;;;;01/10/2026;
DeRE10111000000123456782026090212000000007;;;1;2;1;dere-poc/0.1;01914904;01/10/2026;;5;A;002001002004000;002001002004;000;TRIBUTOS A RECOLHER;S;;002001002000;2010000000000;4;C;2;;;;01/10/2026;
DeRE10111000000123456782026090212000000007;;;1;2;1;dere-poc/0.1;01914904;01/10/2026;;5;A;002001002004001000;002001002004001;000;PIS A RECOLHER;A;"Registra a contribuição ao PIS devida pela EFPC (incidente sobre a folha de salários ou receitas do PGA, conforme regime aplicável) relativa à Gestão Administrativa, ainda não recolhida. Creditada pela apropriação mensal em contrapartida a 4.02.01.07.01.00.00; debitada pelo recolhimento via DARF.";002001002004000;2010000000000;5;C;2;;;;01/10/2026;
DeRE10111000000123456782026090212000000007;;;1;2;1;dere-poc/0.1;01914904;01/10/2026;;5;A;002001002004002000;002001002004002;000;COFINS A RECOLHER;A;"Registra a COFINS devida pela EFPC sobre as receitas tributáveis da Gestão Administrativa, ainda não recolhida. Creditada pela apropriação mensal em contrapartida a 4.02.01.07.02.00.00; debitada pelo recolhimento via DARF no prazo legal.";002001002004000;2010000000000;5;C;2;;;;01/10/2026;
DeRE10111000000123456782026090212000000007;;;1;2;1;dere-poc/0.1;01914904;01/10/2026;;5;A;002001002005000;002001002005;000;ANTECIPAÇÃO DE CONTRIBUIÇÕES DE PATROCINADORES;S;;002001002000;2010000000000;4;C;2;;;;01/10/2026;
DeRE10111000000123456782026090212000000007;;;1;2;1;dere-poc/0.1;01914904;01/10/2026;;5;A;002001002006000;002001002006;000;OUTRAS EXIGIBILIDADES;S;;002001002000;2010000000000;4;C;2;;;;01/10/2026;
DeRE10111000000123456782026090212000000007;;;1;2;1;dere-poc/0.1;01914904;01/10/2026;;5;A;002001002006001000;002001002006001;000;RECURSOS DO PLANO;A;"Registra as obrigações da Gestão Administrativa (PGA) junto ao plano de benefícios, relativas a recursos do plano recebidos ou retidos pelo PGA e ainda não repassados. Creditada pelo reconhecimento da obrigação; debitada pelo repasse ao plano ou pela compensação com valores a receber.";002001002006000;2010000000000;5;V;2;;;;01/10/2026;
DeRE10111000000123456782026090212000000007;;;1;2;1;dere-poc/0.1;01914904;01/10/2026;;5;A;002001003000;002001003;000;INVESTIMENTOS;S;;002001000;2010000000000;3;C;2;;;;01/10/2026;
DeRE10111000000123456782026090212000000007;;;1;2;1;dere-poc/0.1;01914904;01/10/2026;;5;A;002001003001000;002001003001;000;TÍTULOS PÚBLICOS;S;;002001003000;2010000000000;4;C;2;;;;01/10/2026;
DeRE10111000000123456782026090212000000007;;;1;2;1;dere-poc/0.1;01914904;01/10/2026;;5;A;002001003002000;002001003002;000;ATIVOS FINANCEIROS DE CRÉDITO PRIVADO;S;;002001003000;2010000000000;4;C;2;;;;01/10/2026;
DeRE10111000000123456782026090212000000007;;;1;2;1;dere-poc/0.1;01914904;01/10/2026;;5;A;002001003003000;002001003003;000;RENDA VARIÁVEL;S;;002001003000;2010000000000;4;C;2;;;;01/10/2026;
DeRE10111000000123456782026090212000000007;;;1;2;1;dere-poc/0.1;01914904;01/10/2026;;5;A;002001003004000;002001003004;000;FUNDOS DE INVESTIMENTO;S;;002001003000;2010000000000;4;C;2;;;;01/10/2026;
DeRE10111000000123456782026090212000000007;;;1;2;1;dere-poc/0.1;01914904;01/10/2026;;5;A;002001003005000;002001003005;000;DERIVATIVOS;S;;002001003000;2010000000000;4;C;2;;;;01/10/2026;
DeRE10111000000123456782026090212000000007;;;1;2;1;dere-poc/0.1;01914904;01/10/2026;;5;A;002001003006000;002001003006;000;INVESTIMENTOS NO EXTERIOR;S;;002001003000;2010000000000;4;C;2;;;;01/10/2026;
DeRE10111000000123456782026090212000000007;;;1;2;1;dere-poc/0.1;01914904;01/10/2026;;5;A;002001003007000;002001003007;000;INVESTIMENTOS EM IMÓVEIS;S;;002001003000;2010000000000;4;C;2;;;;01/10/2026;
DeRE10111000000123456782026090212000000007;;;1;2;1;dere-poc/0.1;01914904;01/10/2026;;5;A;002001003008000;002001003008;000;OPERAÇÕES COM PARTICIPANTES;S;;002001003000;2010000000000;4;C;2;;;;01/10/2026;
DeRE10111000000123456782026090212000000007;;;1;2;1;dere-poc/0.1;01914904;01/10/2026;;5;A;002001003008001000;002001003008001;000;EMPRÉSTIMOS;S;;002001003008000;2010000000000;5;C;2;;;;01/10/2026;
DeRE10111000000123456782026090212000000007;;;1;2;1;dere-poc/0.1;01914904;01/10/2026;;5;A;002001003008001001000;002001003008001001;000;LÍQUIDO DE EMPRESTIMO;A;"Registra o valor líquido dos empréstimos concedidos a participantes já contratados e ainda não creditados ao mutuário (valor do contrato deduzido de IOF, seguro e taxas). Creditada pela contratação do empréstimo em contrapartida à carteira 1.02.03.08.01.01.01; debitada pelo crédito do valor líquido na conta do participante.";002001003008001000;2010000000000;6;C;2;;;;01/10/2026;
DeRE10111000000123456782026090212000000007;;;1;2;1;dere-poc/0.1;01914904;01/10/2026;;5;A;002001003008001002000;002001003008001002;000;IOF SOBRE EMPRÉSTIMOS;A;"Registra o IOF incidente sobre as operações de empréstimo a participantes, retido pela Entidade na liberação do contrato e ainda não recolhido à Receita Federal. Creditada pela retenção no momento da concessão; debitada pelo recolhimento via DARF no prazo legal.";002001003008001000;2010000000000;6;C;2;;;;01/10/2026;
DeRE10111000000123456782026090212000000007;;;1;2;1;dere-poc/0.1;01914904;01/10/2026;;5;A;002001003008001003000;002001003008001003;000;COBRANÇA INDEVIDA DE EMPRÉSTIMO;A;"Registra os valores cobrados indevidamente ou a maior de participantes nas prestações de empréstimos (parcelas em duplicidade, descontos após quitação), a devolver aos mutuários. Creditada pela identificação da cobrança indevida; debitada pela devolução ao participante ou compensação em parcelas futuras.";002001003008001000;2010000000000;6;C;2;;;;01/10/2026;
DeRE10111000000123456782026090212000000007;;;1;2;1;dere-poc/0.1;01914904;01/10/2026;;5;A;002001003008001004000;002001003008001004;000;PARCELAS A IDENTIFICAR;A;"Registra os valores recebidos de prestações de empréstimos (boletos, depósitos, repasses de folha) ainda não identificados quanto ao contrato/participante a que se referem. Creditada pelo recebimento não identificado; debitada pela baixa na carteira de empréstimos após a identificação do contrato.";002001003008001000;2010000000000;6;C;2;;;;01/10/2026;
DeRE10111000000123456782026090212000000007;;;1;2;1;dere-poc/0.1;01914904;01/10/2026;;5;A;002001003009000;002001003009;000;RELACIONADOS COM O DISPONÍVEL;S;;002001003000;2010000000000;4;C;2;;;;01/10/2026;
DeRE10111000000123456782026090212000000007;;;1;2;1;dere-poc/0.1;01914904;01/10/2026;;5;A;002001003009001000;002001003009001;000;SALDOS BANCÁRIOS NEGATIVOS;S;;002001003009000;2010000000000;5;C;2;;;;01/10/2026;
DeRE10111000000123456782026090212000000007;;;1;2;1;dere-poc/0.1;01914904;01/10/2026;;5;A;002001003010000;002001003010;000;TAXA DE ADMINISTRAÇÃO A REPASSAR;S;;002001003000;2010000000000;4;C;2;;;;01/10/2026;
DeRE10111000000123456782026090212000000007;;;1;2;1;dere-poc/0.1;01914904;01/10/2026;;5;A;002001003010001000;002001003010001;000;TAXA DE ADMINISTRAÇÃO DOS INVESTIMENTOS A REPASSAR;S;;002001003010000;2010000000000;5;C;2;;;;01/10/2026;
DeRE10111000000123456782026090212000000007;;;1;2;1;dere-poc/0.1;01914904;01/10/2026;;5;A;002001003010001001000;002001003010001001;000;TAXA DE ADMINISTRAÇÃO DOS INVESTIMENTOS A REPASSAR;A;"Registra a taxa de administração dos investimentos (custeio administrativo dos investimentos) devida pelo plano de benefícios ao PGA e ainda não repassada. Creditada pela apropriação mensal em contrapartida a 5.02.09.01.00.00.00 / 5.04.01.00.00.00.00; debitada pelo repasse dos recursos ao PGA.";002001003010001000;2010000000000;6;C;2;;;;01/10/2026;
DeRE10111000000123456782026090212000000007;;;1;2;1;dere-poc/0.1;01914904;01/10/2026;;5;A;002001003010002000;002001003010002;000;TAXA DE ADMINISTRAÇÃO DOS EMPRÉSTIMOS E FINANCIAMENTOS A REPASSAR;S;;002001003010000;2010000000000;5;C;2;;;;01/10/2026;
DeRE10111000000123456782026090212000000007;;;1;2;1;dere-poc/0.1;01914904;01/10/2026;;5;A;002001003010002001000;002001003010002001;000;TAXA DE ADMINISTRAÇÃO DOS EMPRÉSTIMOS E FINANCIAMENTOS A RER;A;"Registra a taxa de administração incidente sobre os empréstimos e financiamentos a participantes, devida pelo Fluxo dos Investimentos ao PGA e ainda não repassada. Creditada pela apropriação da taxa nas prestações dos empréstimos; debitada pelo repasse ao PGA, com contrapartida na receita 4.01.02.02.01.00.00.";002001003010002000;2010000000000;6;C;2;;;;01/10/2026;
DeRE10111000000123456782026090212000000007;;;1;2;1;dere-poc/0.1;01914904;01/10/2026;;5;A;002001003011000;002001003011;000;RETENÇÕES DE TRIBUTOS A RECOLHER;S;;002001003000;2010000000000;4;C;2;;;;01/10/2026;
DeRE10111000000123456782026090212000000007;;;1;2;1;dere-poc/0.1;01914904;01/10/2026;;5;A;002001003012000;002001003012;000;OUTRAS EXIGIBILIDADES;S;;002001003000;2010000000000;4;C;2;;;;01/10/2026;
DeRE10111000000123456782026090212000000007;;;1;2;1;dere-poc/0.1;01914904;01/10/2026;;5;A;002002000;002002;000;EXIGÍVEL CONTINGENCIAL;S;;002000;2020000000000;2;C;2;;;;01/10/2026;
DeRE10111000000123456782026090212000000007;;;1;2;1;dere-poc/0.1;01914904;01/10/2026;;5;A;002002001000;002002001;000;GESTÃO PREVIDENCIAL;S;;002002000;2020000000000;3;C;2;;;;01/10/2026;
DeRE10111000000123456782026090212000000007;;;1;2;1;dere-poc/0.1;01914904;01/10/2026;;5;A;002002001001000;002002001001;000;PROVISÃO;S;;002002001000;2020000000000;4;C;2;;;;01/10/2026;
DeRE10111000000123456782026090212000000007;;;1;2;1;dere-poc/0.1;01914904;01/10/2026;;5;A;002002001001001000;002002001001001;000;PROCESSO Nº 150/2009;S;;002002001001000;2020000000000;5;C;2;;;;01/10/2026;
DeRE10111000000123456782026090212000000007;;;1;2;1;dere-poc/0.1;01914904;01/10/2026;;5;A;002002001001001001000;002002001001001001;000;VALOR PROVISONADO (150/2009);A;"Registra o valor principal provisionado da contingência passiva de natureza previdencial relativa ao Processo nº 150/2009, classificado como perda provável conforme avaliação dos assessores jurídicos, cuja decisão futura pode gerar desembolso pelo plano de benefícios. Creditada pela constituição da provisão em contrapartida a 3.03.00.00.00.00.00; debitada pela reversão ou pelo pagamento.";002002001001001000;2020000000000;6;C;2;;;;01/10/2026;
DeRE10111000000123456782026090212000000007;;;1;2;1;dere-poc/0.1;01914904;01/10/2026;;5;A;002002001001001002000;002002001001001002;000;CORREÇÃO PROCESSO Nº 150/2009;A;"Registra a atualização monetária, juros e encargos incidentes sobre o valor provisionado da contingência previdencial relativa ao Processo nº 150/2009, apurados conforme os índices aplicáveis ao processo. Creditada pela apropriação da correção em contrapartida a 3.03.00.00.00.00.00; debitada pela reversão ou pelo pagamento da obrigação.";002002001001001000;2020000000000;6;C;2;;;;01/10/2026;
DeRE10111000000123456782026090212000000007;;;1;2;1;dere-poc/0.1;01914904;01/10/2026;;5;A;002002001001002000;002002001001002;000;PROCESSO Nº 51932-52/2013;S;;002002001001000;2020000000000;5;C;2;;;;01/10/2026;
DeRE10111000000123456782026090212000000007;;;1;2;1;dere-poc/0.1;01914904;01/10/2026;;5;A;002002001001002001000;002002001001002001;000;VALOR PROVISONADO (51932-52/2013);A;"Registra o valor principal provisionado da contingência passiva de natureza previdencial relativa ao Processo nº 51932-52/2013, classificado como perda provável conforme avaliação dos assessores jurídicos, cuja decisão futura pode gerar desembolso pelo plano de benefícios. Creditada pela constituição da provisão em contrapartida a 3.03.00.00.00.00.00; debitada pela reversão ou pelo pagamento.";002002001001002000;2020000000000;6;C;2;;;;01/10/2026;
DeRE10111000000123456782026090212000000007;;;1;2;1;dere-poc/0.1;01914904;01/10/2026;;5;A;002002001001002002000;002002001001002002;000;CORREÇÃO PROCESSO Nº 51932-52/2013;A;"Registra a atualização monetária, juros e encargos incidentes sobre o valor provisionado da contingência previdencial relativa ao Processo nº 51932-52/2013, apurados conforme os índices aplicáveis ao processo. Creditada pela apropriação da correção em contrapartida a 3.03.00.00.00.00.00; debitada pela reversão ou pelo pagamento da obrigação.";002002001001002000;2020000000000;6;C;2;;;;01/10/2026;
DeRE10111000000123456782026090212000000007;;;1;2;1;dere-poc/0.1;01914904;01/10/2026;;5;A;002002001001003000;002002001001003;000;PROCESSO Nº 2.250.841;S;;002002001001000;2020000000000;5;C;2;;;;01/10/2026;
DeRE10111000000123456782026090212000000007;;;1;2;1;dere-poc/0.1;01914904;01/10/2026;;5;A;002002001001003001000;002002001001003001;000;VALOR PROVISONADO (2.250.841);A;"Registra o valor principal provisionado da contingência passiva de natureza previdencial relativa ao Processo nº 2.250.841, classificado como perda provável conforme avaliação dos assessores jurídicos, cuja decisão futura pode gerar desembolso pelo plano de benefícios. Creditada pela constituição da provisão em contrapartida a 3.03.00.00.00.00.00; debitada pela reversão ou pelo pagamento.";002002001001003000;2020000000000;6;C;2;;;;01/10/2026;
DeRE10111000000123456782026090212000000007;;;1;2;1;dere-poc/0.1;01914904;01/10/2026;;5;A;002002001001003002000;002002001001003002;000;CORREÇÃO PROCESSO (2.250.841);A;"Registra a atualização monetária, juros e encargos incidentes sobre o valor provisionado da contingência previdencial relativa ao Processo nº 2.250.841, apurados conforme os índices aplicáveis ao processo. Creditada pela apropriação da correção em contrapartida a 3.03.00.00.00.00.00; debitada pela reversão ou pelo pagamento da obrigação.";002002001001003000;2020000000000;6;C;2;;;;01/10/2026;
DeRE10111000000123456782026090212000000007;;;1;2;1;dere-poc/0.1;01914904;01/10/2026;;5;A;002002001001004000;002002001001004;000;PROCESSO N° 0020145-29.2018.8.16.0001;S;;002002001001000;2020000000000;5;C;2;;;;01/10/2026;
DeRE10111000000123456782026090212000000007;;;1;2;1;dere-poc/0.1;01914904;01/10/2026;;5;A;002002001001004001000;002002001001004001;000;VALOR PROVISIONADO (0020145-29.2018.8.16.0001);A;"Registra o valor principal provisionado da contingência passiva de natureza previdencial relativa ao Processo nº 0020145-29.2018.8.16.0001, classificado como perda provável conforme avaliação dos assessores jurídicos, cuja decisão futura pode gerar desembolso pelo plano de benefícios. Creditada pela constituição da provisão em contrapartida a 3.03.00.00.00.00.00; debitada pela reversão ou pelo pagamento.";002002001001004000;2020000000000;6;C;2;;;;01/10/2026;
DeRE10111000000123456782026090212000000007;;;1;2;1;dere-poc/0.1;01914904;01/10/2026;;5;A;002002001001004002000;002002001001004002;000;CORREÇÃO PROCESSO (0020145-29.2018.8.16.0001);A;"Registra a atualização monetária, juros e encargos incidentes sobre o valor provisionado da contingência previdencial relativa ao Processo nº 0020145-29.2018.8.16.0001, apurados conforme os índices aplicáveis ao processo. Creditada pela apropriação da correção em contrapartida a 3.03.00.00.00.00.00; debitada pela reversão ou pelo pagamento da obrigação.";002002001001004000;2020000000000;6;C;2;;;;01/10/2026;
DeRE10111000000123456782026090212000000007;;;1;2;1;dere-poc/0.1;01914904;01/10/2026;;5;A;002002002000;002002002;000;GESTÃO ADMINISTRATIVA;S;;002002000;2020000000000;3;C;2;;;;01/10/2026;
DeRE10111000000123456782026090212000000007;;;1;2;1;dere-poc/0.1;01914904;01/10/2026;;5;A;002002002001000;002002002001;000;PROVISÃO;S;;002002002000;2020000000000;4;C;2;;;;01/10/2026;
DeRE10111000000123456782026090212000000007;;;1;2;1;dere-poc/0.1;01914904;01/10/2026;;5;A;002002002001001000;002002002001001;000;REPASSE FOLHA DIRETORIA;A;"Registra a provisão para contingência passiva da Gestão Administrativa relativa a processo sobre o repasse de folha de pagamento da diretoria, avaliada como perda provável. Creditada pela constituição e atualização da provisão em contrapartida a 4.03.01.01.00.00.00; debitada pela reversão ou pelo pagamento/conversão do depósito judicial vinculado (1.02.02.04.01.01.00).";002002002001000;2020000000000;5;C;2;;;;01/10/2026;
DeRE10111000000123456782026090212000000007;;;1;2;1;dere-poc/0.1;01914904;01/10/2026;;5;A;002002002001002000;002002002001002;000;AÇÃO JUDICIAL Nº 380558/2012;A;"Registra a provisão para contingência passiva da Gestão Administrativa relativa à Ação Judicial nº 380558/2012, avaliada como perda provável conforme parecer jurídico, incluindo sua atualização. Creditada pela constituição e atualização em contrapartida a 4.03.xx; debitada pela reversão ou pelo pagamento da obrigação.";002002002001000;2020000000000;5;C;2;;;;01/10/2026;
DeRE10111000000123456782026090212000000007;;;1;2;1;dere-poc/0.1;01914904;01/10/2026;;5;A;002002002001003000;002002002001003;000;DEPÓSITO JUDICIAL DE PIS E COFINS;A;"Registra a provisão para contingência fiscal da Gestão Administrativa relativa à discussão judicial sobre a incidência de PIS e COFINS, em montante equivalente aos depósitos judiciais efetuados (1.02.02.04.01.02.00 e .03.00). Creditada pela constituição e atualização da provisão; debitada pela reversão em caso de êxito ou pela conversão do depósito em renda.";002002002001000;2020000000000;5;C;2;;;;01/10/2026;
DeRE10111000000123456782026090212000000007;;;1;2;1;dere-poc/0.1;01914904;01/10/2026;;5;A;002002003000;002002003;000;INVESTIMENTOS;S;;002002000;2020000000000;3;C;2;;;;01/10/2026;
DeRE10111000000123456782026090212000000007;;;1;2;1;dere-poc/0.1;01914904;01/10/2026;;5;A;002002003001000;002002003001;000;PROVISÃO;S;;002002003000;2020000000000;4;C;2;;;;01/10/2026;
DeRE10111000000123456782026090212000000007;;;1;2;1;dere-poc/0.1;01914904;01/10/2026;;5;A;002002003001001000;002002003001001;000;DEPÓSITOS JUDICIAIS PIS E COFINS;A;"Registra a provisão para contingência fiscal dos Investimentos relativa à discussão judicial sobre a incidência de PIS e COFINS sobre as receitas dos investimentos, em montante equivalente aos depósitos judiciais vinculados. Creditada pela constituição e atualização em contrapartida a 5.03.00.00.00.00.00; debitada pela reversão em caso de êxito ou pela conversão do depósito em renda.";002002003001000;2020000000000;5;C;2;;;;01/10/2026;
DeRE10111000000123456782026090212000000007;;;1;2;1;dere-poc/0.1;01914904;01/10/2026;;5;A;002003000;002003;000;PATRIMÔNIO SOCIAL;S;;002000;2030000000000;2;V;3;;;;01/10/2026;
DeRE10111000000123456782026090212000000007;;;1;2;1;dere-poc/0.1;01914904;01/10/2026;;5;A;002003001000;002003001;000;PATRIMÔNIO DE COBERTURA DO PLANO;S;;002003000;2030000000000;3;V;3;;;;01/10/2026;
DeRE10111000000123456782026090212000000007;;;1;2;1;dere-poc/0.1;01914904;01/10/2026;;5;A;002003001001000;002003001001;000;PROVISÕES MATEMÁTICAS;S;;002003001000;2030000000000;4;V;3;;;;01/10/2026;
DeRE10111000000123456782026090212000000007;;;1;2;1;dere-poc/0.1;01914904;01/10/2026;;5;A;002003001001001000;002003001001001;000;BENEFÍCIOS CONCEDIDOS;S;;002003001001000;2030000000000;5;V;3;;;;01/10/2026;
DeRE10111000000123456782026090212000000007;;;1;2;1;dere-poc/0.1;01914904;01/10/2026;;5;A;002003001001001001000;002003001001001001;000;CONTRIBUIÇÃO DEFINIDA;S;;002003001001001000;2030000000000;6;V;3;;;;01/10/2026;
DeRE10111000000123456782026090212000000007;;;1;2;1;dere-poc/0.1;01914904;01/10/2026;;5;A;002003001001001001001000;002003001001001001001;000;SALDO DE CONTAS DOS ASSISTIDOS - CONSTITUÍDO;S;;002003001001001001000;2030000000000;7;V;3;;;;01/10/2026;
DeRE10111000000123456782026090212000000007;;;1;2;1;dere-poc/0.1;01914904;01/10/2026;;5;A;002003001001001001001001000;002003001001001001001001;000;SALDO DE CONTAS DOS ASSISTIDOS - CONSTITUÍDO;A;"Registra a totalidade dos recursos efetivamente acumulados (saldo de contas) dos assistidos em gozo de benefício de prestação continuada na Submassa CD, constituídos pelas contribuições e rentabilidade. Creditada pela constituição e pela atualização positiva do saldo; debitada pelo pagamento de benefícios, reversões e atualização negativa. Contrapartida em 3.06.01.00.00.00.00.";002003001001001001001000;2030000000000;8;V;3;;;;01/10/2026;
DeRE10111000000123456782026090212000000007;;;1;2;1;dere-poc/0.1;01914904;01/10/2026;;5;A;002003001001001002000;002003001001001002;000;BENEFÍCIO DEFINIDO ESTRUTURADO EM REGIME DE CAPITALIZAÇÃO;S;;002003001001001000;2030000000000;6;V;3;;;;01/10/2026;
DeRE10111000000123456782026090212000000007;;;1;2;1;dere-poc/0.1;01914904;01/10/2026;;5;A;002003001001001002001000;002003001001001002001;000;VALOR ATUAL DOS BENEFÍCIOS FUTUROS PROGRAMADOS - ASSISTIDOS;S;;002003001001001002000;2030000000000;7;V;3;;;;01/10/2026;
DeRE10111000000123456782026090212000000007;;;1;2;1;dere-poc/0.1;01914904;01/10/2026;;5;A;002003001001001002001001000;002003001001001002001001;000;VALOR ATUAL DOS BENEFÍCIOS FUTUROS PROGRAMADOS - ASSISTIDOS;A;"Registra, conforme a nota técnica atuarial, o valor atual dos benefícios futuros programados (aposentadorias) dos assistidos em gozo de benefício de prestação continuada no Plano BD, líquido de suas contribuições. Creditada pela constituição/aumento na reavaliação atuarial; debitada pela reversão/redução, com contrapartida em 3.06.01.00.00.00.00.";002003001001001002001000;2030000000000;8;V;3;;;;01/10/2026;
DeRE10111000000123456782026090212000000007;;;1;2;1;dere-poc/0.1;01914904;01/10/2026;;5;A;002003001001001002002000;002003001001001002002;000;VALOR ATUAL DOS BENEFÍCIOS FUTUROS NÃO PROGRAMADOS - ASSISTIDOS;S;;002003001001001002000;2030000000000;7;V;3;;;;01/10/2026;
DeRE10111000000123456782026090212000000007;;;1;2;1;dere-poc/0.1;01914904;01/10/2026;;5;A;002003001001001002002001000;002003001001001002002001;000;VALOR ATUAL DOS BENEFÍCIOS FUTUROS NÃO PROGRAMADOS - ASSISTIDOS;A;"Registra, conforme a nota técnica atuarial, o valor atual dos benefícios futuros não programados (pensões por morte, invalidez) dos assistidos em gozo de benefício de prestação continuada no Plano BD. Creditada pela constituição/aumento na reavaliação atuarial; debitada pela reversão/redução, com contrapartida em 3.06.01.00.00.00.00.";002003001001001002002000;2030000000000;8;V;3;;;;01/10/2026;
DeRE10111000000123456782026090212000000007;;;1;2;1;dere-poc/0.1;01914904;01/10/2026;;5;A;002003001001002000;002003001001002;000;BENEFÍCIOS A CONCEDER;S;;002003001001000;2030000000000;5;V;3;;;;01/10/2026;
DeRE10111000000123456782026090212000000007;;;1;2;1;dere-poc/0.1;01914904;01/10/2026;;5;A;002003001001002001000;002003001001002001;000;CONTRIBUIÇÃO DEFINIDA;S;;002003001001002000;2030000000000;6;V;3;;;;01/10/2026;
DeRE10111000000123456782026090212000000007;;;1;2;1;dere-poc/0.1;01914904;01/10/2026;;5;A;002003001001002001001000;002003001001002001001;000;SALDO DE CONTAS - PARCELA PATROCINADOR(ES)/ INSTITUIDOR(ES);S;;002003001001002001000;2030000000000;7;V;3;;;;01/10/2026;
DeRE10111000000123456782026090212000000007;;;1;2;1;dere-poc/0.1;01914904;01/10/2026;;5;A;002003001001002001001001000;002003001001002001001001;000;SALDO DE CONTAS - PARCELA PATROCINADOR(ES)/ INSTITUIDOR(ES);A;"Registra o saldo de contas dos participantes que não estão em gozo de benefício de prestação continuada, relativo à parcela constituída pelas contribuições do patrocinador/instituidor e respectiva rentabilidade. Creditada pela alocação das contribuições e pela atualização positiva; debitada por resgates (parcela devida), portabilidades, concessão de benefícios, reversão ao fundo regulamentar e atualização negativa.";002003001001002001001000;2030000000000;8;V;3;;;;01/10/2026;
DeRE10111000000123456782026090212000000007;;;1;2;1;dere-poc/0.1;01914904;01/10/2026;;5;A;002003001001002001002000;002003001001002001002;000;SALDO DE CONTAS - PARCELA CONSTITUÍDA PELOS PARTICIPANTES - REGULAR;S;;002003001001002001000;2030000000000;7;V;3;;;;01/10/2026;
DeRE10111000000123456782026090212000000007;;;1;2;1;dere-poc/0.1;01914904;01/10/2026;;5;A;002003001001002001002001000;002003001001002001002001;000;SALDO DE CONTAS - PARCELA CONSTITUÍDA PELOS PARTICIPANTES;A;"Registra o saldo de contas dos participantes que não estão em gozo de benefício de prestação continuada, relativo à parcela constituída pelas contribuições regulares (normais) dos próprios participantes e respectiva rentabilidade. Creditada pela alocação das contribuições e pela atualização positiva; debitada por resgates, portabilidades, concessão de benefícios e atualização negativa.";002003001001002001002000;2030000000000;8;V;3;;;;01/10/2026;
DeRE10111000000123456782026090212000000007;;;1;2;1;dere-poc/0.1;01914904;01/10/2026;;5;A;002003001001002001003000;002003001001002001003;000;SALDO DE CONTAS - PARCELA PARTICIPANTES PORTADA DE EFPC;S;;002003001001002001000;2030000000000;7;V;3;;;;01/10/2026;
DeRE10111000000123456782026090212000000007;;;1;2;1;dere-poc/0.1;01914904;01/10/2026;;5;A;002003001001002001003001000;002003001001002001003001;000;SALDO DE CONTAS - PARCELA PARTICIPANTES PORTADA DE EFPC;A;"Registra o saldo de contas dos participantes que não estão em gozo de benefício, relativo aos recursos portados de outra entidade fechada de previdência complementar (EFPC), e respectiva rentabilidade. Creditada pelo recebimento da portabilidade e pela atualização positiva; debitada por nova portabilidade, resgate (quando permitido), concessão de benefício e atualização negativa.";002003001001002001003000;2030000000000;8;V;3;;;;01/10/2026;
DeRE10111000000123456782026090212000000007;;;1;2;1;dere-poc/0.1;01914904;01/10/2026;;5;A;002003001001002001004000;002003001001002001004;000;SALDO DE CONTAS - PARCELA PARTICIPANTES PORTADA DE EAPC;S;;002003001001002001000;2030000000000;7;V;3;;;;01/10/2026;
DeRE10111000000123456782026090212000000007;;;1;2;1;dere-poc/0.1;01914904;01/10/2026;;5;A;002003001001002001004001000;002003001001002001004001;000;SALDO DE CONTAS - PARCELA PARTICIPANTES PORTADA DE EAPC;A;"Registra o saldo de contas dos participantes que não estão em gozo de benefício, relativo aos recursos portados de entidade aberta de previdência complementar (EAPC) ou seguradora, e respectiva rentabilidade. Creditada pelo recebimento da portabilidade e pela atualização positiva; debitada por nova portabilidade, resgate (quando permitido), concessão de benefício e atualização negativa.";002003001001002001004000;2030000000000;8;V;3;;;;01/10/2026;
DeRE10111000000123456782026090212000000007;;;1;2;1;dere-poc/0.1;01914904;01/10/2026;;5;A;002003001001002001005000;002003001001002001005;000;SALDO DE CONTAS - PARCELA CONSTITUÍDA PELOS PARTICIPANTES - VOLUNTÁRIA;S;;002003001001002001000;2030000000000;7;V;3;;;;01/10/2026;
DeRE10111000000123456782026090212000000007;;;1;2;1;dere-poc/0.1;01914904;01/10/2026;;5;A;002003001001002001005001000;002003001001002001005001;000;SALDO DE CONTAS - PARCELA CONSTITUÍDA PELOS PARTICIPANTES - VOLUNTÁRIA;A;"Registra o saldo de contas dos participantes que não estão em gozo de benefício, relativo à parcela constituída pelas contribuições voluntárias/esporádicas dos próprios participantes e respectiva rentabilidade. Creditada pela alocação das contribuições voluntárias e pela atualização positiva; debitada por resgates, portabilidades, concessão de benefícios e atualização negativa.";002003001001002001005000;2030000000000;8;C;3;;;;01/10/2026;
DeRE10111000000123456782026090212000000007;;;1;2;1;dere-poc/0.1;01914904;01/10/2026;;5;A;002003001001002002000;002003001001002002;000;BENEFÍCIO DEFINIDO ESTRUTURADO EM REGIME DE CAPITALIZAÇÃO PROGRAMADO;S;;002003001001002000;2030000000000;6;V;3;;;;01/10/2026;
DeRE10111000000123456782026090212000000007;;;1;2;1;dere-poc/0.1;01914904;01/10/2026;;5;A;002003001001002002001000;002003001001002002001;000;VALOR ATUAL DOS BENEFÍCIOS FUTUROS PROGRAMADOS;S;;002003001001002002000;2030000000000;7;V;3;;;;01/10/2026;
DeRE10111000000123456782026090212000000007;;;1;2;1;dere-poc/0.1;01914904;01/10/2026;;5;A;002003001001002002001001000;002003001001002002001001;000;VALOR ATUAL DOS BENEFÍCIOS FUTUROS PROGRAMADOS;A;"Registra, conforme a nota técnica atuarial da Submassa BD, o valor atual dos benefícios futuros programados (aposentadorias) a serem pagos aos participantes que ainda não estão em gozo de benefício de prestação continuada. Creditada pela constituição/aumento na reavaliação atuarial; debitada pela reversão/redução, com contrapartida em 3.06.02.00.00.00.00.";002003001001002002001000;2030000000000;8;V;3;;;;01/10/2026;
DeRE10111000000123456782026090212000000007;;;1;2;1;dere-poc/0.1;01914904;01/10/2026;;5;A;002003001001002002002000;002003001001002002002;000;(-) VALOR ATUAL DAS CONTRIBUIÇÕES FUTURAS DOS PATROCINADORES;S;;002003001001002002000;2030000000000;7;V;3;;;;01/10/2026;
DeRE10111000000123456782026090212000000007;;;1;2;1;dere-poc/0.1;01914904;01/10/2026;;5;A;002003001001002002002001000;002003001001002002002001;000;(-)VALOR ATUAL DAS CONTRIBUIÇÕES FUTURAS DOS PATROCINADORES;A;"Registra, de forma retificadora e conforme a nota técnica atuarial, o valor atual das contribuições futuras normais do patrocinador, com prazo de vigência indeterminado, destinadas aos benefícios programados a conceder da Submassa BD. Debitada pela constituição/aumento na reavaliação atuarial; creditada pela reversão/redução, com contrapartida em 3.06.02.00.00.00.00.";002003001001002002002000;2030000000000;8;V;3;;;;01/10/2026;
DeRE10111000000123456782026090212000000007;;;1;2;1;dere-poc/0.1;01914904;01/10/2026;;5;A;002003001001002002003000;002003001001002002003;000;(-) VALOR ATUAL DAS CONTRIBUIÇÕES FUTURAS DOS PARTICIPANTES;S;;002003001001002002000;2030000000000;7;V;3;;;;01/10/2026;
DeRE10111000000123456782026090212000000007;;;1;2;1;dere-poc/0.1;01914904;01/10/2026;;5;A;002003001001002002003001000;002003001001002002003001;000;(-)VALOR ATUAL DAS CONTRIBUIÇÕES FUTURAS DOS PARTICIPANTES;A;"Registra, de forma retificadora e conforme a nota técnica atuarial, o valor atual das contribuições futuras normais dos participantes, com prazo de vigência indeterminado, destinadas aos benefícios programados a conceder da Submassa BD. Debitada pela constituição/aumento na reavaliação atuarial; creditada pela reversão/redução, com contrapartida em 3.06.02.00.00.00.00.";002003001001002002003000;2030000000000;8;V;3;;;;01/10/2026;
DeRE10111000000123456782026090212000000007;;;1;2;1;dere-poc/0.1;01914904;01/10/2026;;5;A;002003001001002003000;002003001001002003;000;BENEFÍCIO DEFINIDO ESTRUTURADO EM REGIME DE CAPITALIZAÇÃO NÃO PROGRAMADO;S;;002003001001002000;2030000000000;6;V;3;;;;01/10/2026;
DeRE10111000000123456782026090212000000007;;;1;2;1;dere-poc/0.1;01914904;01/10/2026;;5;A;002003001001002003001000;002003001001002003001;000;VALOR ATUAL DOS BENEFÍCIOS FUTUROS NÃO PROGRAMADOS;S;;002003001001002003000;2030000000000;7;V;3;;;;01/10/2026;
DeRE10111000000123456782026090212000000007;;;1;2;1;dere-poc/0.1;01914904;01/10/2026;;5;A;002003001001002003001001000;002003001001002003001001;000;VALOR ATUAL DOS BENEFÍCIOS FUTUROS NÃO PROGRAMADOS;A;"Registra, conforme a nota técnica atuarial, o valor atual dos benefícios futuros não programados (invalidez, pensão por morte de ativo) a serem pagos pelo plano aos participantes que ainda não estão em gozo de benefício de prestação continuada. Creditada pela constituição/aumento na reavaliação atuarial; debitada pela reversão/redução, com contrapartida em 3.06.02.00.00.00.00.";002003001001002003001000;2030000000000;8;V;3;;;;01/10/2026;
DeRE10111000000123456782026090212000000007;;;1;2;1;dere-poc/0.1;01914904;01/10/2026;;5;A;002003001001002003002000;002003001001002003002;000;(-) VALOR ATUAL DAS CONTRIBUIÇÕES FUTURAS DOS PATROCINADORES;S;;002003001001002003000;2030000000000;7;V;3;;;;01/10/2026;
DeRE10111000000123456782026090212000000007;;;1;2;1;dere-poc/0.1;01914904;01/10/2026;;5;A;002003001001002003002001000;002003001001002003002001;000;(-) VALOR ATUAL DAS CONTRIBUIÇÕES FUTURAS DOS PATROCINADORES;A;"Registra, de forma retificadora e conforme a nota técnica atuarial, o valor atual das contribuições futuras do patrocinador, com prazo de vigência indeterminado, destinadas à cobertura dos benefícios não programados a conceder. Debitada pela constituição/aumento na reavaliação atuarial; creditada pela reversão/redução, com contrapartida em 3.06.02.00.00.00.00.";002003001001002003002000;2030000000000;8;V;3;;;;01/10/2026;
DeRE10111000000123456782026090212000000007;;;1;2;1;dere-poc/0.1;01914904;01/10/2026;;5;A;002003001001002003003000;002003001001002003003;000;(-) VALOR ATUAL DAS CONTRIBUIÇÕES FUTURAS DOS PARTICIPANTES;S;;002003001001002003000;2030000000000;7;V;3;;;;01/10/2026;
DeRE10111000000123456782026090212000000007;;;1;2;1;dere-poc/0.1;01914904;01/10/2026;;5;A;002003001001002003003001000;002003001001002003003001;000;(-) VALOR ATUAL DAS CONTRIBUIÇÕES FUTURAS DOS PARTICIPANTES;A;"Registra, de forma retificadora e conforme a nota técnica atuarial, o valor atual das contribuições futuras dos participantes, com prazo de vigência indeterminado, destinadas à cobertura dos benefícios não programados a conceder. Debitada pela constituição/aumento na reavaliação atuarial; creditada pela reversão/redução, com contrapartida em 3.06.02.00.00.00.00.";002003001001002003003000;2030000000000;8;V;3;;;;01/10/2026;
DeRE10111000000123456782026090212000000007;;;1;2;1;dere-poc/0.1;01914904;01/10/2026;;5;A;002003001001003000;002003001001003;000;(-) PROVISÕES MATEMÁTICAS A CONSTITUIR;S;;002003001001000;2030000000000;5;V;3;;;;01/10/2026;
DeRE10111000000123456782026090212000000007;;;1;2;1;dere-poc/0.1;01914904;01/10/2026;;5;A;002003001001003001000;002003001001003001;000;(-) SERVIÇO PASSADO;S;;002003001001003000;2030000000000;6;V;3;;;;01/10/2026;
DeRE10111000000123456782026090212000000007;;;1;2;1;dere-poc/0.1;01914904;01/10/2026;;5;A;002003001001003001001000;002003001001003001001;000;(-) PATROCINADOR(ES);S;;002003001001003001000;2030000000000;7;V;3;;;;01/10/2026;
DeRE10111000000123456782026090212000000007;;;1;2;1;dere-poc/0.1;01914904;01/10/2026;;5;A;002003001001003001001001000;002003001001003001001001;000;(-) PATROCINADOR(ES);A;"Registra, de forma retificadora das Provisões Matemáticas e conforme a nota técnica atuarial, o valor atual das contribuições extraordinárias futuras do patrocinador referentes a serviço passado (Provisões Matemáticas a Constituir). Debitada pela constituição/atualização do valor a integralizar; creditada pela amortização mediante recebimento das contribuições extraordinárias, com contrapartida em 3.06.03.00.00.00.00.";002003001001003001001000;2030000000000;8;V;3;;;;01/10/2026;
DeRE10111000000123456782026090212000000007;;;1;2;1;dere-poc/0.1;01914904;01/10/2026;;5;A;002003001001003001002000;002003001001003001002;000;(-) PARTICIPANTES;S;;002003001001003001000;2030000000000;7;V;3;;;;01/10/2026;
DeRE10111000000123456782026090212000000007;;;1;2;1;dere-poc/0.1;01914904;01/10/2026;;5;A;002003001001003001002001000;002003001001003001002001;000;(-) PARTICIPANTES;A;"Registra, de forma retificadora das Provisões Matemáticas e conforme a nota técnica atuarial, o valor atual das contribuições extraordinárias futuras dos participantes referentes a serviço passado (jóia/serviço passado a integralizar). Debitada pela constituição/atualização; creditada pela amortização mediante recebimento das contribuições, com contrapartida em 3.06.03.00.00.00.00.";002003001001003001002000;2030000000000;8;V;3;;;;01/10/2026;
DeRE10111000000123456782026090212000000007;;;1;2;1;dere-poc/0.1;01914904;01/10/2026;;5;A;002003001001003002000;002003001001003002;000;(-) EQUACIONAMENTO DE DÉFICIT A INTEGRALIZAR;S;;002003001001003000;2030000000000;6;V;3;;;;01/10/2026;
DeRE10111000000123456782026090212000000007;;;1;2;1;dere-poc/0.1;01914904;01/10/2026;;5;A;002003001001003002001000;002003001001003002001;000;(-) PATROCINADOR(ES);S;;002003001001003002000;2030000000000;7;V;3;;;;01/10/2026;
DeRE10111000000123456782026090212000000007;;;1;2;1;dere-poc/0.1;01914904;01/10/2026;;5;A;002003001001003002001001000;002003001001003002001001;000;(-) PATROCINADOR(ES);A;"Registra, de forma retificadora e conforme a nota técnica atuarial, o valor atual das contribuições extraordinárias futuras do patrocinador destinadas ao equacionamento de déficit técnico do plano (déficit equacionado a integralizar). Debitada pela constituição do plano de equacionamento e pela atualização; creditada pela amortização mediante recebimento das contribuições extraordinárias.";002003001001003002001000;2030000000000;8;V;3;;;;01/10/2026;
DeRE10111000000123456782026090212000000007;;;1;2;1;dere-poc/0.1;01914904;01/10/2026;;5;A;002003001001003002002000;002003001001003002002;000;(-) PARTICIPANTES;S;;002003001001003002000;2030000000000;7;V;3;;;;01/10/2026;
DeRE10111000000123456782026090212000000007;;;1;2;1;dere-poc/0.1;01914904;01/10/2026;;5;A;002003001001003002002001000;002003001001003002002001;000;(-) PARTICIPANTES;A;"Registra, de forma retificadora e conforme a nota técnica atuarial, o valor atual das contribuições extraordinárias futuras dos participantes ativos destinadas ao equacionamento de déficit técnico do plano. Debitada pela constituição do plano de equacionamento e pela atualização; creditada pela amortização mediante recebimento das contribuições extraordinárias.";002003001001003002002000;2030000000000;8;V;3;;;;01/10/2026;
DeRE10111000000123456782026090212000000007;;;1;2;1;dere-poc/0.1;01914904;01/10/2026;;5;A;002003001001003002003000;002003001001003002003;000;(-) ASSISTIDOS;S;;002003001001003002000;2030000000000;7;V;3;;;;01/10/2026;
DeRE10111000000123456782026090212000000007;;;1;2;1;dere-poc/0.1;01914904;01/10/2026;;5;A;002003001001003002003001000;002003001001003002003001;000;(-) ASSISTIDOS;A;"Registra, de forma retificadora e conforme a nota técnica atuarial, o valor atual das contribuições extraordinárias futuras dos assistidos destinadas ao equacionamento de déficit técnico do plano. Debitada pela constituição do plano de equacionamento e pela atualização; creditada pela amortização mediante desconto das contribuições extraordinárias nos benefícios.";002003001001003002003000;2030000000000;8;V;3;;;;01/10/2026;
DeRE10111000000123456782026090212000000007;;;1;2;1;dere-poc/0.1;01914904;01/10/2026;;5;A;002003001001003003000;002003001001003003;000;(+/-) POR AJUSTES DAS CONTRIBUIÇÕES EXTRAORDINÁRIAS;S;;002003001001003000;2030000000000;6;V;3;;;;01/10/2026;
DeRE10111000000123456782026090212000000007;;;1;2;1;dere-poc/0.1;01914904;01/10/2026;;5;A;002003001001003003001000;002003001001003003001;000;(+/-) PATROCINADOR(ES);S;;002003001001003003000;2030000000000;7;V;3;;;;01/10/2026;
DeRE10111000000123456782026090212000000007;;;1;2;1;dere-poc/0.1;01914904;01/10/2026;;5;A;002003001001003003001001000;002003001001003003001001;000;(+/-) PATROCINADOR(ES);A;Registra, conforme a nota técnica atuarial, a diferença (positiva ou negativa) entre o valor atual das novas contribuições extraordinárias futuras do patrocinador e o valor atual das contribuições extraordinárias vigentes na data da avaliação atuarial, decorrente de ajustes de planos de equacionamento ou serviço passado. Debitada/creditada pelo ajuste apurado, com contrapartida em 3.06.03.00.00.00.00.;002003001001003003001000;2030000000000;8;V;3;;;;01/10/2026;
DeRE10111000000123456782026090212000000007;;;1;2;1;dere-poc/0.1;01914904;01/10/2026;;5;A;002003001001003003002000;002003001001003003002;000;(+/-) PARTICIPANTES;S;;002003001001003003000;2030000000000;7;V;3;;;;01/10/2026;
DeRE10111000000123456782026090212000000007;;;1;2;1;dere-poc/0.1;01914904;01/10/2026;;5;A;002003001001003003002001000;002003001001003003002001;000;(+/-) PARTICIPANTES;A;Registra, conforme a nota técnica atuarial, a diferença (positiva ou negativa) entre o valor atual das novas contribuições extraordinárias futuras dos participantes e o valor atual das contribuições extraordinárias vigentes na data da avaliação atuarial, decorrente de ajustes de planos de equacionamento ou serviço passado. Debitada/creditada pelo ajuste apurado, com contrapartida em 3.06.03.00.00.00.00.;002003001001003003002000;2030000000000;8;V;3;;;;01/10/2026;
DeRE10111000000123456782026090212000000007;;;1;2;1;dere-poc/0.1;01914904;01/10/2026;;5;A;002003001001003003003000;002003001001003003003;000;(+/-) ASSISTIDOS;S;;002003001001003003000;2030000000000;7;V;3;;;;01/10/2026;
DeRE10111000000123456782026090212000000007;;;1;2;1;dere-poc/0.1;01914904;01/10/2026;;5;A;002003001001003003003001000;002003001001003003003001;000;(+/-) ASSISTIDOS;A;Registra, conforme a nota técnica atuarial, a diferença (positiva ou negativa) entre o valor atual das novas contribuições extraordinárias futuras dos assistidos e o valor atual das contribuições extraordinárias vigentes na data da avaliação atuarial, decorrente de ajustes de planos de equacionamento. Debitada/creditada pelo ajuste apurado, com contrapartida em 3.06.03.00.00.00.00.;002003001001003003003000;2030000000000;8;V;3;;;;01/10/2026;
DeRE10111000000123456782026090212000000007;;;1;2;1;dere-poc/0.1;01914904;01/10/2026;;5;A;002003001002000;002003001002;000;EQUILÍBRIO TÉCNICO;S;;002003001000;2030000000000;4;V;3;;;;01/10/2026;
DeRE10111000000123456782026090212000000007;;;1;2;1;dere-poc/0.1;01914904;01/10/2026;;5;A;002003001002001000;002003001002001;000;RESULTADOS REALIZADOS;S;;002003001002000;2030000000000;5;V;3;;;;01/10/2026;
DeRE10111000000123456782026090212000000007;;;1;2;1;dere-poc/0.1;01914904;01/10/2026;;5;A;002003001002001001000;002003001002001001;000;SUPERÁVIT TÉCNICO ACUMULADO;S;;002003001002001000;2030000000000;6;V;3;;;;01/10/2026;
DeRE10111000000123456782026090212000000007;;;1;2;1;dere-poc/0.1;01914904;01/10/2026;;5;A;002003001002001001001000;002003001002001001001;000;RESERVA DE CONTINGÊNCIA;S;;002003001002001001000;2030000000000;7;V;3;;;;01/10/2026;
DeRE10111000000123456782026090212000000007;;;1;2;1;dere-poc/0.1;01914904;01/10/2026;;5;A;002003001002001001001001000;002003001002001001001001;000;RESERVA DE CONTINGÊNCIA;A;"Registra a Reserva de Contingência, parcela do superávit técnico acumulado do plano limitada a 25% das provisões matemáticas (ou ao limite calculado pela duration do passivo), destinada a garantir os benefícios contra oscilações. Creditada pela apuração de superávit do exercício em contrapartida a 3.08.01.01.00.00.00; debitada pela absorção de déficit ou pela transferência do excedente à Reserva Especial.";002003001002001001001000;2030000000000;8;V;3;;;;01/10/2026;
DeRE10111000000123456782026090212000000007;;;1;2;1;dere-poc/0.1;01914904;01/10/2026;;5;A;002003001002001001002000;002003001002001001002;000;RESERVA ESPECIAL PARA REVISÃO DE PLANO;S;;002003001002001001000;2030000000000;7;V;3;;;;01/10/2026;
DeRE10111000000123456782026090212000000007;;;1;2;1;dere-poc/0.1;01914904;01/10/2026;;5;A;002003001002001001002001000;002003001002001001002001;000;RESERVA ESPECIAL PARA REVISÃO DE PLANO;A;"Registra a Reserva Especial para Revisão de Plano, parcela do superávit técnico acumulado que excede o limite da Reserva de Contingência, passível de destinação após três exercícios consecutivos conforme a legislação. Creditada pela transferência do excedente da Reserva de Contingência; debitada pela absorção de déficit ou pela destinação do superávit (3.08.02.00.00.00.00) para fundo previdencial de revisão de plano.";002003001002001001002000;2030000000000;8;V;3;;;;01/10/2026;
DeRE10111000000123456782026090212000000007;;;1;2;1;dere-poc/0.1;01914904;01/10/2026;;5;A;002003001002001002000;002003001002001002;000;(-) DÉFICIT TÉCNICO ACUMULADO;S;;002003001002001000;2030000000000;6;V;3;;;;01/10/2026;
DeRE10111000000123456782026090212000000007;;;1;2;1;dere-poc/0.1;01914904;01/10/2026;;5;A;002003001002001002001000;002003001002001002001;000;(-) DÉFICIT TÉCNICO ACUMULADO;A;"Registra o Déficit Técnico Acumulado, insuficiência patrimonial do plano de benefícios em relação aos seus compromissos totais (provisões matemáticas), apurada na avaliação atuarial. Debitada pela apuração de déficit do exercício em contrapartida a 3.08.01.01.00.00.00; creditada pela apuração de superávit em exercícios posteriores ou pelo equacionamento mediante contribuições extraordinárias.";002003001002001002000;2030000000000;7;V;3;;;;01/10/2026;
DeRE10111000000123456782026090212000000007;;;1;2;1;dere-poc/0.1;01914904;01/10/2026;;5;A;002003002000;002003002;000;FUNDOS;S;;002003000;2030000000000;3;V;3;;;;01/10/2026;
DeRE10111000000123456782026090212000000007;;;1;2;1;dere-poc/0.1;01914904;01/10/2026;;5;A;002003002001000;002003002001;000;FUNDOS PREVIDENCIAIS;S;;002003002000;2030000000000;4;V;3;;;;01/10/2026;
DeRE10111000000123456782026090212000000007;;;1;2;1;dere-poc/0.1;01914904;01/10/2026;;5;A;002003002001001000;002003002001001;000;REVERSÃO DE SALDO POR EXIGÊNCIA REGULAMENTAR;S;;002003002001000;2030000000000;5;V;3;;;;01/10/2026;
DeRE10111000000123456782026090212000000007;;;1;2;1;dere-poc/0.1;01914904;01/10/2026;;5;A;002003002001001001000;002003002001001001;000;FUNDO RESERVA POUPANÇA A RESTITUIR;A;"Registra o fundo previdencial constituído por exigência regulamentar (Fundo Reserva Poupança a Restituir) com a reversão dos saldos da parcela do patrocinador não resgatados pelos participantes que se desligaram do plano. Creditada pela constituição e atualização em contrapartida a 3.07.01.01.01.01.01; debitada pela utilização conforme regulamento (ex.: cobertura de contribuições, restituição ao patrocinador).";002003002001001000;2030000000000;6;V;3;;;;01/10/2026;
DeRE10111000000123456782026090212000000007;;;1;2;1;dere-poc/0.1;01914904;01/10/2026;;5;A;002003002001001002000;002003002001001002;000;RESGATES PARCELADOS;A;"Registra o fundo previdencial constituído por exigência regulamentar com os saldos de participantes que optaram por resgate parcelado, mantidos no plano até o pagamento das parcelas. Creditada pela transferência do saldo de contas quando da opção pelo resgate parcelado e pela atualização; debitada pelo pagamento das parcelas ao ex-participante, com contrapartida em 3.07.01.01.01.01.02.";002003002001001000;2030000000000;6;V;3;;;;01/10/2026;
DeRE10111000000123456782026090212000000007;;;1;2;1;dere-poc/0.1;01914904;01/10/2026;;5;A;002003002001002000;002003002001002;000;REVISÃO DE PLANO;S;;002003002001000;2030000000000;5;V;3;;;;01/10/2026;
DeRE10111000000123456782026090212000000007;;;1;2;1;dere-poc/0.1;01914904;01/10/2026;;5;A;002003002001002001000;002003002001002001;000;REDUÇÃO/SUSPENSÃO DE CONTRIBUIÇÕES;S;;002003002001002000;2030000000000;6;V;3;;;;01/10/2026;
DeRE10111000000123456782026090212000000007;;;1;2;1;dere-poc/0.1;01914904;01/10/2026;;5;A;002003002001002001001000;002003002001002001001;000;PATROCINADOR E INSTITUIDOR;S;;002003002001002001000;2030000000000;7;V;3;;;;01/10/2026;
DeRE10111000000123456782026090212000000007;;;1;2;1;dere-poc/0.1;01914904;01/10/2026;;5;A;002003002001002001002000;002003002001002001002;000;PARTICIPANTE E AUTOPATROCINADO;S;;002003002001002001000;2030000000000;7;V;3;;;;01/10/2026;
DeRE10111000000123456782026090212000000007;;;1;2;1;dere-poc/0.1;01914904;01/10/2026;;5;A;002003002001002001003000;002003002001002001003;000;ASSISTIDOS;S;;002003002001002001000;2030000000000;7;V;3;;;;01/10/2026;
DeRE10111000000123456782026090212000000007;;;1;2;1;dere-poc/0.1;01914904;01/10/2026;;5;A;002003002001002002000;002003002001002002;000;MELHORIA DE BENEFÍCIO;S;;002003002001002000;2030000000000;6;V;3;;;;01/10/2026;
DeRE10111000000123456782026090212000000007;;;1;2;1;dere-poc/0.1;01914904;01/10/2026;;5;A;002003002001002002001000;002003002001002002001;000;PARTICIPANTE E AUTOPATROCINADO;S;;002003002001002002000;2030000000000;7;V;3;;;;01/10/2026;
DeRE10111000000123456782026090212000000007;;;1;2;1;dere-poc/0.1;01914904;01/10/2026;;5;A;002003002001002002002000;002003002001002002002;000;ASSISTIDOS;S;;002003002001002002000;2030000000000;7;V;3;;;;01/10/2026;
DeRE10111000000123456782026090212000000007;;;1;2;1;dere-poc/0.1;01914904;01/10/2026;;5;A;002003002001002003000;002003002001002003;000;REVERSÃO DE VALORES;S;;002003002001002000;2030000000000;6;V;3;;;;01/10/2026;
DeRE10111000000123456782026090212000000007;;;1;2;1;dere-poc/0.1;01914904;01/10/2026;;5;A;002003002001002003001000;002003002001002003001;000;PATROCINADOR E INSTITUIDOR;S;;002003002001002003000;2030000000000;7;V;3;;;;01/10/2026;
DeRE10111000000123456782026090212000000007;;;1;2;1;dere-poc/0.1;01914904;01/10/2026;;5;A;002003002001002003002000;002003002001002003002;000;PARTICIPANTE E AUTOPATROCINADO;S;;002003002001002003000;2030000000000;7;V;3;;;;01/10/2026;
DeRE10111000000123456782026090212000000007;;;1;2;1;dere-poc/0.1;01914904;01/10/2026;;5;A;002003002001002003003000;002003002001002003003;000;ASSISTIDOS;S;;002003002001002003000;2030000000000;7;V;3;;;;01/10/2026;
DeRE10111000000123456782026090212000000007;;;1;2;1;dere-poc/0.1;01914904;01/10/2026;;5;A;002003002001003000;002003002001003;000;OUTROS - PREVISTOS EM NOTA TÉCNICA ATUARIAL;S;;002003002001000;2030000000000;5;V;3;;;;01/10/2026;
DeRE10111000000123456782026090212000000007;;;1;2;1;dere-poc/0.1;01914904;01/10/2026;;5;A;002003002001004000;002003002001004;000;FUNDO PREVIDENCIAL DE PROTEÇÃO À LONGEVIDADE;S;;002003002001000;2030000000000;5;V;3;;;;01/10/2026;
DeRE10111000000123456782026090212000000007;;;1;2;1;dere-poc/0.1;01914904;01/10/2026;;5;A;002003002002000;002003002002;000;FUNDOS ADMINISTRATIVOS;S;;002003002000;2030000000000;4;V;3;;;;01/10/2026;
DeRE10111000000123456782026090212000000007;;;1;2;1;dere-poc/0.1;01914904;01/10/2026;;5;A;002003002002001000;002003002002001;000;PLANO DE GESTÃO ADMINISTRATIVA;S;;002003002002000;2030000000000;5;V;3;;;;01/10/2026;
DeRE10111000000123456782026090212000000007;;;1;2;1;dere-poc/0.1;01914904;01/10/2026;;5;A;002003002002001001000;002003002002001001;000;FUNDO ADMINISTRATIVO COM PARTICIPAÇÃO DOS PLANOS;S;;002003002002001000;2030000000000;6;C;3;;;;01/10/2026;
DeRE10111000000123456782026090212000000007;;;1;2;1;dere-poc/0.1;01914904;01/10/2026;;5;A;002003002002001001001000;002003002002001001001;000;CONSTITUIÇÃO;A;"Registra a constituição do Fundo Administrativo do PGA, formado pela diferença positiva apurada entre as receitas e despesas da Gestão Administrativa, com participação dos planos de benefícios. Creditada pela constituição do resultado positivo em contrapartida a 4.07.01.00.00.00.00; debitada pela reversão para cobertura de resultado negativo ou de despesas administrativas.";002003002002001001000;2030000000000;7;C;3;;;;01/10/2026;
DeRE10111000000123456782026090212000000007;;;1;2;1;dere-poc/0.1;01914904;01/10/2026;;5;A;002003002002001001002000;002003002002001001002;000;ATUALIZAÇÃO;A;"Registra a atualização do Fundo Administrativo do PGA pela rentabilidade líquida dos investimentos vinculados aos recursos administrativos. Creditada pela atualização positiva em contrapartida a 4.07.02.00.00.00.00; debitada pela atualização negativa ou pela reversão do fundo.";002003002002001001000;2030000000000;7;C;3;;;;01/10/2026;
DeRE10111000000123456782026090212000000007;;;1;2;1;dere-poc/0.1;01914904;01/10/2026;;5;A;002003002002002000;002003002002002;000;PARTICIPACÃO NO FUNDO ADMINISTRATIVO PGA;S;;002003002002000;2030000000000;5;V;3;;;;01/10/2026;
DeRE10111000000123456782026090212000000007;;;1;2;1;dere-poc/0.1;01914904;01/10/2026;;5;A;002003002002002001000;002003002002002001;000;CONSTITUIÇÃO;A;"Registra, no plano de benefícios, a constituição da parcela do fundo administrativo do PGA que pertence ao plano (participação no fundo administrativo). Creditada pela constituição da participação, em contrapartida ao ativo 1.02.02.03.01.00.00; debitada pela reversão ou utilização do fundo para cobertura de despesas administrativas do plano.";002003002002002000;2030000000000;6;C;3;;;;01/10/2026;
DeRE10111000000123456782026090212000000007;;;1;2;1;dere-poc/0.1;01914904;01/10/2026;;5;A;002003002002002002000;002003002002002002;000;ATUALIZAÇÃO;A;"Registra, no plano de benefícios, a atualização da parcela do fundo administrativo do PGA pertencente ao plano, pela rentabilidade dos recursos administrativos. Creditada pela atualização positiva, em contrapartida ao ativo 1.02.02.03.01.00.00; debitada pela atualização negativa ou pela reversão da participação.";002003002002002000;2030000000000;6;C;3;;;;01/10/2026;
DeRE10111000000123456782026090212000000007;;;1;2;1;dere-poc/0.1;01914904;01/10/2026;;5;A;002003002002003000;002003002002003;000;FUNDO ADMINISTRATIVO COMPARTILHADO;S;;002003002002000;2030000000000;5;V;3;;;;01/10/2026;
DeRE10111000000123456782026090212000000007;;;1;2;1;dere-poc/0.1;01914904;01/10/2026;;5;A;002003002003000;002003002003;000;FUNDOS PARA GARANTIA DAS OPERAÇÕES COM PARTICIPANTES;S;;002003002000;2030000000000;4;V;3;;;;01/10/2026;
DeRE10111000000123456782026090212000000007;;;1;2;1;dere-poc/0.1;01914904;01/10/2026;;5;A;002004000;002004;000;GESTÃO ASSISTENCIAL;S;;002000;2040000000000;2;C;3;;;;01/10/2026;
DeRE10111000000123456782026090212000000007;;;1;2;1;dere-poc/0.1;01914904;01/10/2026;;5;A;003000;003;000;GESTÃO PREVIDENCIAL;S;;;3000000000000;1;V;4;;;;01/10/2026;
DeRE10111000000123456782026090212000000007;;;1;2;1;dere-poc/0.1;01914904;01/10/2026;;5;A;003001000;003001;000;ADIÇÕES;S;;003000;3010000000000;2;C;4;;;;01/10/2026;
DeRE10111000000123456782026090212000000007;;;1;2;1;dere-poc/0.1;01914904;01/10/2026;;5;A;003001001000;003001001;000;CORRENTES;S;;003001000;3010000000000;3;C;4;;;;01/10/2026;
DeRE10111000000123456782026090212000000007;;;1;2;1;dere-poc/0.1;01914904;01/10/2026;;5;A;003001001001000;003001001001;000;PATROCINADOR(ES);S;;003001001000;3010000000000;4;C;4;;;;01/10/2026;
DeRE10111000000123456782026090212000000007;;;1;2;1;dere-poc/0.1;01914904;01/10/2026;;5;A;003001001001001000;003001001001001;000;CONTRIBUIÇÕES NORMAIS;S;;003001001001000;3010000000000;5;C;4;;;;01/10/2026;
DeRE10111000000123456782026090212000000007;;;1;2;1;dere-poc/0.1;01914904;01/10/2026;;5;A;003001001001001001000;003001001001001001;000;APOSENTADORIA;A;"Registra as contribuições normais do patrocinador destinadas à formação da reserva de aposentadoria (conta de aposentadoria) dos participantes, previstas no plano de custeio. Creditada pela apropriação mensal da contribuição em contrapartida a 1.02.01.01.01.01.01; debitada por estornos ou pelo encerramento do exercício.";003001001001001000;3010000000000;6;C;4;111250001;0;;01/10/2026;
DeRE10111000000123456782026090212000000007;;;1;2;1;dere-poc/0.1;01914904;01/10/2026;;5;A;003001001001001002000;003001001001001002;000;CONTRIBUIÇÃO EDUCACIONAL;A;"Registra as contribuições normais do patrocinador de natureza educacional (contribuição destinada a custear benefício ou programa educacional previsto no regulamento), conforme plano de custeio. Creditada pela apropriação mensal; debitada por estornos ou pelo encerramento do exercício.";003001001001001000;3010000000000;6;C;4;111250001;0;;01/10/2026;
DeRE10111000000123456782026090212000000007;;;1;2;1;dere-poc/0.1;01914904;01/10/2026;;5;A;003001001001001003000;003001001001001003;000;COBERTURA DE RISCO;A;"Registra as contribuições normais do patrocinador destinadas à cobertura de riscos (benefícios não programados de invalidez e morte), conforme plano de custeio e avaliação atuarial. Creditada pela apropriação mensal; debitada por estornos ou pelo encerramento do exercício.";003001001001001000;3010000000000;6;C;4;111250001;0;;01/10/2026;
DeRE10111000000123456782026090212000000007;;;1;2;1;dere-poc/0.1;01914904;01/10/2026;;5;A;003001001001001004000;003001001001001004;000;EVENTUAIS;A;"Registra as contribuições eventuais do patrocinador, de caráter esporádico e não previstas de forma regular no plano de custeio, destinadas ao plano de benefícios conforme regulamento. Creditada pela apropriação da contribuição quando efetuada; debitada por estornos ou pelo encerramento do exercício.";003001001001001000;3010000000000;6;C;4;111250001;0;;01/10/2026;
DeRE10111000000123456782026090212000000007;;;1;2;1;dere-poc/0.1;01914904;01/10/2026;;5;A;003001001001001005000;003001001001001005;000;TAXA DE CARREGAMENTO;A;"Registra a parcela das contribuições normais do patrocinador destinada à taxa de carregamento (custeio administrativo), apropriada na Gestão Previdencial e posteriormente transferida ao PGA. Creditada pela apropriação mensal; debitada pela transferência ao PGA via 3.04.02.01.00.00.00 ou pelo encerramento do exercício.";003001001001001000;3010000000000;6;C;4;111250001;0;;01/10/2026;
DeRE10111000000123456782026090212000000007;;;1;2;1;dere-poc/0.1;01914904;01/10/2026;;5;A;003001001001001006000;003001001001001006;000;CONTRIBUIÇÃO SUPLEMENTAR;A;"Registra as contribuições suplementares do patrocinador, adicionais às contribuições normais, previstas no regulamento ou plano de custeio para reforço das reservas do plano. Creditada pela apropriação da contribuição; debitada por estornos ou pelo encerramento do exercício.";003001001001001000;3010000000000;6;C;4;111250001;0;;01/10/2026;
DeRE10111000000123456782026090212000000007;;;1;2;1;dere-poc/0.1;01914904;01/10/2026;;5;A;003001001001001007000;003001001001001007;000;CONTA APOSENTADORIA VINCULADA;A;"Registra as contribuições do patrocinador destinadas à conta de aposentadoria vinculada dos participantes (parcela vinculada a condições regulamentares específicas, como tempo de vinculação/vesting). Creditada pela apropriação mensal; debitada por estornos ou pelo encerramento do exercício.";003001001001001000;3010000000000;6;C;4;111250001;0;;01/10/2026;
DeRE10111000000123456782026090212000000007;;;1;2;1;dere-poc/0.1;01914904;01/10/2026;;5;A;003001001001001008000;003001001001001008;000;CONTRIBUIÇÃO FACULTATIVA;A;"Registra as contribuições facultativas do patrocinador, realizadas por liberalidade em favor dos participantes, sem obrigatoriedade no plano de custeio. Creditada pela apropriação da contribuição quando efetuada; debitada por estornos ou pelo encerramento do exercício.";003001001001001000;3010000000000;6;C;4;111250001;0;;01/10/2026;
DeRE10111000000123456782026090212000000007;;;1;2;1;dere-poc/0.1;01914904;01/10/2026;;5;A;003001001001001009000;003001001001001009;000;ADICIONAL;A;"Registra as contribuições adicionais do patrocinador, previstas em regulamento como acréscimo às contribuições normais (ex.: contrapartida a contribuições adicionais dos participantes). Creditada pela apropriação da contribuição; debitada por estornos ou pelo encerramento do exercício.";003001001001001000;3010000000000;6;C;4;111250001;0;;01/10/2026;
DeRE10111000000123456782026090212000000007;;;1;2;1;dere-poc/0.1;01914904;01/10/2026;;5;A;003001001001001010000;003001001001001010;000;PROVISÃO 13° SALÁRIO;A;"Registra os duodécimos mensais da contribuição normal do patrocinador incidente sobre o 13º salário, apropriados por competência ao longo do ano. Creditada pela apropriação mensal do duodécimo em contrapartida a 1.02.01.01.03.xx; debitada pela reversão quando do recebimento da contribuição sobre o 13º ou pelo encerramento do exercício.";003001001001001000;3010000000000;6;C;4;111250001;0;;01/10/2026;
DeRE10111000000123456782026090212000000007;;;1;2;1;dere-poc/0.1;01914904;01/10/2026;;5;A;003001001001002000;003001001001002;000;CONTRIBUIÇÕES EXTRAORDINÁRIAS;S;;003001001001000;3010000000000;5;C;4;;;;01/10/2026;
DeRE10111000000123456782026090212000000007;;;1;2;1;dere-poc/0.1;01914904;01/10/2026;;5;A;003001001001002001000;003001001001002001;000;SERVICO PASSADO;S;;003001001001002000;3010000000000;6;C;4;;;;01/10/2026;
DeRE10111000000123456782026090212000000007;;;1;2;1;dere-poc/0.1;01914904;01/10/2026;;5;A;003001001001002002000;003001001001002002;000;EQUACIONAMENTO DE DÉFICIT;S;;003001001001002000;3010000000000;6;C;4;;;;01/10/2026;
DeRE10111000000123456782026090212000000007;;;1;2;1;dere-poc/0.1;01914904;01/10/2026;;5;A;003001001001002003000;003001001001002003;000;OUTRAS;S;;003001001001002000;3010000000000;6;C;4;;;;01/10/2026;
DeRE10111000000123456782026090212000000007;;;1;2;1;dere-poc/0.1;01914904;01/10/2026;;5;A;003001001002000;003001001002;000;INSTITUIDOR(ES);S;;003001001000;3010000000000;4;C;4;;;;01/10/2026;
DeRE10111000000123456782026090212000000007;;;1;2;1;dere-poc/0.1;01914904;01/10/2026;;5;A;003001001002001000;003001001002001;000;CONTRIBUIÇÕES NORMAIS;S;;003001001002000;3010000000000;5;C;4;;;;01/10/2026;
DeRE10111000000123456782026090212000000007;;;1;2;1;dere-poc/0.1;01914904;01/10/2026;;5;A;003001001002002000;003001001002002;000;CONTRIBUIÇÕES EXTRAORDINÁRIAS;S;;003001001002000;3010000000000;5;C;4;;;;01/10/2026;
DeRE10111000000123456782026090212000000007;;;1;2;1;dere-poc/0.1;01914904;01/10/2026;;5;A;003001001003000;003001001003;000;PARTICIPANTES;S;;003001001000;3010000000000;4;C;4;;;;01/10/2026;
DeRE10111000000123456782026090212000000007;;;1;2;1;dere-poc/0.1;01914904;01/10/2026;;5;A;003001001003001000;003001001003001;000;ATIVOS;S;;003001001003000;3010000000000;5;C;4;;;;01/10/2026;
DeRE10111000000123456782026090212000000007;;;1;2;1;dere-poc/0.1;01914904;01/10/2026;;5;A;003001001003001001000;003001001003001001;000;CONTRIBUIÇÕES NORMAIS;S;;003001001003001000;3010000000000;6;C;4;;;;01/10/2026;
DeRE10111000000123456782026090212000000007;;;1;2;1;dere-poc/0.1;01914904;01/10/2026;;5;A;003001001003001001001000;003001001003001001001;000;REGULAR;S;;003001001003001001000;3010000000000;7;C;4;;;;01/10/2026;
DeRE10111000000123456782026090212000000007;;;1;2;1;dere-poc/0.1;01914904;01/10/2026;;5;A;003001001003001001001001000;003001001003001001001001;000;NORMAL;A;"Registra as contribuições normais regulares (mensais) dos participantes ativos, destinadas à constituição de reservas para pagamento de benefícios, previstas no plano de custeio. Creditada pela apropriação mensal em contrapartida a 1.02.01.01.01.03.01; debitada por estornos ou pelo encerramento do exercício.";003001001003001001001000;3010000000000;8;C;4;111250001;0;;01/10/2026;
DeRE10111000000123456782026090212000000007;;;1;2;1;dere-poc/0.1;01914904;01/10/2026;;5;A;003001001003001001001002000;003001001003001001001002;000;VOLUNTÁRIA;A;"Registra as contribuições normais dos participantes ativos realizadas de forma voluntária/esporádica, sem periodicidade fixa, destinadas ao reforço de suas reservas individuais. Creditada pela apropriação da contribuição quando efetuada; debitada por estornos ou pelo encerramento do exercício.";003001001003001001001000;3010000000000;8;C;4;111250001;0;;01/10/2026;
DeRE10111000000123456782026090212000000007;;;1;2;1;dere-poc/0.1;01914904;01/10/2026;;5;A;003001001003001001001003000;003001001003001001001003;000;TAXA DE CARREGAMENTO;A;"Registra a parcela das contribuições normais dos participantes ativos destinada à taxa de carregamento (custeio administrativo), apropriada na Gestão Previdencial e transferida ao PGA. Creditada pela apropriação mensal; debitada pela transferência ao PGA via 3.04.02.01.00.00.00 ou pelo encerramento do exercício.";003001001003001001001000;3010000000000;8;C;4;111250001;0;;01/10/2026;
DeRE10111000000123456782026090212000000007;;;1;2;1;dere-poc/0.1;01914904;01/10/2026;;5;A;003001001003001001001004000;003001001003001001001004;000;PROVISÃO 13° SALÁRIO;A;"Registra os duodécimos mensais das contribuições normais dos participantes ativos incidentes sobre o 13º salário, apropriados por competência ao longo do ano. Creditada pela apropriação mensal em contrapartida a 1.02.01.01.03.03.01; debitada pela reversão quando do recebimento da contribuição sobre o 13º ou pelo encerramento do exercício.";003001001003001001001000;3010000000000;8;C;4;111250001;0;;01/10/2026;
DeRE10111000000123456782026090212000000007;;;1;2;1;dere-poc/0.1;01914904;01/10/2026;;5;A;003001001003001001002000;003001001003001001002;000;VOLUNTÁRIA;S;;003001001003001001000;3010000000000;7;C;4;;;;01/10/2026;
DeRE10111000000123456782026090212000000007;;;1;2;1;dere-poc/0.1;01914904;01/10/2026;;5;A;003001001003001001002001000;003001001003001001002001;000;CONTRIBUIÇÃO ADICIONAL;A;"Registra as contribuições adicionais voluntárias dos participantes ativos, efetuadas de forma esporádica além da contribuição regular, para aumento do saldo de contas individual. Creditada pela apropriação da contribuição quando efetuada; debitada por estornos ou pelo encerramento do exercício.";003001001003001001002000;3010000000000;8;C;4;111250001;0;;01/10/2026;
DeRE10111000000123456782026090212000000007;;;1;2;1;dere-poc/0.1;01914904;01/10/2026;;5;A;003001001003001002000;003001001003001002;000;CONTRIBUIÇÕES EXTRAORDINÁRIAS;S;;003001001003001000;3010000000000;6;C;4;;;;01/10/2026;
DeRE10111000000123456782026090212000000007;;;1;2;1;dere-poc/0.1;01914904;01/10/2026;;5;A;003001001003001002001000;003001001003001002001;000;SERVIÇO PASSADO;S;;003001001003001002000;3010000000000;7;C;4;;;;01/10/2026;
DeRE10111000000123456782026090212000000007;;;1;2;1;dere-poc/0.1;01914904;01/10/2026;;5;A;003001001003001002001001000;003001001003001002001001;000;JÓIA;A;"Registra as contribuições extraordinárias dos participantes ativos a título de jóia (serviço passado), destinadas à cobertura do custo de tempo de serviço anterior à adesão ao plano, conforme regulamento e cálculo atuarial. Creditada pela apropriação da jóia (à vista ou parcelada); debitada por estornos ou pelo encerramento do exercício.";003001001003001002001000;3010000000000;8;C;4;111250001;0;;01/10/2026;
DeRE10111000000123456782026090212000000007;;;1;2;1;dere-poc/0.1;01914904;01/10/2026;;5;A;003001001003001002001002000;003001001003001002001002;000;PROVISÃO 13° SALÁRIO;A;"Registra os duodécimos das contribuições extraordinárias de serviço passado (jóia) dos participantes ativos incidentes sobre o 13º salário, apropriados por competência. Creditada pela apropriação mensal; debitada pela reversão quando do recebimento da contribuição sobre o 13º ou pelo encerramento do exercício.";003001001003001002001000;3010000000000;8;C;4;111250001;0;;01/10/2026;
DeRE10111000000123456782026090212000000007;;;1;2;1;dere-poc/0.1;01914904;01/10/2026;;5;A;003001001003001002002000;003001001003001002002;000;EQUACIONAMENTO DE DÉFICIT;S;;003001001003001002000;3010000000000;7;C;4;;;;01/10/2026;
DeRE10111000000123456782026090212000000007;;;1;2;1;dere-poc/0.1;01914904;01/10/2026;;5;A;003001001003001002003000;003001001003001002003;000;OUTRAS;S;;003001001003001002000;3010000000000;7;C;4;;;;01/10/2026;
DeRE10111000000123456782026090212000000007;;;1;2;1;dere-poc/0.1;01914904;01/10/2026;;5;A;003001001003002000;003001001003002;000;ASSISTIDOS;S;;003001001003000;3010000000000;5;C;4;;;;01/10/2026;
DeRE10111000000123456782026090212000000007;;;1;2;1;dere-poc/0.1;01914904;01/10/2026;;5;A;003001001003002001000;003001001003002001;000;CONTRIBUIÇÕES NORMAIS;S;;003001001003002000;3010000000000;6;C;4;;;;01/10/2026;
DeRE10111000000123456782026090212000000007;;;1;2;1;dere-poc/0.1;01914904;01/10/2026;;5;A;003001001003002001001000;003001001003002001001;000;TAXA DE CARREGAMENTO;A;"Registra a parcela das contribuições normais dos assistidos (descontadas dos benefícios) destinada à taxa de carregamento (custeio administrativo), apropriada na Gestão Previdencial e transferida ao PGA. Creditada pela apropriação na folha de benefícios; debitada pela transferência ao PGA ou pelo encerramento do exercício.";003001001003002001000;3010000000000;7;C;4;111250001;0;;01/10/2026;
DeRE10111000000123456782026090212000000007;;;1;2;1;dere-poc/0.1;01914904;01/10/2026;;5;A;003001001003002002000;003001001003002002;000;CONTRIBUIÇÕES EXTRAORDINÁRIAS;S;;003001001003002000;3010000000000;6;C;4;;;;01/10/2026;
DeRE10111000000123456782026090212000000007;;;1;2;1;dere-poc/0.1;01914904;01/10/2026;;5;A;003001001003002002001000;003001001003002002001;000;SERVICO PASSADO;S;;003001001003002002000;3010000000000;7;C;4;;;;01/10/2026;
DeRE10111000000123456782026090212000000007;;;1;2;1;dere-poc/0.1;01914904;01/10/2026;;5;A;003001001003002002002000;003001001003002002002;000;EQUACIONAMENTO DE DÉFICIT;S;;003001001003002002000;3010000000000;7;C;4;;;;01/10/2026;
DeRE10111000000123456782026090212000000007;;;1;2;1;dere-poc/0.1;01914904;01/10/2026;;5;A;003001001003002002003000;003001001003002002003;000;OUTRAS;S;;003001001003002002000;3010000000000;7;C;4;;;;01/10/2026;
DeRE10111000000123456782026090212000000007;;;1;2;1;dere-poc/0.1;01914904;01/10/2026;;5;A;003001001004000;003001001004;000;AUTOPATROCINADOS;S;;003001001000;3010000000000;4;C;4;;;;01/10/2026;
DeRE10111000000123456782026090212000000007;;;1;2;1;dere-poc/0.1;01914904;01/10/2026;;5;A;003001001004001000;003001001004001;000;CONTRIBUIÇÕES NORMAIS;S;;003001001004000;3010000000000;5;C;4;;;;01/10/2026;
DeRE10111000000123456782026090212000000007;;;1;2;1;dere-poc/0.1;01914904;01/10/2026;;5;A;003001001004001001000;003001001004001001;000;REGULAR;S;;003001001004001000;3010000000000;6;C;4;;;;01/10/2026;
DeRE10111000000123456782026090212000000007;;;1;2;1;dere-poc/0.1;01914904;01/10/2026;;5;A;003001001004001001001000;003001001004001001001;000;NORMAL;A;"Registra as contribuições normais regulares (mensais) dos participantes autopatrocinados, que assumem também a parcela que seria do patrocinador, destinadas à constituição de reservas, conforme plano de custeio. Creditada pela apropriação mensal em contrapartida a 1.02.01.01.01.04.01; debitada por estornos ou pelo encerramento do exercício.";003001001004001001000;3010000000000;7;C;4;111250001;0;;01/10/2026;
DeRE10111000000123456782026090212000000007;;;1;2;1;dere-poc/0.1;01914904;01/10/2026;;5;A;003001001004001001002000;003001001004001001002;000;TAXA DE CARREGAMENTO;A;"Registra a parcela das contribuições normais dos participantes autopatrocinados destinada à taxa de carregamento (custeio administrativo), apropriada na Gestão Previdencial e transferida ao PGA. Creditada pela apropriação mensal; debitada pela transferência ao PGA ou pelo encerramento do exercício.";003001001004001001000;3010000000000;7;C;4;111250001;0;;01/10/2026;
DeRE10111000000123456782026090212000000007;;;1;2;1;dere-poc/0.1;01914904;01/10/2026;;5;A;003001001004001002000;003001001004001002;000;VOLUNTÁRIA;S;;003001001004001000;3010000000000;6;C;4;;;;01/10/2026;
DeRE10111000000123456782026090212000000007;;;1;2;1;dere-poc/0.1;01914904;01/10/2026;;5;A;003001001004001002001000;003001001004001002001;000;CONTRIBUIÇÃO ADICIONAL;A;"Registra as contribuições adicionais voluntárias dos participantes autopatrocinados, efetuadas de forma esporádica além da contribuição regular, para aumento do saldo de contas individual. Creditada pela apropriação da contribuição quando efetuada; debitada por estornos ou pelo encerramento do exercício.";003001001004001002000;3010000000000;7;C;4;111250001;0;;01/10/2026;
DeRE10111000000123456782026090212000000007;;;1;2;1;dere-poc/0.1;01914904;01/10/2026;;5;A;003001001004002000;003001001004002;000;CONTRIBUIÇÕES EXTRAORDINÁRIAS;S;;003001001004000;3010000000000;5;C;4;;;;01/10/2026;
DeRE10111000000123456782026090212000000007;;;1;2;1;dere-poc/0.1;01914904;01/10/2026;;5;A;003001001004002001000;003001001004002001;000;SERVIÇO PASSADO;S;;003001001004002000;3010000000000;6;C;4;;;;01/10/2026;
DeRE10111000000123456782026090212000000007;;;1;2;1;dere-poc/0.1;01914904;01/10/2026;;5;A;003001001004002002000;003001001004002002;000;EQUACIONAMENTO DE DEFICIT;S;;003001001004002000;3010000000000;6;C;4;;;;01/10/2026;
DeRE10111000000123456782026090212000000007;;;1;2;1;dere-poc/0.1;01914904;01/10/2026;;5;A;003001001004002003000;003001001004002003;000;OUTRAS;S;;003001001004002000;3010000000000;6;C;4;;;;01/10/2026;
DeRE10111000000123456782026090212000000007;;;1;2;1;dere-poc/0.1;01914904;01/10/2026;;5;A;003001001005000;003001001005;000;PARTICIPANTES EM BPD;S;;003001001000;3010000000000;4;C;4;;;;01/10/2026;
DeRE10111000000123456782026090212000000007;;;1;2;1;dere-poc/0.1;01914904;01/10/2026;;5;A;003001001005001000;003001001005001;000;CONTRIBUIÇÕES NORMAIS;S;;003001001005000;3010000000000;5;C;4;;;;01/10/2026;
DeRE10111000000123456782026090212000000007;;;1;2;1;dere-poc/0.1;01914904;01/10/2026;;5;A;003001001005001001000;003001001005001001;000;APOSENTADORIA;A;"Registra as contribuições normais dos participantes em Benefício Proporcional Diferido (BPD) destinadas à conta de aposentadoria, quando previstas no regulamento e plano de custeio. Creditada pela apropriação da contribuição; debitada por estornos ou pelo encerramento do exercício.";003001001005001000;3010000000000;6;C;4;111250001;0;;01/10/2026;
DeRE10111000000123456782026090212000000007;;;1;2;1;dere-poc/0.1;01914904;01/10/2026;;5;A;003001001005001002000;003001001005001002;000;CONTRIBUIÇÃO EDUCACIONAL;A;"Registra as contribuições normais de natureza educacional dos participantes em BPD, quando previstas no regulamento e plano de custeio. Creditada pela apropriação da contribuição; debitada por estornos ou pelo encerramento do exercício.";003001001005001000;3010000000000;6;C;4;111250001;0;;01/10/2026;
DeRE10111000000123456782026090212000000007;;;1;2;1;dere-poc/0.1;01914904;01/10/2026;;5;A;003001001005001003000;003001001005001003;000;COBERTURA DE RISCO;A;"Registra as contribuições normais dos participantes em BPD destinadas à cobertura de riscos (invalidez e morte), quando mantida a cobertura conforme regulamento. Creditada pela apropriação da contribuição; debitada por estornos ou pelo encerramento do exercício.";003001001005001000;3010000000000;6;C;4;111250001;0;;01/10/2026;
DeRE10111000000123456782026090212000000007;;;1;2;1;dere-poc/0.1;01914904;01/10/2026;;5;A;003001001005001004000;003001001005001004;000;EVENTUAIS;A;"Registra as contribuições eventuais dos participantes em BPD, de caráter esporádico, conforme regulamento. Creditada pela apropriação da contribuição quando efetuada; debitada por estornos ou pelo encerramento do exercício.";003001001005001000;3010000000000;6;C;4;111250001;0;;01/10/2026;
DeRE10111000000123456782026090212000000007;;;1;2;1;dere-poc/0.1;01914904;01/10/2026;;5;A;003001001005001005000;003001001005001005;000;TAXA DE CARREGAMENTO;A;"Registra a parcela das contribuições dos participantes em BPD destinada à taxa de carregamento (custeio administrativo), apropriada na Gestão Previdencial e transferida ao PGA. Creditada pela apropriação; debitada pela transferência ao PGA ou pelo encerramento do exercício.";003001001005001000;3010000000000;6;C;4;111250001;0;;01/10/2026;
DeRE10111000000123456782026090212000000007;;;1;2;1;dere-poc/0.1;01914904;01/10/2026;;5;A;003001001005002000;003001001005002;000;CONTRIBUIÇÕES EXTRAORDINÁRIAS;S;;003001001005000;3010000000000;5;C;4;;;;01/10/2026;
DeRE10111000000123456782026090212000000007;;;1;2;1;dere-poc/0.1;01914904;01/10/2026;;5;A;003001001005002001000;003001001005002001;000;EQUACIONAMENTO DE DEFICIT;S;;003001001005002000;3010000000000;6;C;4;;;;01/10/2026;
DeRE10111000000123456782026090212000000007;;;1;2;1;dere-poc/0.1;01914904;01/10/2026;;5;A;003001001005002002000;003001001005002002;000;OUTRAS;S;;003001001005002000;3010000000000;6;C;4;;;;01/10/2026;
DeRE10111000000123456782026090212000000007;;;1;2;1;dere-poc/0.1;01914904;01/10/2026;;5;A;003001001006000;003001001006;000;CONTRIBUIÇÕES DE EMPREGADORES DE PLANOS INSTITUÍDOS;S;;003001001000;3010000000000;4;C;4;;;;01/10/2026;
DeRE10111000000123456782026090212000000007;;;1;2;1;dere-poc/0.1;01914904;01/10/2026;;5;A;003001001007000;003001001007;000;CONTRIBUIÇÕES DE RISCOS TERCEIRIZADOS;S;;003001001000;3010000000000;4;C;4;;;;01/10/2026;
DeRE10111000000123456782026090212000000007;;;1;2;1;dere-poc/0.1;01914904;01/10/2026;;5;A;003001001007001000;003001001007001;000;CONTRIBUIÇÕES DE RISCOS TERCEIRIZADOS - PARTICIPANTES;S;;003001001007000;3010000000000;5;C;4;;;;01/10/2026;
DeRE10111000000123456782026090212000000007;;;1;2;1;dere-poc/0.1;01914904;01/10/2026;;5;A;003001001008000;003001001008;000;PROVISÕES;S;;003001001000;3010000000000;4;C;4;;;;01/10/2026;
DeRE10111000000123456782026090212000000007;;;1;2;1;dere-poc/0.1;01914904;01/10/2026;;5;A;003001001009000;003001001009;000;OUTROS RECURSOS CORRENTES;S;;003001001000;3010000000000;4;C;4;;;;01/10/2026;
DeRE10111000000123456782026090212000000007;;;1;2;1;dere-poc/0.1;01914904;01/10/2026;;5;A;003001002000;003001002;000;REMUNERAÇÃO DAS CONTRIBUIÇÕES EM ATRASO;S;;003001000;3010000000000;3;C;4;;;;01/10/2026;
DeRE10111000000123456782026090212000000007;;;1;2;1;dere-poc/0.1;01914904;01/10/2026;;5;A;003001002001000;003001002001;000;REMUNERAÇÃO DAS CONTRIBUIÇÕES EM ATRASO;A;"Registra os encargos (juros, multa e atualização monetária) devidos por patrocinador, participantes e autopatrocinados pelo atraso no repasse das contribuições previdenciais mensais, normais e extraordinárias, conforme estatuto/regulamento. Creditada pela apropriação dos encargos em contrapartida às contas de Contribuições em Atraso (1.02.01.01.02.xx); debitada por estornos ou pelo encerramento do exercício.";003001002000;3010000000000;4;C;4;111250001;0;;01/10/2026;
DeRE10111000000123456782026090212000000007;;;1;2;1;dere-poc/0.1;01914904;01/10/2026;;5;A;003001003000;003001003;000;RECURSOS PROVENIENTES DE OPERAÇÕES CONTRATADAS;S;;003001000;3010000000000;3;C;4;;;;01/10/2026;
DeRE10111000000123456782026090212000000007;;;1;2;1;dere-poc/0.1;01914904;01/10/2026;;5;A;003001003001000;003001003001;000;CONTRIBUIÇÕES EM ATRASO CONTRATADAS;S;;003001003000;3010000000000;4;C;4;;;;01/10/2026;
DeRE10111000000123456782026090212000000007;;;1;2;1;dere-poc/0.1;01914904;01/10/2026;;5;A;003001003002000;003001003002;000;SERVIÇO PASSADO CONTRATADO;S;;003001003000;3010000000000;4;C;4;;;;01/10/2026;
DeRE10111000000123456782026090212000000007;;;1;2;1;dere-poc/0.1;01914904;01/10/2026;;5;A;003001003003000;003001003003;000;DÉFICIT TECNICO CONTRATADO;S;;003001003000;3010000000000;4;C;4;;;;01/10/2026;
DeRE10111000000123456782026090212000000007;;;1;2;1;dere-poc/0.1;01914904;01/10/2026;;5;A;003001003004000;003001003004;000;OUTRAS CONTRATAÇÕES;S;;003001003000;3010000000000;4;C;4;;;;01/10/2026;
DeRE10111000000123456782026090212000000007;;;1;2;1;dere-poc/0.1;01914904;01/10/2026;;5;A;003001004000;003001004;000;MIGRAÇÕES ENTRE PLANOS;S;;003001000;3010000000000;3;C;4;;;;01/10/2026;
DeRE10111000000123456782026090212000000007;;;1;2;1;dere-poc/0.1;01914904;01/10/2026;;5;A;003001005000;003001005;000;PORTABILIDADE;S;;003001000;3010000000000;3;C;4;;;;01/10/2026;
DeRE10111000000123456782026090212000000007;;;1;2;1;dere-poc/0.1;01914904;01/10/2026;;5;A;003001005001000;003001005001;000;PREVIDÊNCIA COMPLEMENTAR FECHADA;S;;003001005000;3010000000000;4;C;4;;;;01/10/2026;
DeRE10111000000123456782026090212000000007;;;1;2;1;dere-poc/0.1;01914904;01/10/2026;;5;A;003001005002000;003001005002;000;PREVIDÊNCIA COMPLEMENTAR ABERTA;S;;003001005000;3010000000000;4;C;4;;;;01/10/2026;
DeRE10111000000123456782026090212000000007;;;1;2;1;dere-poc/0.1;01914904;01/10/2026;;5;A;003001006000;003001006;000;INDENIZAÇÃO DE RISCO TERCEIRIZADO;S;;003001000;3010000000000;3;C;4;;;;01/10/2026;
DeRE10111000000123456782026090212000000007;;;1;2;1;dere-poc/0.1;01914904;01/10/2026;;5;A;003001007000;003001007;000;ATUALIZAÇÃO DE DEPÓSITOS JUDICIAIS/ RECURSAIS;S;;003001000;3010000000000;3;C;4;;;;01/10/2026;
DeRE10111000000123456782026090212000000007;;;1;2;1;dere-poc/0.1;01914904;01/10/2026;;5;A;003001008000;003001008;000;COMPENSAÇÕES DE FLUXOS PREVIDENCIAIS;S;;003001000;3010000000000;3;C;4;;;;01/10/2026;
DeRE10111000000123456782026090212000000007;;;1;2;1;dere-poc/0.1;01914904;01/10/2026;;5;A;003001009000;003001009;000;RETIRADA DE PATROCÍNIO;S;;003001000;3010000000000;3;C;4;;;;01/10/2026;
DeRE10111000000123456782026090212000000007;;;1;2;1;dere-poc/0.1;01914904;01/10/2026;;5;A;003001009001000;003001009001;000;TRANSFERÊNCIA NA DATA EFETIVA;S;;003001009000;3010000000000;4;C;4;;;;01/10/2026;
DeRE10111000000123456782026090212000000007;;;1;2;1;dere-poc/0.1;01914904;01/10/2026;;5;A;003001009002000;003001009002;000;TRANSFERÊNCIA DE PLANO INSTITUÍDO DE RETIRADA;S;;003001009000;3010000000000;4;C;4;;;;01/10/2026;
DeRE10111000000123456782026090212000000007;;;1;2;1;dere-poc/0.1;01914904;01/10/2026;;5;A;003001010000;003001010;000;RESCISÃO DE CONVÊNIO DE ADESÃO POR INICIATIVA DA EFPC;S;;003001000;3010000000000;3;C;4;;;;01/10/2026;
DeRE10111000000123456782026090212000000007;;;1;2;1;dere-poc/0.1;01914904;01/10/2026;;5;A;003001010001000;003001010001;000;TRANSFERÊNCIA NA DATA EFETIVA;S;;003001010000;3010000000000;4;C;4;;;;01/10/2026;
DeRE10111000000123456782026090212000000007;;;1;2;1;dere-poc/0.1;01914904;01/10/2026;;5;A;003001010002000;003001010002;000;TRANSFERÊNCIA DE PLANO INSTITUÍDO DE RETIRADA;S;;003001010000;3010000000000;4;C;4;;;;01/10/2026;
DeRE10111000000123456782026090212000000007;;;1;2;1;dere-poc/0.1;01914904;01/10/2026;;5;A;003001011000;003001011;000;OUTRAS ADIÇÕES;S;;003001000;3020000000000;3;C;4;;;;01/10/2026;
DeRE10111000000123456782026090212000000007;;;1;2;1;dere-poc/0.1;01914904;01/10/2026;;5;A;003002000;003002;000;DEDUÇÕES;S;;003000;3020000000000;2;D;5;;;;01/10/2026;
DeRE10111000000123456782026090212000000007;;;1;2;1;dere-poc/0.1;01914904;01/10/2026;;5;A;003002001000;003002001;000;BENEFÍCIOS DE PRESTAÇÃO CONTINUADA;S;;003002000;3020000000000;3;D;5;;;;01/10/2026;
DeRE10111000000123456782026090212000000007;;;1;2;1;dere-poc/0.1;01914904;01/10/2026;;5;A;003002001001000;003002001001;000;APOSENTADORIA PROGRAMADA;S;;003002001000;3020000000000;4;D;5;;;;01/10/2026;
DeRE10111000000123456782026090212000000007;;;1;2;1;dere-poc/0.1;01914904;01/10/2026;;5;A;003002001001001000;003002001001001;000;APOSENTADORIA NORMAL - IDADE;A;"Registra as deduções previdenciais decorrentes do pagamento mensal dos benefícios de aposentadoria normal por idade (benefício programado de prestação continuada) aos assistidos. Debitada pela apropriação da folha de benefícios em contrapartida a 2.01.01.01.04.00.00; creditada por estornos ou pelo encerramento do exercício.";003002001001000;3020000000000;5;D;5;111270002;;;01/10/2026;
DeRE10111000000123456782026090212000000007;;;1;2;1;dere-poc/0.1;01914904;01/10/2026;;5;A;003002001001002000;003002001001002;000;APOSENTADORIA ANTECIPADA;A;"Registra as deduções previdenciais decorrentes do pagamento mensal dos benefícios de aposentadoria antecipada (benefício programado de prestação continuada) aos assistidos. Debitada pela apropriação da folha de benefícios em contrapartida a 2.01.01.01.01.00.00; creditada por estornos ou pelo encerramento do exercício.";003002001001000;3020000000000;5;D;5;111270002;;;01/10/2026;
DeRE10111000000123456782026090212000000007;;;1;2;1;dere-poc/0.1;01914904;01/10/2026;;5;A;003002001001003000;003002001001003;000;APOSENTADORIA PROPORCIONAL DIFERIDA;A;"Registra as deduções previdenciais decorrentes do pagamento mensal dos benefícios de aposentadoria proporcional diferida (BPD) aos assistidos. Debitada pela apropriação da folha de benefícios em contrapartida a 2.01.01.01.03.00.00; creditada por estornos ou pelo encerramento do exercício.";003002001001000;3020000000000;5;D;5;111270002;;;01/10/2026;
DeRE10111000000123456782026090212000000007;;;1;2;1;dere-poc/0.1;01914904;01/10/2026;;5;A;003002001001004000;003002001001004;000;PROVISÕES;A;"Registra as provisões relativas aos benefícios de aposentadoria programada, especialmente a apropriação mensal por duodécimos do abono anual (13º benefício) dos aposentados. Debitada pela apropriação mensal da provisão em contrapartida a 2.01.01.01.07.00.00; creditada pela reversão de provisão não utilizada ou pelo encerramento do exercício.";003002001001000;3020000000000;5;D;5;111270002;;;01/10/2026;
DeRE10111000000123456782026090212000000007;;;1;2;1;dere-poc/0.1;01914904;01/10/2026;;5;A;003002001002000;003002001002;000;INVALIDEZ;S;;003002001000;3020000000000;4;D;5;;;;01/10/2026;
DeRE10111000000123456782026090212000000007;;;1;2;1;dere-poc/0.1;01914904;01/10/2026;;5;A;003002001002001000;003002001002001;000;APOSENTADORIA POR INVALIDEZ;A;"Registra as deduções previdenciais decorrentes do pagamento mensal dos benefícios de aposentadoria por invalidez (benefício não programado de prestação continuada) aos assistidos. Debitada pela apropriação da folha de benefícios em contrapartida a 2.01.01.01.02.00.00; creditada por estornos ou pelo encerramento do exercício.";003002001002000;3020000000000;5;D;5;111270002;;;01/10/2026;
DeRE10111000000123456782026090212000000007;;;1;2;1;dere-poc/0.1;01914904;01/10/2026;;5;A;003002001002002000;003002001002002;000;PROVISÕES;A;"Registra as provisões relativas aos benefícios de aposentadoria por invalidez, especialmente a apropriação mensal por duodécimos do abono anual dos aposentados por invalidez. Debitada pela apropriação mensal em contrapartida a 2.01.01.01.07.00.00; creditada pela reversão de provisão não utilizada ou pelo encerramento do exercício.";003002001002000;3020000000000;5;D;5;111270002;;;01/10/2026;
DeRE10111000000123456782026090212000000007;;;1;2;1;dere-poc/0.1;01914904;01/10/2026;;5;A;003002001003000;003002001003;000;PENSÕES;S;;003002001000;3020000000000;4;D;5;;;;01/10/2026;
DeRE10111000000123456782026090212000000007;;;1;2;1;dere-poc/0.1;01914904;01/10/2026;;5;A;003002001003001000;003002001003001;000;BENEFÍCIO DE PENSÃO;A;"Registra as deduções previdenciais decorrentes do pagamento mensal dos benefícios de pensão por morte (benefício não programado de prestação continuada) aos beneficiários. Debitada pela apropriação da folha de benefícios em contrapartida a 2.01.01.01.05.00.00; creditada por estornos ou pelo encerramento do exercício.";003002001003000;3020000000000;5;D;5;111270002;;;01/10/2026;
DeRE10111000000123456782026090212000000007;;;1;2;1;dere-poc/0.1;01914904;01/10/2026;;5;A;003002001003002000;003002001003002;000;PROVISÕES;A;"Registra as provisões relativas aos benefícios de pensão por morte, especialmente a apropriação mensal por duodécimos do abono anual dos pensionistas. Debitada pela apropriação mensal em contrapartida a 2.01.01.01.07.00.00; creditada pela reversão de provisão não utilizada ou pelo encerramento do exercício.";003002001003000;3020000000000;5;D;5;111270002;;;01/10/2026;
DeRE10111000000123456782026090212000000007;;;1;2;1;dere-poc/0.1;01914904;01/10/2026;;5;A;003002001004000;003002001004;000;AUXÍLIOS;S;;003002001000;3020000000000;4;D;5;;;;01/10/2026;
DeRE10111000000123456782026090212000000007;;;1;2;1;dere-poc/0.1;01914904;01/10/2026;;5;A;003002001005000;003002001005;000;PROVISÕES;S;;003002001000;3020000000000;4;D;5;;;;01/10/2026;
DeRE10111000000123456782026090212000000007;;;1;2;1;dere-poc/0.1;01914904;01/10/2026;;5;A;003002001006000;003002001006;000;OUTROS BENEFÍCIOS DE PRESTAÇÃO CONTINUADA;S;;003002001000;3020000000000;4;D;5;;;;01/10/2026;
DeRE10111000000123456782026090212000000007;;;1;2;1;dere-poc/0.1;01914904;01/10/2026;;5;A;003002002000;003002002;000;BENEFÍCIOS DE PRESTAÇÃO ÚNICA;S;;003002000;3020000000000;3;D;5;;;;01/10/2026;
DeRE10111000000123456782026090212000000007;;;1;2;1;dere-poc/0.1;01914904;01/10/2026;;5;A;003002002001000;003002002001;000;PECÚLIOS;S;;003002002000;3020000000000;4;D;5;;;;01/10/2026;
DeRE10111000000123456782026090212000000007;;;1;2;1;dere-poc/0.1;01914904;01/10/2026;;5;A;003002002002000;003002002002;000;AUXÍLIOS;S;;003002002000;3020000000000;4;D;5;;;;01/10/2026;
DeRE10111000000123456782026090212000000007;;;1;2;1;dere-poc/0.1;01914904;01/10/2026;;5;A;003002002003000;003002002003;000;PROVISÕES;S;;003002002000;3020000000000;4;D;5;;;;01/10/2026;
DeRE10111000000123456782026090212000000007;;;1;2;1;dere-poc/0.1;01914904;01/10/2026;;5;A;003002002004000;003002002004;000;OUTROS BENEFÍCIOS DE PRESTAÇÃO ÚNICA;S;;003002002000;3020000000000;4;D;5;;;;01/10/2026;
DeRE10111000000123456782026090212000000007;;;1;2;1;dere-poc/0.1;01914904;01/10/2026;;5;A;003002003000;003002003;000;INSTITUTOS;S;;003002000;3020000000000;3;D;5;;;;01/10/2026;
DeRE10111000000123456782026090212000000007;;;1;2;1;dere-poc/0.1;01914904;01/10/2026;;5;A;003002003001000;003002003001;000;RESGATE;S;;003002003000;3020000000000;4;D;5;;;;01/10/2026;
DeRE10111000000123456782026090212000000007;;;1;2;1;dere-poc/0.1;01914904;01/10/2026;;5;A;003002003001001000;003002003001001;000;RESGATE TOTAL;S;;003002003001000;3020000000000;5;D;5;;;;01/10/2026;
DeRE10111000000123456782026090212000000007;;;1;2;1;dere-poc/0.1;01914904;01/10/2026;;5;A;003002003001001001000;003002003001001001;000;RESGATE TOTAL;A;"Registra as deduções previdenciais decorrentes de resgates totais do saldo de contas (instituto do resgate) por participantes que se desligaram do plano, conforme regulamento. Debitada pela apropriação do resgate em contrapartida a 2.01.01.01.06.00.00; creditada por estornos ou pelo encerramento do exercício.";003002003001001000;3020000000000;6;D;5;111270002;;;01/10/2026;
DeRE10111000000123456782026090212000000007;;;1;2;1;dere-poc/0.1;01914904;01/10/2026;;5;A;003002003001002000;003002003001002;000;RESGATE PARCIAL;S;;003002003001000;3020000000000;5;D;5;;;;01/10/2026;
DeRE10111000000123456782026090212000000007;;;1;2;1;dere-poc/0.1;01914904;01/10/2026;;5;A;003002003001002001000;003002003001002001;000;RESGATE PARCIAL;A;"Registra as deduções previdenciais decorrentes de resgates parciais do saldo de contas (inclusive parcelas de resgate parcelado) por participantes desligados, conforme regulamento. Debitada pela apropriação do resgate em contrapartida a 2.01.01.01.06.00.00; creditada por estornos ou pelo encerramento do exercício.";003002003001002000;3020000000000;6;D;5;111270002;;;01/10/2026;
DeRE10111000000123456782026090212000000007;;;1;2;1;dere-poc/0.1;01914904;01/10/2026;;5;A;003002003002000;003002003002;000;PORTABILIDADE;S;;003002003000;3020000000000;4;D;5;;;;01/10/2026;
DeRE10111000000123456782026090212000000007;;;1;2;1;dere-poc/0.1;01914904;01/10/2026;;5;A;003002003002001000;003002003002001;000;PREVIDÊNCIA COMPLEMENTAR FECHADA;S;;003002003002000;3020000000000;5;D;5;;;;01/10/2026;
DeRE10111000000123456782026090212000000007;;;1;2;1;dere-poc/0.1;01914904;01/10/2026;;5;A;003002003002002000;003002003002002;000;PREVIDÊNCIA COMPLEMENTAR ABERTA;S;;003002003002000;3020000000000;5;D;5;;;;01/10/2026;
DeRE10111000000123456782026090212000000007;;;1;2;1;dere-poc/0.1;01914904;01/10/2026;;5;A;003002004000;003002004;000;MIGRAÇÕES ENTRE PLANOS;S;;003002000;3020000000000;3;D;5;;;;01/10/2026;
DeRE10111000000123456782026090212000000007;;;1;2;1;dere-poc/0.1;01914904;01/10/2026;;5;A;003002005000;003002005;000;PROVISÃO PARA PERDAS;S;;003002000;3020000000000;3;D;5;;;;01/10/2026;
DeRE10111000000123456782026090212000000007;;;1;2;1;dere-poc/0.1;01914904;01/10/2026;;5;A;003002006000;003002006;000;REPASSE DE PRÊMIO DE RISCOS TERCEIRIZADOS;S;;003002000;3020000000000;3;D;5;;;;01/10/2026;
DeRE10111000000123456782026090212000000007;;;1;2;1;dere-poc/0.1;01914904;01/10/2026;;5;A;003002007000;003002007;000;UTILIZAÇÃO DE FUNDOS PREVIDENCIAIS;S;;003002000;3020000000000;3;D;5;;;;01/10/2026;
DeRE10111000000123456782026090212000000007;;;1;2;1;dere-poc/0.1;01914904;01/10/2026;;5;A;003002007001000;003002007001;000;REDUÇÃO/SUSPENSÃO DE CONTRIBUIÇÕES;S;;003002007000;3020000000000;4;D;5;;;;01/10/2026;
DeRE10111000000123456782026090212000000007;;;1;2;1;dere-poc/0.1;01914904;01/10/2026;;5;A;003002007001001000;003002007001001;000;PATROCINADOR E INSTITUIDOR;S;;003002007001000;3020000000000;5;D;5;;;;01/10/2026;
DeRE10111000000123456782026090212000000007;;;1;2;1;dere-poc/0.1;01914904;01/10/2026;;5;A;003002007001002000;003002007001002;000;PARTICIPANTE E AUTOPATROCINADO;S;;003002007001000;3020000000000;5;D;5;;;;01/10/2026;
DeRE10111000000123456782026090212000000007;;;1;2;1;dere-poc/0.1;01914904;01/10/2026;;5;A;003002007001003000;003002007001003;000;ASSISTIDOS;S;;003002007001000;3020000000000;5;D;5;;;;01/10/2026;
DeRE10111000000123456782026090212000000007;;;1;2;1;dere-poc/0.1;01914904;01/10/2026;;5;A;003002007002000;003002007002;000;MELHORIA DE BENEFÍCIO;S;;003002007000;3020000000000;4;D;5;;;;01/10/2026;
DeRE10111000000123456782026090212000000007;;;1;2;1;dere-poc/0.1;01914904;01/10/2026;;5;A;003002007002001000;003002007002001;000;PARTICIPANTE E AUTOPATROCINADO;S;;003002007002000;3020000000000;5;D;5;;;;01/10/2026;
DeRE10111000000123456782026090212000000007;;;1;2;1;dere-poc/0.1;01914904;01/10/2026;;5;A;003002007002002000;003002007002002;000;ASSISTIDOS;S;;003002007002000;3020000000000;5;D;5;;;;01/10/2026;
DeRE10111000000123456782026090212000000007;;;1;2;1;dere-poc/0.1;01914904;01/10/2026;;5;A;003002007003000;003002007003;000;REVERSÃO DE VALORES;S;;003002007000;3020000000000;4;D;5;;;;01/10/2026;
DeRE10111000000123456782026090212000000007;;;1;2;1;dere-poc/0.1;01914904;01/10/2026;;5;A;003002007003001000;003002007003001;000;PATROCINADOR E INSTITUIDOR;S;;003002007003000;3020000000000;5;D;5;;;;01/10/2026;
DeRE10111000000123456782026090212000000007;;;1;2;1;dere-poc/0.1;01914904;01/10/2026;;5;A;003002007003002000;003002007003002;000;PARTICIPANTE E AUTOPATROCINADO;S;;003002007003000;3020000000000;5;D;5;;;;01/10/2026;
DeRE10111000000123456782026090212000000007;;;1;2;1;dere-poc/0.1;01914904;01/10/2026;;5;A;003002007003003000;003002007003003;000;ASSISTIDOS;S;;003002007003000;3020000000000;5;D;5;;;;01/10/2026;
DeRE10111000000123456782026090212000000007;;;1;2;1;dere-poc/0.1;01914904;01/10/2026;;5;A;003002008000;003002008;000;COMPENSAÇÕES DE FLUXOS PREVIDENCIAIS;S;;003002000;3020000000000;3;D;5;;;;01/10/2026;
DeRE10111000000123456782026090212000000007;;;1;2;1;dere-poc/0.1;01914904;01/10/2026;;5;A;003002009000;003002009;000;RETIRADA DE PATROCÍNIO;S;;003002000;3020000000000;3;D;5;;;;01/10/2026;
DeRE10111000000123456782026090212000000007;;;1;2;1;dere-poc/0.1;01914904;01/10/2026;;5;A;003002009001000;003002009001;000;TRANSFERÊNCIA PARA PLANO INSTITUÍDO DE RETIRADA;S;;003002009000;3020000000000;4;D;5;;;;01/10/2026;
DeRE10111000000123456782026090212000000007;;;1;2;1;dere-poc/0.1;01914904;01/10/2026;;5;A;003002009002000;003002009002;000;TRANSFERÊNCIA PARA OUTRO PLANO DE BENEFÍCIOS;S;;003002009000;3020000000000;4;D;5;;;;01/10/2026;
DeRE10111000000123456782026090212000000007;;;1;2;1;dere-poc/0.1;01914904;01/10/2026;;5;A;003002009003000;003002009003;000;AQUISIÇÃO DE RENDA VITALÍCIA EM EAPC OU SEGURADORA;S;;003002009000;3020000000000;4;D;5;;;;01/10/2026;
DeRE10111000000123456782026090212000000007;;;1;2;1;dere-poc/0.1;01914904;01/10/2026;;5;A;003002009004000;003002009004;000;PAGAMENTO DIRETO AO PARTICIPANTE;S;;003002009000;3020000000000;4;D;5;;;;01/10/2026;
DeRE10111000000123456782026090212000000007;;;1;2;1;dere-poc/0.1;01914904;01/10/2026;;5;A;003002010000;003002010;000;RESCISÃO DE CONVÊNCIO DE ADESÃO POR INICIATIVA DA EFPC;S;;003002000;3020000000000;3;D;5;;;;01/10/2026;
DeRE10111000000123456782026090212000000007;;;1;2;1;dere-poc/0.1;01914904;01/10/2026;;5;A;003002010001000;003002010001;000;TRANSFERÊNCIA PARA PLANO INSTITUÍDO DE RETIRADA;S;;003002010000;3020000000000;4;D;5;;;;01/10/2026;
DeRE10111000000123456782026090212000000007;;;1;2;1;dere-poc/0.1;01914904;01/10/2026;;5;A;003002010002000;003002010002;000;TRANSFERÊNCIA PARA OUTRO PLANO DE BENEFÍCIOS;S;;003002010000;3020000000000;4;D;5;;;;01/10/2026;
DeRE10111000000123456782026090212000000007;;;1;2;1;dere-poc/0.1;01914904;01/10/2026;;5;A;003002010003000;003002010003;000;AQUISIÇÃO DE RENDA VITALÍCIA EM EAPC OU SEGURADORA;S;;003002010000;3020000000000;4;D;5;;;;01/10/2026;
DeRE10111000000123456782026090212000000007;;;1;2;1;dere-poc/0.1;01914904;01/10/2026;;5;A;003002010004000;003002010004;000;PAGAMENTO DIRETO AO PARTICIPANTE;S;;003002010000;3020000000000;4;D;5;;;;01/10/2026;
DeRE10111000000123456782026090212000000007;;;1;2;1;dere-poc/0.1;01914904;01/10/2026;;5;A;003002011000;003002011;000;OUTRAS DEDUÇÕES;S;;003002000;3030000000000;3;D;5;;;;01/10/2026;
DeRE10111000000123456782026090212000000007;;;1;2;1;dere-poc/0.1;01914904;01/10/2026;;5;A;003002011001000;003002011001;000;CONTRIBUIÇÃO ADMINISTRATIVA INSTITUTO RESERVA;A;"Registra a dedução previdencial relativa à contribuição administrativa incidente sobre os institutos (resgate/portabilidade), retida do saldo do participante e destinada ao PGA conforme regulamento (Instituto Reserva). Debitada pela apropriação da contribuição quando do processamento do instituto; creditada pelo encerramento do exercício.";003002011000;3030000000000;4;D;5;111270002;;;01/10/2026;
DeRE10111000000123456782026090212000000007;;;1;2;1;dere-poc/0.1;01914904;01/10/2026;;5;A;003002011002000;003002011002;000;DEDUÇÃO DO FUNDO ACUMULADO;A;"Registra outras deduções do fundo acumulado (saldo de contas) dos participantes não classificáveis nas contas de benefícios e institutos, tais como ajustes e baixas previstas em regulamento. Debitada pela apropriação da dedução; creditada por estornos ou pelo encerramento do exercício.";003002011000;3030000000000;4;D;5;111270002;;;01/10/2026;
DeRE10111000000123456782026090212000000007;;;1;2;1;dere-poc/0.1;01914904;01/10/2026;;5;A;003002011003000;003002011003;000;DEVOLUÇÃO DE CONTRIBUIÇÕES;A;"Registra as deduções previdenciais decorrentes da devolução de contribuições recebidas indevidamente ou a maior de patrocinador e participantes, quando não compensadas. Debitada pela apropriação da devolução em contrapartida a 2.01.01.99.02.00.00; creditada por estornos ou pelo encerramento do exercício.";003002011000;3030000000000;4;D;5;111270002;;;01/10/2026;
DeRE10111000000123456782026090212000000007;;;1;2;1;dere-poc/0.1;01914904;01/10/2026;;5;A;003003000;003003;000;CONSTITUIÇÕES/REVERSÕES DE CONTINGÊNCIAS;S;;003000;3030000000000;2;V;5;;;;01/10/2026;
DeRE10111000000123456782026090212000000007;;;1;2;1;dere-poc/0.1;01914904;01/10/2026;;5;A;003004000;003004;000;COBERTURA/REVERSÃO DE DESPESAS ADMINISTRATIVAS;S;;003000;3040000000000;2;V;5;;;;01/10/2026;
DeRE10111000000123456782026090212000000007;;;1;2;1;dere-poc/0.1;01914904;01/10/2026;;5;A;003004001000;003004001;000;RECURSOS ORIUNDOS DO PGA;S;;003004000;3040000000000;3;V;5;;;;01/10/2026;
DeRE10111000000123456782026090212000000007;;;1;2;1;dere-poc/0.1;01914904;01/10/2026;;5;A;003004002000;003004002;000;CONTRIBUIÇÕES/REEMBOLSOS;S;;003004000;3040000000000;3;V;5;;;;01/10/2026;
DeRE10111000000123456782026090212000000007;;;1;2;1;dere-poc/0.1;01914904;01/10/2026;;5;A;003004002001000;003004002001;000;CONTRIBUIÇÕES/REEMBOLSOS;A;"Registra a transferência de recursos do plano de benefícios para o PGA relativos às contribuições (taxa de carregamento) e reembolsos para custeio administrativo, com a finalidade de cobertura das despesas administrativas. Debitada pela transferência ao PGA em contrapartida a 4.01.01.01.xx; creditada pela reversão de recursos do PGA ao plano ou pelo encerramento do exercício.";003004002000;3040000000000;4;V;5;111270002;;;01/10/2026;
DeRE10111000000123456782026090212000000007;;;1;2;1;dere-poc/0.1;01914904;01/10/2026;;5;A;003004003000;003004003;000;DOAÇÕES;S;;003004000;3040000000000;3;V;5;;;;01/10/2026;
DeRE10111000000123456782026090212000000007;;;1;2;1;dere-poc/0.1;01914904;01/10/2026;;5;A;003005000;003005;000;FLUXO DOS INVESTIMENTOS;S;;003000;3050000000000;2;V;5;;;;01/10/2026;
DeRE10111000000123456782026090212000000007;;;1;2;1;dere-poc/0.1;01914904;01/10/2026;;5;A;003005001000;003005001;000;FLUXO POSITIVO DOS INVESTIMENTOS;S;;003005000;3050000000000;3;C;4;;;;01/10/2026;
DeRE10111000000123456782026090212000000007;;;1;2;1;dere-poc/0.1;01914904;01/10/2026;;5;A;003005001001000;003005001001;000;FLUXO POSITIVO DOS INVESTIMENTOS;A;"Registra os recursos oriundos do fluxo líquido positivo dos investimentos do plano de benefícios previdencial, transferidos do Fluxo dos Investimentos (conta 5.08.01.00.00.00.00) para a Gestão Previdencial no encerramento do período. Creditada pela apuração do resultado positivo dos investimentos; debitada pelo encerramento do exercício.";003005001000;3050000000000;4;C;4;111250001;0;;01/10/2026;
DeRE10111000000123456782026090212000000007;;;1;2;1;dere-poc/0.1;01914904;01/10/2026;;5;A;003005002000;003005002;000;FLUXO NEGATIVO DOS INVESTIMENTOS;S;;003005000;3050000000000;3;D;5;;;;01/10/2026;
DeRE10111000000123456782026090212000000007;;;1;2;1;dere-poc/0.1;01914904;01/10/2026;;5;A;003005002001000;003005002001;000;FLUXO NEGATIVO DOS INVESTIMENTOS;A;"Registra os recursos decorrentes do fluxo líquido negativo dos investimentos do plano de benefícios previdencial, transferidos do Fluxo dos Investimentos (conta 5.08.01.00.00.00.00) para a Gestão Previdencial. Debitada pela apuração do resultado negativo dos investimentos; creditada pelo encerramento do exercício.";003005002000;3050000000000;4;V;5;111270002;;;01/10/2026;
DeRE10111000000123456782026090212000000007;;;1;2;1;dere-poc/0.1;01914904;01/10/2026;;5;A;003006000;003006;000;CONSTITUIÇÃO/REVERSÃO DE PROVISÕES MATEMÁTICAS;S;;003000;3060000000000;2;V;5;;;;01/10/2026;
DeRE10111000000123456782026090212000000007;;;1;2;1;dere-poc/0.1;01914904;01/10/2026;;5;A;003006001000;003006001;000;BENEFÍCIOS CONCEDIDOS;A;"Registra a constituição e reversão das provisões matemáticas de benefícios concedidos (assistidos), conforme avaliação atuarial no Plano BD e variação do saldo de contas dos assistidos Submassa CD. Debitada pela constituição/aumento em contrapartida a 2.03.01.01.01.xx; creditada pela reversão/redução das provisões e pelo encerramento do exercício.";003006000;3060000000000;3;V;5;111270002;;;01/10/2026;
DeRE10111000000123456782026090212000000007;;;1;2;1;dere-poc/0.1;01914904;01/10/2026;;5;A;003006002000;003006002;000;BENEFÍCIOS A CONCEDER;A;"Registra a constituição e reversão das provisões matemáticas de benefícios a conceder (participantes ativos, autopatrocinados e em BPD), conforme avaliação atuarial no Plano BD e variação do saldo de contas Submassa CD. Debitada pela constituição/aumento em contrapartida a 2.03.01.01.02.xx; creditada pela reversão/redução e pelo encerramento do exercício.";003006000;3060000000000;3;V;5;111270002;;;01/10/2026;
DeRE10111000000123456782026090212000000007;;;1;2;1;dere-poc/0.1;01914904;01/10/2026;;5;A;003006003000;003006003;000;PROVISÕES MATEMÁTICAS A CONSTITUIR;A;"Registra a constituição e reversão das provisões matemáticas a constituir (serviço passado, equacionamento de déficit e ajustes das contribuições extraordinárias), conforme avaliação atuarial. Creditada pela constituição/aumento do valor a integralizar em contrapartida a 2.03.01.01.03.xx; debitada pela amortização/reversão e pelo encerramento do exercício.";003006000;3060000000000;3;V;5;111270002;;;01/10/2026;
DeRE10111000000123456782026090212000000007;;;1;2;1;dere-poc/0.1;01914904;01/10/2026;;5;A;003007000;003007;000;CONSTITUIÇÃO/ UTILIZAÇÃO DE FUNDOS PREVIDENCIAIS;S;;003000;3070000000000;2;V;5;;;;01/10/2026;
DeRE10111000000123456782026090212000000007;;;1;2;1;dere-poc/0.1;01914904;01/10/2026;;5;A;003007001000;003007001;000;CONSTITUIÇÃO/ ATUALIZAÇÃO DE FUNDOS PREVIDENCIAIS;S;;003007000;3070000000000;3;V;5;;;;01/10/2026;
DeRE10111000000123456782026090212000000007;;;1;2;1;dere-poc/0.1;01914904;01/10/2026;;5;A;003007001001000;003007001001;000;FUNDO DE REVERSÃO DE SALDO POR EXIGÊNCIA REGULAMENTAR;S;;003007001000;3070000000000;4;V;5;;;;01/10/2026;
DeRE10111000000123456782026090212000000007;;;1;2;1;dere-poc/0.1;01914904;01/10/2026;;5;A;003007001001001000;003007001001001;000;CONSTITUIÇÃO;S;;003007001001000;3070000000000;5;V;5;;;;01/10/2026;
DeRE10111000000123456782026090212000000007;;;1;2;1;dere-poc/0.1;01914904;01/10/2026;;5;A;003007001001001001000;003007001001001001;000;CONSTITUIÇÃO DE FUNDOS PREVIDENCIAIS;S;;003007001001001000;3070000000000;6;V;5;;;;01/10/2026;
DeRE10111000000123456782026090212000000007;;;1;2;1;dere-poc/0.1;01914904;01/10/2026;;5;A;003007001001001001001000;003007001001001001001;000;FUNDO RESERVA POUPANÇA A RESTITUIR;A;"Registra a constituição e atualização do fundo previdencial Reserva Poupança a Restituir, pela reversão dos saldos da parcela do patrocinador não resgatados pelos participantes desligados, conforme regulamento. Debitada pela constituição/atualização em contrapartida a 2.03.02.01.01.01.00; creditada pela reversão/utilização do fundo e pelo encerramento do exercício.";003007001001001001000;3070000000000;7;V;5;111270002;;;01/10/2026;
DeRE10111000000123456782026090212000000007;;;1;2;1;dere-poc/0.1;01914904;01/10/2026;;5;A;003007001001001001002000;003007001001001001002;000;RESGATES PARCELADOS;A;"Registra a constituição e atualização do fundo previdencial de Resgates Parcelados, formado pelos saldos de participantes que optaram pelo resgate em parcelas, conforme regulamento. Debitada pela constituição/atualização em contrapartida a 2.03.02.01.01.02.00; creditada pela utilização do fundo para pagamento das parcelas e pelo encerramento do exercício.";003007001001001001000;3070000000000;7;V;5;111270002;;;01/10/2026;
DeRE10111000000123456782026090212000000007;;;1;2;1;dere-poc/0.1;01914904;01/10/2026;;5;A;003007001001002000;003007001001002;000;ATUALIZAÇÃO;S;;003007001001000;3070000000000;5;V;5;;;;01/10/2026;
DeRE10111000000123456782026090212000000007;;;1;2;1;dere-poc/0.1;01914904;01/10/2026;;5;A;003007001002000;003007001002;000;FUNDO DE REVISÃO DE PLANO;S;;003007001000;3070000000000;4;V;5;;;;01/10/2026;
DeRE10111000000123456782026090212000000007;;;1;2;1;dere-poc/0.1;01914904;01/10/2026;;5;A;003007001002001000;003007001002001;000;CONSTITUIÇÃO;S;;003007001002000;3070000000000;5;V;5;;;;01/10/2026;
DeRE10111000000123456782026090212000000007;;;1;2;1;dere-poc/0.1;01914904;01/10/2026;;5;A;003007001002002000;003007001002002;000;ATUALIZAÇÃO;S;;003007001002000;3070000000000;5;V;5;;;;01/10/2026;
DeRE10111000000123456782026090212000000007;;;1;2;1;dere-poc/0.1;01914904;01/10/2026;;5;A;003007001003000;003007001003;000;OUTROS FUNDOS PREVIDENCIAIS;S;;003007001000;3070000000000;4;V;5;;;;01/10/2026;
DeRE10111000000123456782026090212000000007;;;1;2;1;dere-poc/0.1;01914904;01/10/2026;;5;A;003007001003001000;003007001003001;000;CONSTITUIÇÃO;S;;003007001003000;3070000000000;5;V;5;;;;01/10/2026;
DeRE10111000000123456782026090212000000007;;;1;2;1;dere-poc/0.1;01914904;01/10/2026;;5;A;003007001003002000;003007001003002;000;ATUALIZAÇÃO;S;;003007001003000;3070000000000;5;V;5;;;;01/10/2026;
DeRE10111000000123456782026090212000000007;;;1;2;1;dere-poc/0.1;01914904;01/10/2026;;5;A;003007001004000;003007001004;000;ATUALIZAÇÃO DE VALORES DE FUNDO PREVIDENCIAL;S;;003007001000;3070000000000;4;V;5;;;;01/10/2026;
DeRE10111000000123456782026090212000000007;;;1;2;1;dere-poc/0.1;01914904;01/10/2026;;5;A;003007002000;003007002;000;UTILIZAÇÃO DE FUNDOS PREVIDENCIAIS;S;;003007000;3070000000000;3;V;5;;;;01/10/2026;
DeRE10111000000123456782026090212000000007;;;1;2;1;dere-poc/0.1;01914904;01/10/2026;;5;A;003007002001000;003007002001;000;REDUÇÃO/SUSPENSÃO DE CONTRIBUIÇÕES;S;;003007002000;3070000000000;4;V;5;;;;01/10/2026;
DeRE10111000000123456782026090212000000007;;;1;2;1;dere-poc/0.1;01914904;01/10/2026;;5;A;003007002001001000;003007002001001;000;PATROCINADOR E INSTITUIDOR;S;;003007002001000;3070000000000;5;V;5;;;;01/10/2026;
DeRE10111000000123456782026090212000000007;;;1;2;1;dere-poc/0.1;01914904;01/10/2026;;5;A;003007002001002000;003007002001002;000;PARTICIPANTE E AUTOPATROCINADO;S;;003007002001000;3070000000000;5;V;5;;;;01/10/2026;
DeRE10111000000123456782026090212000000007;;;1;2;1;dere-poc/0.1;01914904;01/10/2026;;5;A;003007002001003000;003007002001003;000;ASSISTIDO;S;;003007002001000;3070000000000;5;V;5;;;;01/10/2026;
DeRE10111000000123456782026090212000000007;;;1;2;1;dere-poc/0.1;01914904;01/10/2026;;5;A;003007002002000;003007002002;000;REVERSÃO DE VALORES;S;;003007002000;3070000000000;4;V;5;;;;01/10/2026;
DeRE10111000000123456782026090212000000007;;;1;2;1;dere-poc/0.1;01914904;01/10/2026;;5;A;003007002002001000;003007002002001;000;PATROCINADOR E INSTITUIDOR;S;;003007002002000;3070000000000;5;V;5;;;;01/10/2026;
DeRE10111000000123456782026090212000000007;;;1;2;1;dere-poc/0.1;01914904;01/10/2026;;5;A;003007002002002000;003007002002002;000;PARTICIPANTE E AUTOPATROCINADO;S;;003007002002000;3070000000000;5;V;5;;;;01/10/2026;
DeRE10111000000123456782026090212000000007;;;1;2;1;dere-poc/0.1;01914904;01/10/2026;;5;A;003007002002003000;003007002002003;000;ASSISTIDOS;S;;003007002002000;3070000000000;5;V;5;;;;01/10/2026;
DeRE10111000000123456782026090212000000007;;;1;2;1;dere-poc/0.1;01914904;01/10/2026;;5;A;003007002003000;003007002003;000;MELHORIA DE BENEFÍCIO;S;;003007002000;3070000000000;4;V;5;;;;01/10/2026;
DeRE10111000000123456782026090212000000007;;;1;2;1;dere-poc/0.1;01914904;01/10/2026;;5;A;003007002003001000;003007002003001;000;PARTICIPANTE E AUTOPATROCINADO;S;;003007002003000;3070000000000;5;V;5;;;;01/10/2026;
DeRE10111000000123456782026090212000000007;;;1;2;1;dere-poc/0.1;01914904;01/10/2026;;5;A;003007002003002000;003007002003002;000;ASSISTIDOS;S;;003007002003000;3070000000000;5;V;5;;;;01/10/2026;
DeRE10111000000123456782026090212000000007;;;1;2;1;dere-poc/0.1;01914904;01/10/2026;;5;A;003007002004000;003007002004;000;OUTRAS;S;;003007002000;3070000000000;4;V;5;;;;01/10/2026;
DeRE10111000000123456782026090212000000007;;;1;2;1;dere-poc/0.1;01914904;01/10/2026;;5;A;003007002004001000;003007002004001;000;OUTRAS REVERSÃO/UTILIZAÇÃO DE FUNDO PREVIDENCIAL;S;;003007002004000;3070000000000;5;V;5;;;;01/10/2026;
DeRE10111000000123456782026090212000000007;;;1;2;1;dere-poc/0.1;01914904;01/10/2026;;5;A;003008000;003008;000;VARIAÇÃO DO EQUILÍBRIO TÉCNICO;S;;003000;3080000000000;2;V;5;;;;01/10/2026;
DeRE10111000000123456782026090212000000007;;;1;2;1;dere-poc/0.1;01914904;01/10/2026;;5;A;003008001000;003008001;000;SUPERÁVIT/DÉFICIT TÉCNICO;S;;003008000;3080000000000;3;V;5;;;;01/10/2026;
DeRE10111000000123456782026090212000000007;;;1;2;1;dere-poc/0.1;01914904;01/10/2026;;5;A;003008001001000;003008001001;000;SUPERÁVIT/DÉFICIT TÉCNICO;A;"Registra a apuração do superávit ou déficit técnico do plano de benefícios no período, correspondente ao resultado da Gestão Previdencial após a constituição/reversão das provisões matemáticas e fundos. Debitada pela apuração de superávit (contrapartida em 2.03.01.02.01.01.xx) e creditada pela apuração de déficit (contrapartida em 2.03.01.02.01.02.01); encerrada no final do exercício.";003008001000;3080000000000;4;V;5;111270002;;;01/10/2026;
DeRE10111000000123456782026090212000000007;;;1;2;1;dere-poc/0.1;01914904;01/10/2026;;5;A;003008002000;003008002;000;DESTINAÇÃO DE SUPERÁVIT;S;;003008000;3080000000000;3;V;5;;;;01/10/2026;
DeRE10111000000123456782026090212000000007;;;1;2;1;dere-poc/0.1;01914904;01/10/2026;;5;A;004000;004;000;GESTÃO ADMINISTRATIVA;S;;;4000000000000;1;V;4;;;;01/10/2026;
DeRE10111000000123456782026090212000000007;;;1;2;1;dere-poc/0.1;01914904;01/10/2026;;5;A;004001000;004001;000;RECEITAS;S;;004000;4010000000000;2;C;4;;;;01/10/2026;
DeRE10111000000123456782026090212000000007;;;1;2;1;dere-poc/0.1;01914904;01/10/2026;;5;A;004001001000;004001001;000;GESTÃO PREVIDENCIAL;S;;004001000;4010000000000;3;C;4;;;;01/10/2026;
DeRE10111000000123456782026090212000000007;;;1;2;1;dere-poc/0.1;01914904;01/10/2026;;5;A;004001001001000;004001001001;000;CORRENTES;S;;004001001000;4010000000000;4;C;4;;;;01/10/2026;
DeRE10111000000123456782026090212000000007;;;1;2;1;dere-poc/0.1;01914904;01/10/2026;;5;A;004001001001001000;004001001001001;000;PATROCINADOR(ES);S;;004001001001000;4010000000000;5;C;4;;;;01/10/2026;
DeRE10111000000123456782026090212000000007;;;1;2;1;dere-poc/0.1;01914904;01/10/2026;;5;A;004001001001001001000;004001001001001001;000;CONTRIBUIÇÃO PARA CUSTEIO;S;;004001001001001000;4010000000000;6;C;4;;;;01/10/2026;
DeRE10111000000123456782026090212000000007;;;1;2;1;dere-poc/0.1;01914904;01/10/2026;;5;A;004001001001001001001000;004001001001001001001;000;CONTRIBUIÇÃO PARA CUSTEIO;A;"Registra a apropriação, no PGA, das contribuições do patrocinador para o custeio administrativo (taxa de carregamento/contribuição administrativa), previstas no plano de custeio, transferidas do plano de benefícios via 3.04.02.01.00.00.00. Creditada pela apropriação mensal da receita; debitada por estornos ou pelo encerramento do exercício.";004001001001001001000;4010000000000;7;C;4;111250001;0;;01/10/2026;
DeRE10111000000123456782026090212000000007;;;1;2;1;dere-poc/0.1;01914904;01/10/2026;;5;A;004001001001001002000;004001001001001002;000;REEMBOLSOS;S;;004001001001001000;4010000000000;6;C;4;;;;01/10/2026;
DeRE10111000000123456782026090212000000007;;;1;2;1;dere-poc/0.1;01914904;01/10/2026;;5;A;004001001001001002001000;004001001001001002001;000;REEMBOLSOS;A;"Registra a apropriação, no PGA, dos reembolsos de despesas administrativas efetuados pelo patrocinador em favor da EFPC, conforme convênio de adesão ou plano de custeio. Creditada pela apropriação da receita de reembolso; debitada por estornos ou pelo encerramento do exercício.";004001001001001002000;4010000000000;7;C;4;111250001;0;;01/10/2026;
DeRE10111000000123456782026090212000000007;;;1;2;1;dere-poc/0.1;01914904;01/10/2026;;5;A;004001001001002000;004001001001002;000;INSTITUIDOR(ES);S;;004001001001000;4010000000000;5;C;4;;;;01/10/2026;
DeRE10111000000123456782026090212000000007;;;1;2;1;dere-poc/0.1;01914904;01/10/2026;;5;A;004001001001003000;004001001001003;000;PARTICIPANTES;S;;004001001001000;4010000000000;5;C;4;;;;01/10/2026;
DeRE10111000000123456782026090212000000007;;;1;2;1;dere-poc/0.1;01914904;01/10/2026;;5;A;004001001001003001000;004001001001003001;000;ATIVOS;A;"Registra a apropriação, no PGA, das contribuições dos participantes ativos para o custeio administrativo (taxa de carregamento), previstas no plano de custeio e transferidas do plano de benefícios. Creditada pela apropriação mensal da receita; debitada por estornos ou pelo encerramento do exercício.";004001001001003000;4010000000000;6;C;4;111250001;0;;01/10/2026;
DeRE10111000000123456782026090212000000007;;;1;2;1;dere-poc/0.1;01914904;01/10/2026;;5;A;004001001001003002000;004001001001003002;000;ASSISTIDOS;A;"Registra a apropriação, no PGA, das contribuições dos assistidos para o custeio administrativo (taxa de carregamento descontada dos benefícios), previstas no plano de custeio. Creditada pela apropriação mensal da receita; debitada por estornos ou pelo encerramento do exercício.";004001001001003000;4010000000000;6;C;4;111250001;0;;01/10/2026;
DeRE10111000000123456782026090212000000007;;;1;2;1;dere-poc/0.1;01914904;01/10/2026;;5;A;004001001001003003000;004001001001003003;000;AUTOPATROCINADOS;A;"Registra a apropriação, no PGA, das contribuições dos participantes autopatrocinados para o custeio administrativo (taxa de carregamento), previstas no plano de custeio. Creditada pela apropriação mensal da receita; debitada por estornos ou pelo encerramento do exercício.";004001001001003000;4010000000000;6;C;4;111250001;0;;01/10/2026;
DeRE10111000000123456782026090212000000007;;;1;2;1;dere-poc/0.1;01914904;01/10/2026;;5;A;004001001001003004000;004001001001003004;000;PARTICIPANTES EM BPD;A;"Registra a apropriação, no PGA, das contribuições dos participantes em BPD para o custeio administrativo (taxa de carregamento), previstas no plano de custeio. Creditada pela apropriação da receita; debitada por estornos ou pelo encerramento do exercício.";004001001001003000;4010000000000;6;C;4;111250001;0;;01/10/2026;
DeRE10111000000123456782026090212000000007;;;1;2;1;dere-poc/0.1;01914904;01/10/2026;;5;A;004001001001004000;004001001001004;000;AUTOPATROCINADOS;S;;004001001001000;4010000000000;5;C;4;;;;01/10/2026;
DeRE10111000000123456782026090212000000007;;;1;2;1;dere-poc/0.1;01914904;01/10/2026;;5;A;004001001001005000;004001001001005;000;PARTICIPANTES EM BPD;S;;004001001001000;4010000000000;5;C;4;;;;01/10/2026;
DeRE10111000000123456782026090212000000007;;;1;2;1;dere-poc/0.1;01914904;01/10/2026;;5;A;004001001001006000;004001001001006;000;EMPREGADOR(ES) DE PLANOS INSTITUÍDOS;S;;004001001001000;4010000000000;5;C;4;;;;01/10/2026;
DeRE10111000000123456782026090212000000007;;;1;2;1;dere-poc/0.1;01914904;01/10/2026;;5;A;004001001002000;004001001002;000;REMUNERAÇÃO DAS CONTRIBUIÇÕES EM ATRASO/CONTRATADAS;S;;004001001000;4010000000000;4;C;4;;;;01/10/2026;
DeRE10111000000123456782026090212000000007;;;1;2;1;dere-poc/0.1;01914904;01/10/2026;;5;A;004001001002001000;004001001002001;000;REMUNERAÇÃO DAS CONTRIBUIÇÕES EM ATRASO;A;"Registra os encargos (juros, multa e atualização) devidos por patrocinador, participantes e autopatrocinados pelo atraso no repasse das contribuições para o custeio administrativo. Creditada pela apropriação dos encargos em contrapartida a 1.02.02.01.02.xx; debitada por estornos ou pelo encerramento do exercício.";004001001002000;4010000000000;5;C;4;111250001;0;;01/10/2026;
DeRE10111000000123456782026090212000000007;;;1;2;1;dere-poc/0.1;01914904;01/10/2026;;5;A;004001001003000;004001001003;000;DOAÇÕES;S;;004001001000;4010000000000;4;C;4;;;;01/10/2026;
DeRE10111000000123456782026090212000000007;;;1;2;1;dere-poc/0.1;01914904;01/10/2026;;5;A;004001002000;004001002;000;INVESTIMENTOS;S;;004001000;4010000000000;3;C;4;;;;01/10/2026;
DeRE10111000000123456782026090212000000007;;;1;2;1;dere-poc/0.1;01914904;01/10/2026;;5;A;004001002001000;004001002001;000;CUSTEIO ADMINISTRATIVO;S;;004001002000;4010000000000;4;C;4;;;;01/10/2026;
DeRE10111000000123456782026090212000000007;;;1;2;1;dere-poc/0.1;01914904;01/10/2026;;5;A;004001002001001000;004001002001001;000;CUSTEIO ADMINISTRATIVO;A;"Registra o recebimento, no PGA, de recursos oriundos do Fluxo dos Investimentos a título de custeio administrativo dos investimentos (taxa de administração sobre os recursos garantidores) para cobertura das despesas administrativas da gestão dos investimentos. Creditada pela apropriação mensal em contrapartida a 5.04.01.00.00.00.00; debitada pelo encerramento do exercício.";004001002001000;4010000000000;5;C;4;111250001;0;;01/10/2026;
DeRE10111000000123456782026090212000000007;;;1;2;1;dere-poc/0.1;01914904;01/10/2026;;5;A;004001002002000;004001002002;000;TAXA DE ADMINISTRAÇÃO DE EMPRÉSTIMOS E FINANCIAMENTOS;S;;004001002000;4010000000000;4;C;4;;;;01/10/2026;
DeRE10111000000123456782026090212000000007;;;1;2;1;dere-poc/0.1;01914904;01/10/2026;;5;A;004001002002001000;004001002002001;000;TAXA DE ADMINISTRAÇÃO DE EMPRÉSTIMOS E FINANCIAMENTOS;A;"Registra o recebimento, no PGA, da taxa de administração incidente sobre os empréstimos e financiamentos concedidos a participantes e assistidos, transferida do Fluxo dos Investimentos. Creditada pela apropriação da taxa em contrapartida a 2.01.03.10.02.01.00; debitada pelo encerramento do exercício.";004001002002000;4010000000000;5;C;4;111250001;0;;01/10/2026;
DeRE10111000000123456782026090212000000007;;;1;2;1;dere-poc/0.1;01914904;01/10/2026;;5;A;004001003000;004001003;000;GESTÃO ASSISTENCIAL;S;;004001000;4010000000000;3;C;4;;;;01/10/2026;
DeRE10111000000123456782026090212000000007;;;1;2;1;dere-poc/0.1;01914904;01/10/2026;;5;A;004001004000;004001004;000;DIRETAS;S;;004001000;4010000000000;3;C;4;;;;01/10/2026;
DeRE10111000000123456782026090212000000007;;;1;2;1;dere-poc/0.1;01914904;01/10/2026;;5;A;004001004001000;004001004001;000;RECEITA PROVENIENTE DE SEGURADORA;S;;004001004000;4010000000000;4;C;4;;;;01/10/2026;
DeRE10111000000123456782026090212000000007;;;1;2;1;dere-poc/0.1;01914904;01/10/2026;;5;A;004001004002000;004001004002;000;GANHO NA VENDA ATIVO IMOBILIZADO;S;;004001004000;4010000000000;4;C;4;;;;01/10/2026;
DeRE10111000000123456782026090212000000007;;;1;2;1;dere-poc/0.1;01914904;01/10/2026;;5;A;004001004002001000;004001004002001;000;GANHO NA VENDA ATIVO IMOBILIZADO;A;"Registra o ganho apurado na venda de bens do ativo imobilizado da Gestão Administrativa, correspondente à diferença positiva entre o valor de alienação e o valor contábil líquido (custo menos depreciação acumulada). Creditada pela apuração do ganho na baixa do bem; debitada pelo encerramento do exercício.";004001004002000;4010000000000;5;C;4;111250001;0;;01/10/2026;
DeRE10111000000123456782026090212000000007;;;1;2;1;dere-poc/0.1;01914904;01/10/2026;;5;A;004001004003000;004001004003;000;RECEITA COM PUBLICIDADE;S;;004001004000;4010000000000;4;C;4;;;;01/10/2026;
DeRE10111000000123456782026090212000000007;;;1;2;1;dere-poc/0.1;01914904;01/10/2026;;5;A;004001004004000;004001004004;000;OUTRAS;S;;004001004000;4010000000000;4;C;4;;;;01/10/2026;
DeRE10111000000123456782026090212000000007;;;1;2;1;dere-poc/0.1;01914904;01/10/2026;;5;A;004001005000;004001005;000;ATUALIZAÇÃO DE DEPÓSITOS JUDICIAIS/RECURSAIS;S;;004001000;4010000000000;3;C;4;;;;01/10/2026;
DeRE10111000000123456782026090212000000007;;;1;2;1;dere-poc/0.1;01914904;01/10/2026;;5;A;004001006000;004001006;000;DOTAÇÃO INICIAL;S;;004001000;4010000000000;3;C;4;;;;01/10/2026;
DeRE10111000000123456782026090212000000007;;;1;2;1;dere-poc/0.1;01914904;01/10/2026;;5;A;004001007000;004001007;000;OUTRAS RECEITAS;S;;004001000;4020000000000;3;C;4;;;;01/10/2026;
DeRE10111000000123456782026090212000000007;;;1;2;1;dere-poc/0.1;01914904;01/10/2026;;5;A;004001007001000;004001007001;000;OUTRAS RECEITAS;A;"Registra outras receitas da Gestão Administrativa não classificáveis nas contas anteriores, tais como recuperação de despesas, descontos obtidos, multas contratuais recebidas e demais ingressos eventuais. Creditada pela apropriação da receita; debitada por estornos ou pelo encerramento do exercício.";004001007000;4020000000000;4;C;5;111270002;;;01/10/2026;
DeRE10111000000123456782026090212000000007;;;1;2;1;dere-poc/0.1;01914904;01/10/2026;;5;A;004002000;004002;000;DESPESAS;S;;004000;4020000000000;2;D;5;;;;01/10/2026;
DeRE10111000000123456782026090212000000007;;;1;2;1;dere-poc/0.1;01914904;01/10/2026;;5;A;004002001000;004002001;000;ADMINISTRAÇÃO DOS PLANOS PREVIDENCIAIS;S;;004002000;4020000000000;3;D;5;;;;01/10/2026;
DeRE10111000000123456782026090212000000007;;;1;2;1;dere-poc/0.1;01914904;01/10/2026;;5;A;004002001001000;004002001001;000;PESSOAL E ENCARGOS;S;;004002001000;4020000000000;4;D;5;;;;01/10/2026;
DeRE10111000000123456782026090212000000007;;;1;2;1;dere-poc/0.1;01914904;01/10/2026;;5;A;004002001001001000;004002001001001;000;CONSELHEIROS;S;;004002001001000;4020000000000;5;D;5;;;;01/10/2026;
DeRE10111000000123456782026090212000000007;;;1;2;1;dere-poc/0.1;01914904;01/10/2026;;5;A;004002001001001001000;004002001001001001;000;CONSELHO DELIBERATIVO;S;;004002001001001000;4020000000000;6;D;5;;;;01/10/2026;
DeRE10111000000123456782026090212000000007;;;1;2;1;dere-poc/0.1;01914904;01/10/2026;;5;A;004002001001001001001000;004002001001001001001;000;REMUNERAÇÃO FIXA;S;;004002001001001001000;4020000000000;7;D;5;;;;01/10/2026;
DeRE10111000000123456782026090212000000007;;;1;2;1;dere-poc/0.1;01914904;01/10/2026;;5;A;004002001001001001002000;004002001001001001002;000;REMUNERAÇÃO VARIÁVEL;S;;004002001001001001000;4020000000000;7;D;5;;;;01/10/2026;
DeRE10111000000123456782026090212000000007;;;1;2;1;dere-poc/0.1;01914904;01/10/2026;;5;A;004002001001001002000;004002001001001002;000;CONSELHO FISCAL;S;;004002001001001000;4020000000000;6;D;5;;;;01/10/2026;
DeRE10111000000123456782026090212000000007;;;1;2;1;dere-poc/0.1;01914904;01/10/2026;;5;A;004002001001001002001000;004002001001001002001;000;REMUNERAÇÃO FIXA;S;;004002001001001002000;4020000000000;7;D;5;;;;01/10/2026;
DeRE10111000000123456782026090212000000007;;;1;2;1;dere-poc/0.1;01914904;01/10/2026;;5;A;004002001001001002002000;004002001001001002002;000;REMUNERAÇÃO VARIÁVEL;S;;004002001001001002000;4020000000000;7;D;5;;;;01/10/2026;
DeRE10111000000123456782026090212000000007;;;1;2;1;dere-poc/0.1;01914904;01/10/2026;;5;A;004002001001002000;004002001001002;000;DIRIGENTES;S;;004002001001000;4020000000000;5;D;5;;;;01/10/2026;
DeRE10111000000123456782026090212000000007;;;1;2;1;dere-poc/0.1;01914904;01/10/2026;;5;A;004002001001002001000;004002001001002001;000;REMUNERAÇÃO FIXA;S;;004002001001002000;4020000000000;6;D;5;;;;01/10/2026;
DeRE10111000000123456782026090212000000007;;;1;2;1;dere-poc/0.1;01914904;01/10/2026;;5;A;004002001001002001001000;004002001001002001001;000;REMUNERAÇÃO;A;"Registra as despesas com remuneração fixa (honorários/salários) dos dirigentes da EFPC, incluindo diretores estatutários e dirigentes empregados, relativas à administração dos planos previdenciais. Debitada pela apropriação mensal da folha em contrapartida a 2.01.02.01.01.01.00; creditada por estornos ou pelo encerramento do exercício.";004002001001002001000;4020000000000;7;D;5;111270002;;;01/10/2026;
DeRE10111000000123456782026090212000000007;;;1;2;1;dere-poc/0.1;01914904;01/10/2026;;5;A;004002001001002001002000;004002001001002001002;000;INSS;A;"Registra as despesas com a contribuição previdenciária patronal ao INSS incidente sobre a remuneração dos dirigentes da EFPC. Debitada pela apropriação mensal do encargo em contrapartida a 2.01.02.01.01.03.00; creditada por estornos ou pelo encerramento do exercício.";004002001001002001000;4020000000000;7;D;5;111270002;;;01/10/2026;
DeRE10111000000123456782026090212000000007;;;1;2;1;dere-poc/0.1;01914904;01/10/2026;;5;A;004002001001002001003000;004002001001002001003;000;PREVIDÊNCIA COMPLEMENTAR;A;"Registra as despesas com a contribuição patronal ao plano de previdência complementar em favor dos dirigentes da EFPC, conforme plano de custeio do plano ao qual são vinculados. Debitada pela apropriação mensal em contrapartida a 2.01.02.01.01.05.00; creditada por estornos ou pelo encerramento do exercício.";004002001001002001000;4020000000000;7;D;5;111270002;;;01/10/2026;
DeRE10111000000123456782026090212000000007;;;1;2;1;dere-poc/0.1;01914904;01/10/2026;;5;A;004002001001002001004000;004002001001002001004;000;PROGRAMA DE ALIMENTAÇÃO;A;"Registra as despesas com programa de alimentação (vale-refeição/vale-alimentação) concedido aos dirigentes da EFPC. Debitada pela apropriação mensal do benefício; creditada por estornos ou pelo encerramento do exercício.";004002001001002001000;4020000000000;7;D;5;111270002;;;01/10/2026;
DeRE10111000000123456782026090212000000007;;;1;2;1;dere-poc/0.1;01914904;01/10/2026;;5;A;004002001001002001005000;004002001001002001005;000;PLANOS DE SAÚDE;A;"Registra as despesas com a parcela patronal do plano de saúde dos dirigentes da EFPC. Debitada pela apropriação mensal da fatura da operadora em contrapartida a 2.01.02.01.01.08.00; creditada por estornos ou pelo encerramento do exercício.";004002001001002001000;4020000000000;7;D;5;111270002;;;01/10/2026;
DeRE10111000000123456782026090212000000007;;;1;2;1;dere-poc/0.1;01914904;01/10/2026;;5;A;004002001001002001006000;004002001001002001006;000;PLANOS ODONTOLÓGICOS;A;"Registra as despesas com a parcela patronal do plano odontológico dos dirigentes da EFPC. Debitada pela apropriação mensal da fatura da operadora; creditada por estornos ou pelo encerramento do exercício.";004002001001002001000;4020000000000;7;D;5;111270002;;;01/10/2026;
DeRE10111000000123456782026090212000000007;;;1;2;1;dere-poc/0.1;01914904;01/10/2026;;5;A;004002001001002001007000;004002001001002001007;000;FGTS;A;"Registra as despesas com o FGTS incidente sobre a remuneração dos dirigentes empregados da EFPC. Debitada pela apropriação mensal do encargo em contrapartida a 2.01.02.01.01.02.00; creditada por estornos, reversões ou pelo encerramento do exercício.";004002001001002001000;4020000000000;7;V;5;111270002;;;01/10/2026;
DeRE10111000000123456782026090212000000007;;;1;2;1;dere-poc/0.1;01914904;01/10/2026;;5;A;004002001001002002000;004002001001002002;000;REMUNERAÇÃO VARIÁVEL;S;;004002001001002000;4020000000000;6;D;5;;;;01/10/2026;
DeRE10111000000123456782026090212000000007;;;1;2;1;dere-poc/0.1;01914904;01/10/2026;;5;A;004002001001002002001000;004002001001002002001;000;REEMBOLSO CELEPAR;A;"Registra o reembolso ao patrocinador Celepar dos custos de dirigentes cedidos à EFPC (remuneração variável/pessoal cedido), conforme convênio, bem como eventuais ajustes. Debitada pela apropriação do valor a reembolsar em contrapartida a fornecedores/obrigações; creditada por estornos, devoluções ou pelo encerramento do exercício.";004002001001002002000;4020000000000;7;V;5;111270002;;;01/10/2026;
DeRE10111000000123456782026090212000000007;;;1;2;1;dere-poc/0.1;01914904;01/10/2026;;5;A;004002001001003000;004002001001003;000;PESSOAL PRÓPRIO;S;;004002001001000;4020000000000;5;D;5;;;;01/10/2026;
DeRE10111000000123456782026090212000000007;;;1;2;1;dere-poc/0.1;01914904;01/10/2026;;5;A;004002001001003001000;004002001001003001;000;REMUNERAÇÃO FIXA;S;;004002001001003000;4020000000000;6;D;5;;;;01/10/2026;
DeRE10111000000123456782026090212000000007;;;1;2;1;dere-poc/0.1;01914904;01/10/2026;;5;A;004002001001003002000;004002001001003002;000;REMUNERAÇÃO VARIÁVEL;S;;004002001001003000;4020000000000;6;D;5;;;;01/10/2026;
DeRE10111000000123456782026090212000000007;;;1;2;1;dere-poc/0.1;01914904;01/10/2026;;5;A;004002001001004000;004002001001004;000;PESSOAL CEDIDO;S;;004002001001000;4020000000000;5;D;5;;;;01/10/2026;
DeRE10111000000123456782026090212000000007;;;1;2;1;dere-poc/0.1;01914904;01/10/2026;;5;A;004002001001004001000;004002001001004001;000;REMUNERAÇÃO FIXA;S;;004002001001004000;4020000000000;6;D;5;;;;01/10/2026;
DeRE10111000000123456782026090212000000007;;;1;2;1;dere-poc/0.1;01914904;01/10/2026;;5;A;004002001001004002000;004002001001004002;000;REMUNERAÇÃO VARIÁVEL;S;;004002001001004000;4020000000000;6;D;5;;;;01/10/2026;
DeRE10111000000123456782026090212000000007;;;1;2;1;dere-poc/0.1;01914904;01/10/2026;;5;A;004002001001005000;004002001001005;000;ESTAGIÁRIOS/JOVENS APRENDIZES;S;;004002001001000;4020000000000;5;D;5;;;;01/10/2026;
DeRE10111000000123456782026090212000000007;;;1;2;1;dere-poc/0.1;01914904;01/10/2026;;5;A;004002001001006000;004002001001006;000;MÃO-DE-OBRA TEMPORÁRIA;S;;004002001001000;4020000000000;5;D;5;;;;01/10/2026;
DeRE10111000000123456782026090212000000007;;;1;2;1;dere-poc/0.1;01914904;01/10/2026;;5;A;004002001001007000;004002001001007;000;COMITÊ DE AUDITORIA;S;;004002001001000;4020000000000;5;D;5;;;;01/10/2026;
DeRE10111000000123456782026090212000000007;;;1;2;1;dere-poc/0.1;01914904;01/10/2026;;5;A;004002001001008000;004002001001008;000;COMITÊ GESTOR;S;;004002001001000;4020000000000;5;D;5;;;;01/10/2026;
DeRE10111000000123456782026090212000000007;;;1;2;1;dere-poc/0.1;01914904;01/10/2026;;5;A;004002001001009000;004002001001009;000;OUTRAS;S;;004002001001000;4020000000000;5;D;5;;;;01/10/2026;
DeRE10111000000123456782026090212000000007;;;1;2;1;dere-poc/0.1;01914904;01/10/2026;;5;A;004002001002000;004002001002;000;TREINAMENTOS/CONGRESSOS E SEMINÁRIOS;S;;004002001000;4020000000000;4;D;5;;;;01/10/2026;
DeRE10111000000123456782026090212000000007;;;1;2;1;dere-poc/0.1;01914904;01/10/2026;;5;A;004002001002001000;004002001002001;000;INSCRIÇÃO EM SEMINÁRIOS;A;"Registra as despesas com inscrições de dirigentes, conselheiros e empregados da EFPC em seminários, relativas a treinamento e capacitação. Debitada pela apropriação da despesa pelo regime de competência; creditada por estornos ou pelo encerramento do exercício.";004002001002000;4020000000000;5;D;5;111270002;;;01/10/2026;
DeRE10111000000123456782026090212000000007;;;1;2;1;dere-poc/0.1;01914904;01/10/2026;;5;A;004002001002002000;004002001002002;000;INSCRIÇÃO EM CURSOS DE CAPACITAÇÃO;A;"Registra as despesas com inscrições de dirigentes, conselheiros e empregados em cursos de capacitação profissional e certificações (ex.: ICSS, ANBIMA). Debitada pela apropriação da despesa pelo regime de competência; creditada por estornos ou pelo encerramento do exercício.";004002001002000;4020000000000;5;D;5;111270002;;;01/10/2026;
DeRE10111000000123456782026090212000000007;;;1;2;1;dere-poc/0.1;01914904;01/10/2026;;5;A;004002001002003000;004002001002003;000;CURSOS DE ESPECIALIZAÇÃO E PÓS GRADUAÇÃO;A;"Registra as despesas com cursos de especialização e pós-graduação custeados ou subsidiados pela EFPC para dirigentes e empregados, conforme política de capacitação. Debitada pela apropriação mensal da despesa; creditada por estornos ou pelo encerramento do exercício.";004002001002000;4020000000000;5;D;5;111270002;;;01/10/2026;
DeRE10111000000123456782026090212000000007;;;1;2;1;dere-poc/0.1;01914904;01/10/2026;;5;A;004002001002004000;004002001002004;000;CURSO DE GRADUAÇÃO;A;"Registra as despesas com cursos de graduação custeados ou subsidiados pela EFPC para empregados, conforme política de capacitação. Debitada pela apropriação mensal da despesa; creditada por estornos ou pelo encerramento do exercício.";004002001002000;4020000000000;5;D;5;111270002;;;01/10/2026;
DeRE10111000000123456782026090212000000007;;;1;2;1;dere-poc/0.1;01914904;01/10/2026;;5;A;004002001002005000;004002001002005;000;CAPACITAÇÃO PROFISSIONAL;A;"Registra as despesas com capacitação profissional de dirigentes, conselheiros e empregados não classificáveis nas contas específicas de seminários, cursos e congressos (treinamentos in company, workshops, plataformas de ensino). Debitada pela apropriação da despesa; creditada por estornos ou pelo encerramento do exercício.";004002001002000;4020000000000;5;D;5;111270002;;;01/10/2026;
DeRE10111000000123456782026090212000000007;;;1;2;1;dere-poc/0.1;01914904;01/10/2026;;5;A;004002001002006000;004002001002006;000;EDUCAÇÃO PREVIDENCIÁRIA;A;"Registra as despesas com o programa de educação previdenciária destinado a participantes e assistidos (palestras, materiais, eventos), conforme exigência regulatória de educação financeira e previdenciária. Debitada pela apropriação da despesa; creditada por estornos ou pelo encerramento do exercício.";004002001002000;4020000000000;5;D;5;111270002;;;01/10/2026;
DeRE10111000000123456782026090212000000007;;;1;2;1;dere-poc/0.1;01914904;01/10/2026;;5;A;004002001002007000;004002001002007;000;PASSAGENS PARA TREINAMENTO/HOSPEDAGEM/LOCOMOÇÃO;A;"Registra as despesas com passagens, hospedagem e locomoção de dirigentes, conselheiros e empregados exclusivamente para participação em treinamentos, cursos, congressos e seminários. Debitada pela apropriação da despesa; creditada por estornos ou pelo encerramento do exercício.";004002001002000;4020000000000;5;D;5;111270002;;;01/10/2026;
DeRE10111000000123456782026090212000000007;;;1;2;1;dere-poc/0.1;01914904;01/10/2026;;5;A;004002001002008000;004002001002008;000;INSCRIÇÃO EM CONGRESSOS;A;"Registra as despesas com inscrições de dirigentes, conselheiros e empregados em congressos do setor de previdência complementar (ex.: Congresso Brasileiro da Previdência Privada - ABRAPP). Debitada pela apropriação da despesa; creditada por estornos ou pelo encerramento do exercício.";004002001002000;4020000000000;5;D;5;111270002;;;01/10/2026;
DeRE10111000000123456782026090212000000007;;;1;2;1;dere-poc/0.1;01914904;01/10/2026;;5;A;004002001002009000;004002001002009;000;ALIMENTAÇÃO;A;"Registra as despesas com alimentação de dirigentes, conselheiros e empregados durante a participação em treinamentos, cursos, congressos e seminários. Debitada pela apropriação da despesa; creditada por estornos ou pelo encerramento do exercício.";004002001002000;4020000000000;5;D;5;111270002;;;01/10/2026;
DeRE10111000000123456782026090212000000007;;;1;2;1;dere-poc/0.1;01914904;01/10/2026;;5;A;004002001002010000;004002001002010;000;PROGRAMA DE EDUCAÇÃO FINANCEIRA;A;"Registra as despesas com o programa de educação financeira destinado a participantes, assistidos e empregados do patrocinador (palestras, consultorias, materiais), conforme política da EFPC. Debitada pela apropriação da despesa; creditada por estornos ou pelo encerramento do exercício.";004002001002000;4020000000000;5;D;5;111270002;;;01/10/2026;
DeRE10111000000123456782026090212000000007;;;1;2;1;dere-poc/0.1;01914904;01/10/2026;;5;A;004002001003000;004002001003;000;VIAGENS E ESTADIAS;S;;004002001000;4020000000000;4;D;5;;;;01/10/2026;
DeRE10111000000123456782026090212000000007;;;1;2;1;dere-poc/0.1;01914904;01/10/2026;;5;A;004002001003001000;004002001003001;000;ALIMENTAÇÃO;A;"Registra as despesas com alimentação de dirigentes, conselheiros, empregados e terceiros em viagens a serviço da EFPC (reuniões, assembleias, visitas a patrocinador e órgãos reguladores), não relacionadas a treinamento. Debitada pela apropriação da despesa; creditada por estornos ou pelo encerramento do exercício.";004002001003000;4020000000000;5;D;5;111270002;;;01/10/2026;
DeRE10111000000123456782026090212000000007;;;1;2;1;dere-poc/0.1;01914904;01/10/2026;;5;A;004002001003002000;004002001003002;000;DIÁRIAS INTEGRAIS;A;"Registra as despesas com diárias integrais pagas a dirigentes, conselheiros e empregados para cobertura de gastos em viagens a serviço da EFPC, conforme política interna. Debitada pela apropriação da despesa; creditada por estornos, devoluções de diárias não utilizadas ou pelo encerramento do exercício.";004002001003000;4020000000000;5;D;5;111270002;;;01/10/2026;
DeRE10111000000123456782026090212000000007;;;1;2;1;dere-poc/0.1;01914904;01/10/2026;;5;A;004002001003003000;004002001003003;000;HOSPEDAGEM;A;"Registra as despesas com hospedagem de dirigentes, conselheiros, empregados e terceiros em viagens a serviço da EFPC não relacionadas a treinamento. Debitada pela apropriação da despesa; creditada por estornos ou pelo encerramento do exercício.";004002001003000;4020000000000;5;D;5;111270002;;;01/10/2026;
DeRE10111000000123456782026090212000000007;;;1;2;1;dere-poc/0.1;01914904;01/10/2026;;5;A;004002001003004000;004002001003004;000;LOCOMOÇÃO FORA DA SEDE;A;"Registra as despesas com locomoção fora da sede (táxi, aplicativos, aluguel de veículos, combustível, pedágios) em viagens a serviço da EFPC não relacionadas a treinamento. Debitada pela apropriação da despesa; creditada por estornos ou pelo encerramento do exercício.";004002001003000;4020000000000;5;D;5;111270002;;;01/10/2026;
DeRE10111000000123456782026090212000000007;;;1;2;1;dere-poc/0.1;01914904;01/10/2026;;5;A;004002001003005000;004002001003005;000;PASSAGENS AÉREAS E TAXAS;A;"Registra as despesas com passagens aéreas e rodoviárias e respectivas taxas de embarque, remarcação e agenciamento, em viagens a serviço da EFPC não relacionadas a treinamento. Debitada pela apropriação da despesa; creditada por estornos, reembolsos de cancelamento ou pelo encerramento do exercício.";004002001003000;4020000000000;5;D;5;111270002;;;01/10/2026;
DeRE10111000000123456782026090212000000007;;;1;2;1;dere-poc/0.1;01914904;01/10/2026;;5;A;004002001004000;004002001004;000;SERVIÇOS DE TERCEIROS;S;;004002001000;4020000000000;4;D;5;;;;01/10/2026;
DeRE10111000000123456782026090212000000007;;;1;2;1;dere-poc/0.1;01914904;01/10/2026;;5;A;004002001004001000;004002001004001;000;SERVIÇOS ATUARIAIS;S;;004002001004000;4020000000000;5;D;5;;;;01/10/2026;
DeRE10111000000123456782026090212000000007;;;1;2;1;dere-poc/0.1;01914904;01/10/2026;;5;A;004002001004001001000;004002001004001001;000;SERVIÇOS ATUARIAIS;A;"Registra as despesas da Gestão Administrativa com serviços atuariais prestados por terceiros (avaliação atuarial anual, notas técnicas, DA, pareceres e estudos atuariais), relativas à administração dos planos previdenciais. Debitada pela apropriação da nota fiscal pelo regime de competência, em contrapartida a fornecedores (2.01.02.01.02.xx); creditada por estornos ou pelo encerramento do exercício.";004002001004001000;4020000000000;6;D;5;111270002;;;01/10/2026;
DeRE10111000000123456782026090212000000007;;;1;2;1;dere-poc/0.1;01914904;01/10/2026;;5;A;004002001004002000;004002001004002;000;SERVIÇOS CONTÁBEIS;S;;004002001004000;4020000000000;5;D;5;;;;01/10/2026;
DeRE10111000000123456782026090212000000007;;;1;2;1;dere-poc/0.1;01914904;01/10/2026;;5;A;004002001004002001000;004002001004002001;000;SERVIÇOS CONTÁBEIS;A;"Registra as despesas da Gestão Administrativa com serviços contábeis prestados por terceiros (escrituração, demonstrações contábeis, obrigações acessórias e balancetes Previc), relativas à administração dos planos previdenciais. Debitada pela apropriação da nota fiscal pelo regime de competência, em contrapartida a fornecedores (2.01.02.01.02.xx); creditada por estornos ou pelo encerramento do exercício.";004002001004002000;4020000000000;6;D;5;111270002;;;01/10/2026;
DeRE10111000000123456782026090212000000007;;;1;2;1;dere-poc/0.1;01914904;01/10/2026;;5;A;004002001004003000;004002001004003;000;SERVIÇOS JURÍDICOS;S;;004002001004000;4020000000000;5;D;5;;;;01/10/2026;
DeRE10111000000123456782026090212000000007;;;1;2;1;dere-poc/0.1;01914904;01/10/2026;;5;A;004002001004003001000;004002001004003001;000;SERVIÇOS JURÍDICOS;A;"Registra as despesas da Gestão Administrativa com serviços jurídicos prestados por terceiros (assessoria, consultoria e acompanhamento de processos judiciais e administrativos), relativas à administração dos planos previdenciais. Debitada pela apropriação da nota fiscal pelo regime de competência, em contrapartida a fornecedores (2.01.02.01.02.xx); creditada por estornos ou pelo encerramento do exercício.";004002001004003000;4020000000000;6;D;5;111270002;;;01/10/2026;
DeRE10111000000123456782026090212000000007;;;1;2;1;dere-poc/0.1;01914904;01/10/2026;;5;A;004002001004004000;004002001004004;000;RECURSOS HUMANOS;S;;004002001004000;4020000000000;5;D;5;;;;01/10/2026;
DeRE10111000000123456782026090212000000007;;;1;2;1;dere-poc/0.1;01914904;01/10/2026;;5;A;004002001004004001000;004002001004004001;000;RECURSOS HUMANOS;A;"Registra as despesas da Gestão Administrativa com serviços de recursos humanos prestados por terceiros (folha de pagamento, medicina do trabalho, recrutamento), relativas à administração dos planos previdenciais. Debitada pela apropriação da nota fiscal pelo regime de competência, em contrapartida a fornecedores (2.01.02.01.02.xx); creditada por estornos ou pelo encerramento do exercício.";004002001004004000;4020000000000;6;D;5;111270002;;;01/10/2026;
DeRE10111000000123456782026090212000000007;;;1;2;1;dere-poc/0.1;01914904;01/10/2026;;5;A;004002001004005000;004002001004005;000;TECNOLOGIA DA INFORMAÇÃO;S;;004002001004000;4020000000000;5;D;5;;;;01/10/2026;
DeRE10111000000123456782026090212000000007;;;1;2;1;dere-poc/0.1;01914904;01/10/2026;;5;A;004002001004005001000;004002001004005001;000;TECNOLOGIA DA INFORMAÇÃO;A;"Registra as despesas da Gestão Administrativa com serviços de tecnologia da informação prestados por terceiros (sistemas de gestão previdenciária, licenças de software, hospedagem, suporte técnico), relativas à administração dos planos previdenciais. Debitada pela apropriação da nota fiscal pelo regime de competência, em contrapartida a fornecedores (2.01.02.01.02.xx); creditada por estornos ou pelo encerramento do exercício.";004002001004005000;4020000000000;6;D;5;111270002;;;01/10/2026;
DeRE10111000000123456782026090212000000007;;;1;2;1;dere-poc/0.1;01914904;01/10/2026;;5;A;004002001004006000;004002001004006;000;GESTÃO/PLANEJAMENTO ESTRATÉGICO;S;;004002001004000;4020000000000;5;D;5;;;;01/10/2026;
DeRE10111000000123456782026090212000000007;;;1;2;1;dere-poc/0.1;01914904;01/10/2026;;5;A;004002001004006001000;004002001004006001;000;GESTÃO/PLANEJAMENTO ESTRATÉGICO;A;"Registra as despesas da Gestão Administrativa com serviços de consultoria em gestão e planejamento estratégico prestados por terceiros, relativas à administração dos planos previdenciais. Debitada pela apropriação da nota fiscal pelo regime de competência, em contrapartida a fornecedores (2.01.02.01.02.xx); creditada por estornos ou pelo encerramento do exercício.";004002001004006000;4020000000000;6;D;5;111270002;;;01/10/2026;
DeRE10111000000123456782026090212000000007;;;1;2;1;dere-poc/0.1;01914904;01/10/2026;;5;A;004002001004007000;004002001004007;000;AUDITORIA CONTÁBIL;S;;004002001004000;4020000000000;5;D;5;;;;01/10/2026;
DeRE10111000000123456782026090212000000007;;;1;2;1;dere-poc/0.1;01914904;01/10/2026;;5;A;004002001004007001000;004002001004007001;000;AUDITORIA CONTÁBIL;A;"Registra as despesas da Gestão Administrativa com serviços de auditoria independente das demonstrações contábeis prestados por firma de auditoria, relativas à administração dos planos previdenciais. Debitada pela apropriação da nota fiscal pelo regime de competência, em contrapartida a fornecedores (2.01.02.01.02.xx); creditada por estornos ou pelo encerramento do exercício.";004002001004007000;4020000000000;6;D;5;111270002;;;01/10/2026;
DeRE10111000000123456782026090212000000007;;;1;2;1;dere-poc/0.1;01914904;01/10/2026;;5;A;004002001004008000;004002001004008;000;AUDITORIA ATUARIAL/BENEFÍCIOS;S;;004002001004000;4020000000000;5;D;5;;;;01/10/2026;
DeRE10111000000123456782026090212000000007;;;1;2;1;dere-poc/0.1;01914904;01/10/2026;;5;A;004002001004008001000;004002001004008001;000;AUDITORIA ATUARIAL/BENEFÍCIOS;A;"Registra as despesas da Gestão Administrativa com serviços de auditoria atuarial e de benefícios prestados por terceiros (revisão de cálculos de benefícios e de premissas atuariais), relativas à administração dos planos previdenciais. Debitada pela apropriação da nota fiscal pelo regime de competência, em contrapartida a fornecedores (2.01.02.01.02.xx); creditada por estornos ou pelo encerramento do exercício.";004002001004008000;4020000000000;6;D;5;111270002;;;01/10/2026;
DeRE10111000000123456782026090212000000007;;;1;2;1;dere-poc/0.1;01914904;01/10/2026;;5;A;004002001004009000;004002001004009;000;SERVIÇOS E CONSULTORIAS DE INVESTIMENTOS;S;;004002001004000;4020000000000;5;D;5;;;;01/10/2026;
DeRE10111000000123456782026090212000000007;;;1;2;1;dere-poc/0.1;01914904;01/10/2026;;5;A;004002001004009001000;004002001004009001;000;SERVIÇOS E CONSULTORIAS DE INVESTIMENTOS;A;"Registra as despesas da Gestão Administrativa com serviços e consultorias de investimentos prestados por terceiros (consultoria de alocação, análise de riscos de investimentos, avaliação de gestores e ALM), relativas à administração dos planos previdenciais. Debitada pela apropriação da nota fiscal pelo regime de competência, em contrapartida a fornecedores (2.01.02.01.02.xx); creditada por estornos ou pelo encerramento do exercício.";004002001004009000;4020000000000;6;D;5;111270002;;;01/10/2026;
DeRE10111000000123456782026090212000000007;;;1;2;1;dere-poc/0.1;01914904;01/10/2026;;5;A;004002001004010000;004002001004010;000;SERVIÇOS DE CONSERVAÇÃO E MANUTENÇÃO;S;;004002001004000;4020000000000;5;D;5;;;;01/10/2026;
DeRE10111000000123456782026090212000000007;;;1;2;1;dere-poc/0.1;01914904;01/10/2026;;5;A;004002001004010001000;004002001004010001;000;SERVIÇOS DE CONSERVAÇÃO E MANUTENÇÃO;A;"Registra as despesas da Gestão Administrativa com serviços de conservação e manutenção prestados por terceiros (manutenção predial, de equipamentos e instalações), relativas à administração dos planos previdenciais. Debitada pela apropriação da nota fiscal pelo regime de competência, em contrapartida a fornecedores (2.01.02.01.02.xx); creditada por estornos ou pelo encerramento do exercício.";004002001004010000;4020000000000;6;D;5;111270002;;;01/10/2026;
DeRE10111000000123456782026090212000000007;;;1;2;1;dere-poc/0.1;01914904;01/10/2026;;5;A;004002001004011000;004002001004011;000;SERVIÇOS DE GESTÃO DE RISCOS E CONTROLES INTERNOS;S;;004002001004000;4020000000000;5;D;5;;;;01/10/2026;
DeRE10111000000123456782026090212000000007;;;1;2;1;dere-poc/0.1;01914904;01/10/2026;;5;A;004002001004012000;004002001004012;000;SERVIÇOS DE AUDITORIA DE PROCESSOS;S;;004002001004000;4020000000000;5;D;5;;;;01/10/2026;
DeRE10111000000123456782026090212000000007;;;1;2;1;dere-poc/0.1;01914904;01/10/2026;;5;A;004002001004013000;004002001004013;000;SERVIÇOS DE COMERCIALIZAÇÃO DE PLANOS;S;;004002001004000;4020000000000;5;D;5;;;;01/10/2026;
DeRE10111000000123456782026090212000000007;;;1;2;1;dere-poc/0.1;01914904;01/10/2026;;5;A;004002001004014000;004002001004014;000;OUTROS;S;;004002001004000;4020000000000;5;D;5;;;;01/10/2026;
DeRE10111000000123456782026090212000000007;;;1;2;1;dere-poc/0.1;01914904;01/10/2026;;5;A;004002001004014001000;004002001004014001;000;OUTROS;A;"Registra as despesas da Gestão Administrativa com outros serviços de terceiros não classificáveis nas contas específicas (consultorias diversas, serviços de comunicação, custódia administrativa, etc.). Debitada pela apropriação da nota fiscal pelo regime de competência; creditada por estornos ou pelo encerramento do exercício.";004002001004014000;4020000000000;6;D;5;111270002;;;01/10/2026;
DeRE10111000000123456782026090212000000007;;;1;2;1;dere-poc/0.1;01914904;01/10/2026;;5;A;004002001005000;004002001005;000;DESPESAS GERAIS;S;;004002001000;4020000000000;4;D;5;;;;01/10/2026;
DeRE10111000000123456782026090212000000007;;;1;2;1;dere-poc/0.1;01914904;01/10/2026;;5;A;004002001005001000;004002001005001;000;OUTRAS DESPESAS;A;"Registra as despesas gerais habituais da Gestão Administrativa não classificáveis nas demais contas de despesas gerais (pequenas despesas de expediente, assinaturas, taxas diversas). Debitada pela apropriação da despesa; creditada por estornos ou pelo encerramento do exercício.";004002001005000;4020000000000;5;D;5;111270002;;;01/10/2026;
DeRE10111000000123456782026090212000000007;;;1;2;1;dere-poc/0.1;01914904;01/10/2026;;5;A;004002001005002000;004002001005002;000;ABRAPP/SINDAPP/PREVIPAR;A;"Registra as despesas com contribuições associativas à ABRAPP, SINDAPP e PREVIPAR (entidades representativas do setor de previdência complementar fechada), apropriadas mensalmente a partir de 1.02.02.02.01.00.00 quando pagas antecipadamente. Debitada pela apropriação mensal; creditada por estornos ou pelo encerramento do exercício.";004002001005000;4020000000000;5;D;5;111270002;;;01/10/2026;
DeRE10111000000123456782026090212000000007;;;1;2;1;dere-poc/0.1;01914904;01/10/2026;;5;A;004002001005003000;004002001005003;000;MATERIAL DE EXPEDIENTE;A;"Registra as despesas com material de expediente e suprimentos de escritório (papelaria, toner, materiais de consumo) utilizados na administração da EFPC. Debitada pela apropriação da despesa; creditada por estornos ou pelo encerramento do exercício.";004002001005000;4020000000000;5;D;5;111270002;;;01/10/2026;
DeRE10111000000123456782026090212000000007;;;1;2;1;dere-poc/0.1;01914904;01/10/2026;;5;A;004002001005004000;004002001005004;000;TARIFAS BANCÁRIAS;A;"Registra as despesas com tarifas bancárias cobradas nas contas correntes da Gestão Administrativa (manutenção de conta, TED/PIX, emissão de boletos, cobrança). Debitada pela apropriação da tarifa em contrapartida ao disponível; creditada por estornos ou pelo encerramento do exercício.";004002001005000;4020000000000;5;D;5;111270002;;;01/10/2026;
DeRE10111000000123456782026090212000000007;;;1;2;1;dere-poc/0.1;01914904;01/10/2026;;5;A;004002001005005000;004002001005005;000;SEGURO D&O;A;"Registra as despesas com o seguro de responsabilidade civil de dirigentes e conselheiros (D&O - Directors and Officers), apropriadas mensalmente ao longo da vigência da apólice a partir de 1.02.02.02.02.00.00. Debitada pela apropriação mensal do prêmio; creditada por estornos ou pelo encerramento do exercício.";004002001005000;4020000000000;5;D;5;111270002;;;01/10/2026;
DeRE10111000000123456782026090212000000007;;;1;2;1;dere-poc/0.1;01914904;01/10/2026;;5;A;004002001005006000;004002001005006;000;ASSESSORIA E PERICIA MÉDICA;A;"Registra as despesas com assessoria e perícia médica contratada para avaliação de invalidez, concessão e manutenção de benefícios de risco e demais avaliações médicas exigidas pelo regulamento. Debitada pela apropriação da nota fiscal; creditada por estornos ou pelo encerramento do exercício.";004002001005000;4020000000000;5;D;5;111270002;;;01/10/2026;
DeRE10111000000123456782026090212000000007;;;1;2;1;dere-poc/0.1;01914904;01/10/2026;;5;A;004002001005007000;004002001005007;000;ALUGUEL;A;"Registra as despesas com aluguel de imóveis (sede administrativa) e de bens móveis utilizados pela Gestão Administrativa, incluindo condomínio quando incluso no contrato. Debitada pela apropriação mensal do aluguel pelo regime de competência; creditada por estornos ou pelo encerramento do exercício.";004002001005000;4020000000000;5;D;5;111270002;;;01/10/2026;
DeRE10111000000123456782026090212000000007;;;1;2;1;dere-poc/0.1;01914904;01/10/2026;;5;A;004002001005008000;004002001005008;000;LOCOMOÇÃO/ESTACIONAMENTO;A;"Registra as despesas com locomoção urbana e estacionamento (táxi, aplicativos, combustível, estacionamento) de dirigentes e empregados na sede, em atividades administrativas rotineiras. Debitada pela apropriação da despesa; creditada por estornos ou pelo encerramento do exercício.";004002001005000;4020000000000;5;D;5;111270002;;;01/10/2026;
DeRE10111000000123456782026090212000000007;;;1;2;1;dere-poc/0.1;01914904;01/10/2026;;5;A;004002001005009000;004002001005009;000;CORREIO/SEDEX/MOTOBOY;A;"Registra as despesas com serviços postais, SEDEX, malote e motoboy utilizados no envio de correspondências a participantes, patrocinador, órgãos reguladores e fornecedores. Debitada pela apropriação da despesa; creditada por estornos ou pelo encerramento do exercício.";004002001005000;4020000000000;5;D;5;111270002;;;01/10/2026;
DeRE10111000000123456782026090212000000007;;;1;2;1;dere-poc/0.1;01914904;01/10/2026;;5;A;004002001005010000;004002001005010;000;IMPRESSOES E COPIAS;A;"Registra as despesas com impressões, cópias reprográficas e locação/manutenção de equipamentos de impressão utilizados pela Gestão Administrativa. Debitada pela apropriação da despesa; creditada por estornos ou pelo encerramento do exercício.";004002001005000;4020000000000;5;D;5;111270002;;;01/10/2026;
DeRE10111000000123456782026090212000000007;;;1;2;1;dere-poc/0.1;01914904;01/10/2026;;5;A;004002001005011000;004002001005011;000;CARTÓRIO;A;"Registra as despesas com emolumentos e serviços cartoriais (reconhecimento de firma, autenticações, registro de atas e estatuto, certidões) necessários à administração da EFPC. Debitada pela apropriação da despesa; creditada por estornos ou pelo encerramento do exercício.";004002001005000;4020000000000;5;D;5;111270002;;;01/10/2026;
DeRE10111000000123456782026090212000000007;;;1;2;1;dere-poc/0.1;01914904;01/10/2026;;5;A;004002001005012000;004002001005012;000;MANUTENCÃO E CONSERTOS;A;"Registra as despesas com manutenção e consertos de equipamentos, móveis e instalações da Gestão Administrativa que não representem acréscimo de vida útil (não ativáveis). Debitada pela apropriação da despesa; creditada por estornos ou pelo encerramento do exercício.";004002001005000;4020000000000;5;D;5;111270002;;;01/10/2026;
DeRE10111000000123456782026090212000000007;;;1;2;1;dere-poc/0.1;01914904;01/10/2026;;5;A;004002001005013000;004002001005013;000;LIMPEZA E CONSERVAÇÃO;A;"Registra as despesas com serviços e materiais de limpeza e conservação das instalações administrativas da EFPC. Debitada pela apropriação da despesa; creditada por estornos ou pelo encerramento do exercício.";004002001005000;4020000000000;5;D;5;111270002;;;01/10/2026;
DeRE10111000000123456782026090212000000007;;;1;2;1;dere-poc/0.1;01914904;01/10/2026;;5;A;004002001005014000;004002001005014;000;EQUIPAMENTOS DE PEQUENO PORTE;A;"Registra as despesas com aquisição de equipamentos de pequeno porte e baixo valor unitário (não ativáveis no imobilizado), tais como acessórios de informática, telefones e utensílios, conforme política de ativação da EFPC. Debitada pela apropriação da despesa; creditada por estornos ou pelo encerramento do exercício.";004002001005000;4020000000000;5;D;5;111270002;;;01/10/2026;
DeRE10111000000123456782026090212000000007;;;1;2;1;dere-poc/0.1;01914904;01/10/2026;;5;A;004002001005015000;004002001005015;000;ARMAZENAGEM DE DOCUMENTOS;A;"Registra as despesas com armazenagem, guarda e digitalização de documentos e arquivos da EFPC junto a empresas especializadas. Debitada pela apropriação mensal da despesa; creditada por estornos ou pelo encerramento do exercício.";004002001005000;4020000000000;5;D;5;111270002;;;01/10/2026;
DeRE10111000000123456782026090212000000007;;;1;2;1;dere-poc/0.1;01914904;01/10/2026;;5;A;004002001005016000;004002001005016;000;PROVA DE VIDA;A;"Registra as despesas com o processo de prova de vida (recadastramento) dos assistidos e beneficiários, incluindo serviços de validação, correspondências e sistemas. Debitada pela apropriação da despesa; creditada por estornos ou pelo encerramento do exercício.";004002001005000;4020000000000;5;D;5;111270002;;;01/10/2026;
DeRE10111000000123456782026090212000000007;;;1;2;1;dere-poc/0.1;01914904;01/10/2026;;5;A;004002001005017000;004002001005017;000;SERVIÇOS GRÁFICOS E MARKETING;A;"Registra as despesas com serviços gráficos, material institucional, comunicação e marketing (informativos, relatórios anuais, site, campanhas de adesão e relacionamento com participantes). Debitada pela apropriação da despesa; creditada por estornos ou pelo encerramento do exercício.";004002001005000;4020000000000;5;D;5;111270002;;;01/10/2026;
DeRE10111000000123456782026090212000000007;;;1;2;1;dere-poc/0.1;01914904;01/10/2026;;5;A;004002001005018000;004002001005018;000;CUSTAS JUDICIAIS;A;"Registra as despesas com custas judiciais, taxas processuais, honorários periciais e demais gastos processuais da Gestão Administrativa, bem como eventuais recuperações. Debitada pela apropriação da despesa; creditada pelo ressarcimento de custas em caso de êxito ou pelo encerramento do exercício.";004002001005000;4020000000000;5;V;5;111270002;;;01/10/2026;
DeRE10111000000123456782026090212000000007;;;1;2;1;dere-poc/0.1;01914904;01/10/2026;;5;A;004002001005019000;004002001005019;000;JUROS/MULTAS;A;"Registra as despesas com juros e multas por atraso no pagamento de obrigações da Gestão Administrativa (tributos, fornecedores, encargos), inclusive multas administrativas. Debitada pela apropriação da despesa; creditada por estornos ou pelo encerramento do exercício.";004002001005000;4020000000000;5;D;5;111270002;;;01/10/2026;
DeRE10111000000123456782026090212000000007;;;1;2;1;dere-poc/0.1;01914904;01/10/2026;;5;A;004002001006000;004002001006;000;DEPRECIAÇÕES E AMORTIZAÇÕES;S;;004002001000;4020000000000;4;D;5;;;;01/10/2026;
DeRE10111000000123456782026090212000000007;;;1;2;1;dere-poc/0.1;01914904;01/10/2026;;5;A;004002001006001000;004002001006001;000;DEPRECIAÇÃO;S;;004002001006000;4020000000000;5;D;5;;;;01/10/2026;
DeRE10111000000123456782026090212000000007;;;1;2;1;dere-poc/0.1;01914904;01/10/2026;;5;A;004002001006001001000;004002001006001001;000;BENS MÓVEIS;A;"Registra as despesas com depreciação dos bens móveis do imobilizado da Gestão Administrativa (computadores, periféricos, móveis e utensílios, máquinas e equipamentos), calculada pelo método linear conforme vida útil estimada. Debitada pela apropriação mensal em contrapartida às contas de depreciação acumulada (1.03.01.01.01.xx.02); creditada pelo encerramento do exercício.";004002001006001000;4020000000000;6;D;5;111270002;;;01/10/2026;
DeRE10111000000123456782026090212000000007;;;1;2;1;dere-poc/0.1;01914904;01/10/2026;;5;A;004002001007000;004002001007;000;TRIBUTOS;S;;004002001000;4020000000000;4;D;5;;;;01/10/2026;
DeRE10111000000123456782026090212000000007;;;1;2;1;dere-poc/0.1;01914904;01/10/2026;;5;A;004002001007001000;004002001007001;000;PIS;A;"Registra as despesas com a contribuição ao PIS devida pela EFPC na Gestão Administrativa (incidente sobre a folha de salários ou receitas, conforme regime aplicável). Debitada pela apropriação mensal em contrapartida a 2.01.02.04.01.00.00; creditada por estornos ou pelo encerramento do exercício.";004002001007000;4020000000000;5;D;5;111270002;;;01/10/2026;
DeRE10111000000123456782026090212000000007;;;1;2;1;dere-poc/0.1;01914904;01/10/2026;;5;A;004002001007002000;004002001007002;000;COFINS;A;"Registra as despesas com a COFINS devida pela EFPC sobre as receitas tributáveis da Gestão Administrativa. Debitada pela apropriação mensal em contrapartida a 2.01.02.04.02.00.00; creditada por estornos ou pelo encerramento do exercício.";004002001007000;4020000000000;5;D;5;111270002;;;01/10/2026;
DeRE10111000000123456782026090212000000007;;;1;2;1;dere-poc/0.1;01914904;01/10/2026;;5;A;004002001007003000;004002001007003;000;IPTU;A;"Registra as despesas com IPTU (Imposto Predial e Territorial Urbano) incidente sobre imóveis de uso administrativo da EFPC, próprios ou quando contratualmente a cargo do locatário. Debitada pela apropriação da despesa; creditada por estornos ou pelo encerramento do exercício.";004002001007000;4020000000000;5;D;5;111270002;;;01/10/2026;
DeRE10111000000123456782026090212000000007;;;1;2;1;dere-poc/0.1;01914904;01/10/2026;;5;A;004002001007004000;004002001007004;000;TAFIC - TAXA DE FISCALIZAÇÃO E CONTROLE;A;"Registra as despesas com a TAFIC (Taxa de Fiscalização e Controle da Previdência Complementar) devida à Previc quadrimestralmente, apropriada mensalmente a partir de 1.02.02.02.03.00.00 quando paga antecipadamente. Debitada pela apropriação mensal; creditada por estornos ou pelo encerramento do exercício.";004002001007000;4020000000000;5;D;5;111270002;;;01/10/2026;
DeRE10111000000123456782026090212000000007;;;1;2;1;dere-poc/0.1;01914904;01/10/2026;;5;A;004002001008000;004002001008;000;OUTRAS DESPESAS;S;;004002001000;4020000000000;4;D;5;;;;01/10/2026;
DeRE10111000000123456782026090212000000007;;;1;2;1;dere-poc/0.1;01914904;01/10/2026;;5;A;004002001009000;004002001009;000;PROVISÃO PARA PERDAS;S;;004002001000;4020000000000;4;D;5;;;;01/10/2026;
DeRE10111000000123456782026090212000000007;;;1;2;1;dere-poc/0.1;01914904;01/10/2026;;5;A;004002002000;004002002;000;GESTÃO ASSISTENCIAL;S;;004002000;4020000000000;3;D;5;;;;01/10/2026;
DeRE10111000000123456782026090212000000007;;;1;2;1;dere-poc/0.1;01914904;01/10/2026;;5;A;004002003000;004002003;000;REMUNERAÇÃO - ANTECIPAÇÃO DE CONTRIBUIÇÕES DE PATROCINADOR(ES);S;;004002000;4020000000000;3;D;5;;;;01/10/2026;
DeRE10111000000123456782026090212000000007;;;1;2;1;dere-poc/0.1;01914904;01/10/2026;;5;A;004002004000;004002004;000;DESPESAS COM FOMENTO;S;;004002000;4020000000000;3;D;5;;;;01/10/2026;
DeRE10111000000123456782026090212000000007;;;1;2;1;dere-poc/0.1;01914904;01/10/2026;;5;A;004002005000;004002005;000;DESPESAS COM INOVAÇÃO;S;;004002000;4020000000000;3;D;5;;;;01/10/2026;
DeRE10111000000123456782026090212000000007;;;1;2;1;dere-poc/0.1;01914904;01/10/2026;;5;A;004002006000;004002006;000;DESPESAS DO FUNDO COMPARTILHADO;S;;004002000;4020000000000;3;D;5;;;;01/10/2026;
DeRE10111000000123456782026090212000000007;;;1;2;1;dere-poc/0.1;01914904;01/10/2026;;5;A;004002006001000;004002006001;000;DESPESA COM FOMENTO;S;;004002006000;4020000000000;4;D;5;;;;01/10/2026;
DeRE10111000000123456782026090212000000007;;;1;2;1;dere-poc/0.1;01914904;01/10/2026;;5;A;004002006002000;004002006002;000;DESPESA COM INOVAÇÃO;S;;004002006000;4020000000000;4;D;5;;;;01/10/2026;
DeRE10111000000123456782026090212000000007;;;1;2;1;dere-poc/0.1;01914904;01/10/2026;;5;A;004002007000;004002007;000;OUTRAS DESPESAS;S;;004002000;4030000000000;3;D;5;;;;01/10/2026;
DeRE10111000000123456782026090212000000007;;;1;2;1;dere-poc/0.1;01914904;01/10/2026;;5;A;004003000;004003;000;CONSTITUIÇÕES/REVERSÕES DE PROVISÕES CONTINGENCIAIS;S;;004000;4030000000000;2;V;5;;;;01/10/2026;
DeRE10111000000123456782026090212000000007;;;1;2;1;dere-poc/0.1;01914904;01/10/2026;;5;A;004003001000;004003001;000;PLANOS PREVIDENCIAIS;S;;004003000;4030000000000;3;V;5;;;;01/10/2026;
DeRE10111000000123456782026090212000000007;;;1;2;1;dere-poc/0.1;01914904;01/10/2026;;5;A;004003001001000;004003001001;000;DEPÓSITO JUDICIAL REEMBOLSO DIRIGENTE;A;"Registra a constituição, atualização e reversão da provisão contingencial da Gestão Administrativa relativa ao processo sobre reembolso/repasse de folha de dirigente, vinculada ao depósito judicial em 1.02.02.04.01.01.00. Debitada pela constituição/atualização em contrapartida a 2.02.02.01.01.00.00; creditada pela reversão por decisão favorável ou pelo encerramento do exercício.";004003001000;4030000000000;4;V;5;111270002;;;01/10/2026;
DeRE10111000000123456782026090212000000007;;;1;2;1;dere-poc/0.1;01914904;01/10/2026;;5;A;004003001002000;004003001002;000;DEPÓSITO JUDICIAL REEMBOLSO DIRIGENTE;A;"Registra a constituição, atualização e reversão de provisão contingencial da Gestão Administrativa relativa a processo sobre reembolso de dirigente (segunda conta de mesma natureza). Debitada pela constituição/atualização em contrapartida à provisão em 2.02.02.01.xx; creditada pela reversão ou pelo encerramento do exercício. Verificar duplicidade com 4.03.01.01.00.00.00.";004003001000;4030000000000;4;V;5;111270002;;;01/10/2026;
DeRE10111000000123456782026090212000000007;;;1;2;1;dere-poc/0.1;01914904;01/10/2026;;5;A;004003002000;004003002;000;OUTRAS;S;;004003000;4040000000000;3;V;5;;;;01/10/2026;
DeRE10111000000123456782026090212000000007;;;1;2;1;dere-poc/0.1;01914904;01/10/2026;;5;A;004003002001000;004003002001;000;OUTRAS;A;"Registra a constituição, atualização e reversão de outras provisões contingenciais da Gestão Administrativa (trabalhistas, fiscais e cíveis) cujas decisões futuras podem gerar desembolso pela EFPC. Debitada pela constituição/atualização em contrapartida a 2.02.02.01.xx; creditada pela reversão por decisão favorável ou pelo encerramento do exercício.";004003002000;4040000000000;4;V;5;111270002;;;01/10/2026;
DeRE10111000000123456782026090212000000007;;;1;2;1;dere-poc/0.1;01914904;01/10/2026;;5;A;004004000;004004;000;REVERSÃO DE RECURSOS PARA O PLANO DE BENEFÍCIOS;S;;004000;4040000000000;2;V;5;;;;01/10/2026;
DeRE10111000000123456782026090212000000007;;;1;2;1;dere-poc/0.1;01914904;01/10/2026;;5;A;004004001000;004004001;000;REVERSÃO DE RECURSOS - PLANO DE BENEFÍCIOS;S;;004004000;4040000000000;3;V;5;;;;01/10/2026;
DeRE10111000000123456782026090212000000007;;;1;2;1;dere-poc/0.1;01914904;01/10/2026;;5;A;004004002000;004004002;000;REVERSÃO DE RECURSOS - FUNDO COMPARTILHADO;S;;004004000;4040000000000;3;V;5;;;;01/10/2026;
DeRE10111000000123456782026090212000000007;;;1;2;1;dere-poc/0.1;01914904;01/10/2026;;5;A;004005000;004005;000;FLUXO DOS INVESTIMENTOS;S;;004000;4050000000000;2;V;5;;;;01/10/2026;
DeRE10111000000123456782026090212000000007;;;1;2;1;dere-poc/0.1;01914904;01/10/2026;;5;A;004005001000;004005001;000;FLUXO POSITIVO DOS INVESTIMENTOS;S;;004005000;4050000000000;3;C;4;;;;01/10/2026;
DeRE10111000000123456782026090212000000007;;;1;2;1;dere-poc/0.1;01914904;01/10/2026;;5;A;004005001001000;004005001001;000;FLUXO POSITIVO DOS INVESTIMENTOS;A;"Registra o recebimento, na Gestão Administrativa, dos recursos oriundos do fluxo líquido positivo dos investimentos do PGA, transferidos do Fluxo dos Investimentos (5.08.02.00.00.00.00). Creditada pela apuração do resultado positivo dos investimentos administrativos; debitada pelo encerramento do exercício.";004005001000;4050000000000;4;C;4;111250001;0;;01/10/2026;
DeRE10111000000123456782026090212000000007;;;1;2;1;dere-poc/0.1;01914904;01/10/2026;;5;A;004005002000;004005002;000;FLUXO NEGATIVO DOS INVESTIMENTOS;S;;004005000;4050000000000;3;D;5;;;;01/10/2026;
DeRE10111000000123456782026090212000000007;;;1;2;1;dere-poc/0.1;01914904;01/10/2026;;5;A;004005002001000;004005002001;000;FLUXO NEGATIVO DOS INVESTIMENTOS;A;"Registra a transferência, na Gestão Administrativa, dos recursos decorrentes do fluxo líquido negativo dos investimentos do PGA, apurados no Fluxo dos Investimentos (5.08.02.00.00.00.00). Debitada pela apuração do resultado negativo dos investimentos administrativos; creditada pelo encerramento do exercício.";004005002000;4050000000000;4;V;5;111270002;;;01/10/2026;
DeRE10111000000123456782026090212000000007;;;1;2;1;dere-poc/0.1;01914904;01/10/2026;;5;A;004006000;004006;000;CONSTITUIÇÃO/REVERSÃO DE FUNDOS;S;;004000;4070000000000;2;V;5;;;;01/10/2026;
DeRE10111000000123456782026090212000000007;;;1;2;1;dere-poc/0.1;01914904;01/10/2026;;5;A;004006001000;004006001;000;CONSTITUIÇÃO;A;"Registra a constituição ou reversão do Fundo Administrativo do PGA pela diferença positiva ou negativa apurada entre as receitas e despesas da Gestão Administrativa no período. Debitada pela constituição do fundo (resultado positivo) em contrapartida a 2.03.02.02.01.01.01; creditada pela reversão do fundo (resultado negativo) e pelo encerramento do exercício.";004006000;4070000000000;3;V;5;111270002;;;01/10/2026;
DeRE10111000000123456782026090212000000007;;;1;2;1;dere-poc/0.1;01914904;01/10/2026;;5;A;004006002000;004006002;000;ATUALIZAÇÃO;A;"Registra a atualização (positiva ou negativa) do Fundo Administrativo do PGA pela rentabilidade líquida dos investimentos vinculados aos recursos administrativos. Debitada pela atualização positiva em contrapartida a 2.03.02.02.01.01.02; creditada pela atualização negativa e pelo encerramento do exercício.";004006000;4070000000000;3;V;5;111270002;;;01/10/2026;
DeRE10111000000123456782026090212000000007;;;1;2;1;dere-poc/0.1;01914904;01/10/2026;;5;A;005000;005;000;FLUXO DOS INVESTIMENTOS;S;;;5000000000000;1;V;4;;;;01/10/2026;
DeRE10111000000123456782026090212000000007;;;1;2;1;dere-poc/0.1;01914904;01/10/2026;;5;A;005001000;005001;000;RENDAS/VARIAÇÕES POSITIVAS;S;;005000;5010000000000;2;C;4;;;;01/10/2026;
DeRE10111000000123456782026090212000000007;;;1;2;1;dere-poc/0.1;01914904;01/10/2026;;5;A;005001001000;005001001;000;TÍTULOS PÚBLICOS;S;;005001000;5010000000000;3;C;4;;;;01/10/2026;
DeRE10111000000123456782026090212000000007;;;1;2;1;dere-poc/0.1;01914904;01/10/2026;;5;A;005001001001000;005001001001;000;TÍTULOS PÚBLICOS FEDERAIS;S;;005001001000;5010000000000;4;C;4;;;;01/10/2026;
DeRE10111000000123456782026090212000000007;;;1;2;1;dere-poc/0.1;01914904;01/10/2026;;5;A;005001001001001000;005001001001001;000;TESOURO IPCA / NOTA DO TESOURO NACIONAL - NTN;S;;005001001001000;5010000000000;5;C;4;;;;01/10/2026;
DeRE10111000000123456782026090212000000007;;;1;2;1;dere-poc/0.1;01914904;01/10/2026;;5;A;005001001001001001000;005001001001001001;000;TESOURO IPCA / NTN-B;S;;005001001001001000;5010000000000;6;C;4;;;;01/10/2026;
DeRE10111000000123456782026090212000000007;;;1;2;1;dere-poc/0.1;01914904;01/10/2026;;5;A;005001001001001001001000;005001001001001001001;000;TESOURO IPCA / NTN-B;A;"Registra as rendas e variações positivas dos títulos públicos federais NTN-B (Tesouro IPCA+): apropriação de juros (cupom), atualização monetária pelo IPCA e ajustes positivos de marcação a mercado ou na curva, conforme classificação. Creditada pela apropriação dos rendimentos em contrapartida a 1.02.03.01.01.01.01.01; debitada pelo encerramento do exercício.";005001001001001001000;5010000000000;7;C;4;111250001;0;;01/10/2026;
DeRE10111000000123456782026090212000000007;;;1;2;1;dere-poc/0.1;01914904;01/10/2026;;5;A;005001001001001002000;005001001001001002;000;TESOURO IPCA / NTN-C;S;;005001001001001000;5010000000000;6;C;4;;;;01/10/2026;
DeRE10111000000123456782026090212000000007;;;1;2;1;dere-poc/0.1;01914904;01/10/2026;;5;A;005001001001001002001000;005001001001001002001;000;TESOURO IPCA / NTN-C;A;"Registra as rendas e variações positivas dos títulos públicos federais NTN-C (indexados ao IGP-M): apropriação de juros, atualização monetária e ajustes positivos de avaliação. Creditada pela apropriação dos rendimentos em contrapartida ao ativo correspondente; debitada pelo encerramento do exercício.";005001001001001002000;5010000000000;7;C;4;111250001;0;;01/10/2026;
DeRE10111000000123456782026090212000000007;;;1;2;1;dere-poc/0.1;01914904;01/10/2026;;5;A;005001001001001003000;005001001001001003;000;TESOURO IPCA / NTN-F;S;;005001001001001000;5010000000000;6;C;4;;;;01/10/2026;
DeRE10111000000123456782026090212000000007;;;1;2;1;dere-poc/0.1;01914904;01/10/2026;;5;A;005001001001002000;005001001001002;000;TESOURO SELIC / LETRA FINANCEIRA DO TESOURO - LFT;S;;005001001001000;5010000000000;5;C;4;;;;01/10/2026;
DeRE10111000000123456782026090212000000007;;;1;2;1;dere-poc/0.1;01914904;01/10/2026;;5;A;005001001001003000;005001001001003;000;TESOURO PREFIXADO / LETRA DO TESOURO NACIONAL - LTN;S;;005001001001000;5010000000000;5;C;4;;;;01/10/2026;
DeRE10111000000123456782026090212000000007;;;1;2;1;dere-poc/0.1;01914904;01/10/2026;;5;A;005001001001004000;005001001001004;000;TÍTULO DA DÍVIDA AGRÁRIA - TDA;S;;005001001001000;5010000000000;5;C;4;;;;01/10/2026;
DeRE10111000000123456782026090212000000007;;;1;2;1;dere-poc/0.1;01914904;01/10/2026;;5;A;005001001001005000;005001001001005;000;OUTROS TÍTULOS PÚBLICOS FEDERAIS;S;;005001001001000;5010000000000;5;C;4;;;;01/10/2026;
DeRE10111000000123456782026090212000000007;;;1;2;1;dere-poc/0.1;01914904;01/10/2026;;5;A;005001001002000;005001001002;000;TÍTULOS PÚBLICOS ESTADUAIS;S;;005001001000;5010000000000;4;C;4;;;;01/10/2026;
DeRE10111000000123456782026090212000000007;;;1;2;1;dere-poc/0.1;01914904;01/10/2026;;5;A;005001001003000;005001001003;000;TÍTULOS PÚBLICOS MUNICIPAIS;S;;005001001000;5010000000000;4;C;4;;;;01/10/2026;
DeRE10111000000123456782026090212000000007;;;1;2;1;dere-poc/0.1;01914904;01/10/2026;;5;A;005001001004000;005001001004;000;EMPRÉSTIMOS DE TÍTULOS PÚBLICOS;S;;005001001000;5010000000000;4;C;4;;;;01/10/2026;
DeRE10111000000123456782026090212000000007;;;1;2;1;dere-poc/0.1;01914904;01/10/2026;;5;A;005001001005000;005001001005;000;OPERAÇÕES COMPROMISSADAS;S;;005001001000;5010000000000;4;C;4;;;;01/10/2026;
DeRE10111000000123456782026090212000000007;;;1;2;1;dere-poc/0.1;01914904;01/10/2026;;5;A;005001002000;005001002;000;ATIVOS FINANCEIROS DE CRÉDITO PRIVADO;S;;005001000;5010000000000;3;C;4;;;;01/10/2026;
DeRE10111000000123456782026090212000000007;;;1;2;1;dere-poc/0.1;01914904;01/10/2026;;5;A;005001002001000;005001002001;000;TÍTULOS EMITIDOS POR INSTITUIÇÃO FINANCEIRA;S;;005001002000;5010000000000;4;C;4;;;;01/10/2026;
DeRE10111000000123456782026090212000000007;;;1;2;1;dere-poc/0.1;01914904;01/10/2026;;5;A;005001002001001000;005001002001001;000;LETRA FINANCEIRA - LF;S;;005001002001000;5010000000000;5;C;4;;;;01/10/2026;
DeRE10111000000123456782026090212000000007;;;1;2;1;dere-poc/0.1;01914904;01/10/2026;;5;A;005001002001002000;005001002001002;000;CERTIFICADO DE DEPÓSITO BANCÁRIO - CDB;S;;005001002001000;5010000000000;5;C;4;;;;01/10/2026;
DeRE10111000000123456782026090212000000007;;;1;2;1;dere-poc/0.1;01914904;01/10/2026;;5;A;005001002001003000;005001002001003;000;DEPÓSITO A PRAZO COM GARANTIA ESPECIAL - DPGE;S;;005001002001000;5010000000000;5;C;4;;;;01/10/2026;
DeRE10111000000123456782026090212000000007;;;1;2;1;dere-poc/0.1;01914904;01/10/2026;;5;A;005001002001004000;005001002001004;000;LETRA IMOBILIÁRIA GARANTIDA - LIG;S;;005001002001000;5010000000000;5;C;4;;;;01/10/2026;
DeRE10111000000123456782026090212000000007;;;1;2;1;dere-poc/0.1;01914904;01/10/2026;;5;A;005001002001005000;005001002001005;000;LETRA DE CRÉDITO IMOBILIÁRIO - LCI;S;;005001002001000;5010000000000;5;C;4;;;;01/10/2026;
DeRE10111000000123456782026090212000000007;;;1;2;1;dere-poc/0.1;01914904;01/10/2026;;5;A;005001002001006000;005001002001006;000;OUTROS TÍTULOS;S;;005001002001000;5010000000000;5;C;4;;;;01/10/2026;
DeRE10111000000123456782026090212000000007;;;1;2;1;dere-poc/0.1;01914904;01/10/2026;;5;A;005001002002000;005001002002;000;CRÉDITO BANCÁRIO;S;;005001002000;5010000000000;4;C;4;;;;01/10/2026;
DeRE10111000000123456782026090212000000007;;;1;2;1;dere-poc/0.1;01914904;01/10/2026;;5;A;005001002002001000;005001002002001;000;CÉDULA DE CRÉDITO BANCÁRIO - CCB;S;;005001002002000;5010000000000;5;C;4;;;;01/10/2026;
DeRE10111000000123456782026090212000000007;;;1;2;1;dere-poc/0.1;01914904;01/10/2026;;5;A;005001002002002000;005001002002002;000;CERTIFICADO DE CÉDULA DE CRÉDITO BANCÁRIO - CCCB;S;;005001002002000;5010000000000;5;C;4;;;;01/10/2026;
DeRE10111000000123456782026090212000000007;;;1;2;1;dere-poc/0.1;01914904;01/10/2026;;5;A;005001002003000;005001002003;000;CERTIFICADOS DE RECEBÍVEIS IMOBILIÁRIOS - CRI;S;;005001002000;5010000000000;4;C;4;;;;01/10/2026;
DeRE10111000000123456782026090212000000007;;;1;2;1;dere-poc/0.1;01914904;01/10/2026;;5;A;005001002004000;005001002004;000;CÉDULAS DE CRÉDITO IMOBILIÁRIO - CCI;S;;005001002000;5010000000000;4;C;4;;;;01/10/2026;
DeRE10111000000123456782026090212000000007;;;1;2;1;dere-poc/0.1;01914904;01/10/2026;;5;A;005001002005000;005001002005;000;TÍTULOS DO AGRONEGÓCIO;S;;005001002000;5010000000000;4;C;4;;;;01/10/2026;
DeRE10111000000123456782026090212000000007;;;1;2;1;dere-poc/0.1;01914904;01/10/2026;;5;A;005001002005001000;005001002005001;000;CEDULA DE PRODUTO RURAL - CPR;S;;005001002005000;5010000000000;5;C;4;;;;01/10/2026;
DeRE10111000000123456782026090212000000007;;;1;2;1;dere-poc/0.1;01914904;01/10/2026;;5;A;005001002005002000;005001002005002;000;CERTIFICADOS DE DIREITOS CREDITÓRIOS DO AGRONEGÓCIO - CDCA;S;;005001002005000;5010000000000;5;C;4;;;;01/10/2026;
DeRE10111000000123456782026090212000000007;;;1;2;1;dere-poc/0.1;01914904;01/10/2026;;5;A;005001002005003000;005001002005003;000;CERTIFICADOS DE RECEBÍVEIS DO AGRONEGÓCIO - CRA;S;;005001002005000;5010000000000;5;C;4;;;;01/10/2026;
DeRE10111000000123456782026090212000000007;;;1;2;1;dere-poc/0.1;01914904;01/10/2026;;5;A;005001002005004000;005001002005004;000;WARRANT AGROPECUÁRIO - WA;S;;005001002005000;5010000000000;5;C;4;;;;01/10/2026;
DeRE10111000000123456782026090212000000007;;;1;2;1;dere-poc/0.1;01914904;01/10/2026;;5;A;005001002005005000;005001002005005;000;OUTROS TÍTULOS DO AGRONEGÓCIO;S;;005001002005000;5010000000000;5;C;4;;;;01/10/2026;
DeRE10111000000123456782026090212000000007;;;1;2;1;dere-poc/0.1;01914904;01/10/2026;;5;A;005001002006000;005001002006;000;DEBÊNTURES;S;;005001002000;5010000000000;4;C;4;;;;01/10/2026;
DeRE10111000000123456782026090212000000007;;;1;2;1;dere-poc/0.1;01914904;01/10/2026;;5;A;005001002006001000;005001002006001;000;DEBÊNTURES DE EMPRESAS S.A. ABERTA;S;;005001002006000;5010000000000;5;C;4;;;;01/10/2026;
DeRE10111000000123456782026090212000000007;;;1;2;1;dere-poc/0.1;01914904;01/10/2026;;5;A;005001002006002000;005001002006002;000;DEBÊNTURES DE EMPRESAS S.A. FECHADA (COM COOBRIGAÇÃO);S;;005001002006000;5010000000000;5;C;4;;;;01/10/2026;
DeRE10111000000123456782026090212000000007;;;1;2;1;dere-poc/0.1;01914904;01/10/2026;;5;A;005001002006003000;005001002006003;000;DEBÊNTURES DE INFRAESTRUTURA LEI N.º 12.431/2011;S;;005001002006000;5010000000000;5;C;4;;;;01/10/2026;
DeRE10111000000123456782026090212000000007;;;1;2;1;dere-poc/0.1;01914904;01/10/2026;;5;A;005001002006004000;005001002006004;000;DEBÊNTURES DE INFRAESTRUTURA;S;;005001002006000;5010000000000;5;C;4;;;;01/10/2026;
DeRE10111000000123456782026090212000000007;;;1;2;1;dere-poc/0.1;01914904;01/10/2026;;5;A;005001002006005000;005001002006005;000;DEBÊNTURES DE INFRAESTRUTURA - LEI Nº 14.801, DE 2024;S;;005001002006000;5010000000000;5;C;4;;;;01/10/2026;
DeRE10111000000123456782026090212000000007;;;1;2;1;dere-poc/0.1;01914904;01/10/2026;;5;A;005001002006006000;005001002006006;000;OUTRAS DEBÊNTURES;S;;005001002006000;5010000000000;5;C;4;;;;01/10/2026;
DeRE10111000000123456782026090212000000007;;;1;2;1;dere-poc/0.1;01914904;01/10/2026;;5;A;005001002007000;005001002007;000;EMPRÉSTIMO DE TÍTULOS DE CRÉDITO PRIVADO;S;;005001002000;5010000000000;4;C;4;;;;01/10/2026;
DeRE10111000000123456782026090212000000007;;;1;2;1;dere-poc/0.1;01914904;01/10/2026;;5;A;005001002008000;005001002008;000;CERTIFICADO DE OPERAÇÕES ESTRUTURADAS - COE;S;;005001002000;5010000000000;4;C;4;;;;01/10/2026;
DeRE10111000000123456782026090212000000007;;;1;2;1;dere-poc/0.1;01914904;01/10/2026;;5;A;005001002008001000;005001002008001;000;CERTIFICADO DE OPERAÇÃO ESTRUTURADA - CAPITAL PROTEGIDO;S;;005001002008000;5010000000000;5;C;4;;;;01/10/2026;
DeRE10111000000123456782026090212000000007;;;1;2;1;dere-poc/0.1;01914904;01/10/2026;;5;A;005001002008002000;005001002008002;000;CERTIFICADO DE OPERAÇÃO ESTRUTURADA - CAPITAL NÃO PROTEGIDO;S;;005001002008000;5010000000000;5;C;4;;;;01/10/2026;
DeRE10111000000123456782026090212000000007;;;1;2;1;dere-poc/0.1;01914904;01/10/2026;;5;A;005001002008003000;005001002008003;000;OUTROS CERTIFICADOS DE OPERAÇÕES ESTRUTURADAS;S;;005001002008000;5010000000000;5;C;4;;;;01/10/2026;
DeRE10111000000123456782026090212000000007;;;1;2;1;dere-poc/0.1;01914904;01/10/2026;;5;A;005001002009000;005001002009;000;ORGANISMOS MULTILATERAIS;S;;005001002000;5010000000000;4;C;4;;;;01/10/2026;
DeRE10111000000123456782026090212000000007;;;1;2;1;dere-poc/0.1;01914904;01/10/2026;;5;A;005001002010000;005001002010;000;ATIVOS FINANCEIROS DE CRÉDITO PRIVADO DE PATROCINADOR;S;;005001002000;5010000000000;4;C;4;;;;01/10/2026;
DeRE10111000000123456782026090212000000007;;;1;2;1;dere-poc/0.1;01914904;01/10/2026;;5;A;005001002011000;005001002011;000;OUTROS ATIVOS FINANCEIROS DE CRÉDITO PRIVADO;S;;005001002000;5010000000000;4;C;4;;;;01/10/2026;
DeRE10111000000123456782026090212000000007;;;1;2;1;dere-poc/0.1;01914904;01/10/2026;;5;A;005001003000;005001003;000;RENDA VARIÁVEL;S;;005001000;5010000000000;3;C;4;;;;01/10/2026;
DeRE10111000000123456782026090212000000007;;;1;2;1;dere-poc/0.1;01914904;01/10/2026;;5;A;005001003001000;005001003001;000;AÇÕES;S;;005001003000;5010000000000;4;C;4;;;;01/10/2026;
DeRE10111000000123456782026090212000000007;;;1;2;1;dere-poc/0.1;01914904;01/10/2026;;5;A;005001003002000;005001003002;000;BÔNUS DE SUBSCRIÇÃO EM AÇÕES;S;;005001003000;5010000000000;4;C;4;;;;01/10/2026;
DeRE10111000000123456782026090212000000007;;;1;2;1;dere-poc/0.1;01914904;01/10/2026;;5;A;005001003003000;005001003003;000;RECIBOS DE SUBSCRIÇÃO EM AÇÕES;S;;005001003000;5010000000000;4;C;4;;;;01/10/2026;
DeRE10111000000123456782026090212000000007;;;1;2;1;dere-poc/0.1;01914904;01/10/2026;;5;A;005001003004000;005001003004;000;CERTIFICADOS DE DEPÓSITO DE AÇÕES;S;;005001003000;5010000000000;4;C;4;;;;01/10/2026;
DeRE10111000000123456782026090212000000007;;;1;2;1;dere-poc/0.1;01914904;01/10/2026;;5;A;005001003005000;005001003005;000;EMPRÉSTIMO DE AÇÕES;S;;005001003000;5010000000000;4;C;4;;;;01/10/2026;
DeRE10111000000123456782026090212000000007;;;1;2;1;dere-poc/0.1;01914904;01/10/2026;;5;A;005001003006000;005001003006;000;BRAZILIAN DEPOSITARY RECEIPTS - BDR;S;;005001003000;5010000000000;4;C;4;;;;01/10/2026;
DeRE10111000000123456782026090212000000007;;;1;2;1;dere-poc/0.1;01914904;01/10/2026;;5;A;005001003006001000;005001003006001;000;BRAZILIAN DEPOSITARY RECEIPTS - BDR LASTREADO EM FUNDO DE ÍNDICE (BDR DE ETF);S;;005001003006000;5010000000000;5;C;4;;;;01/10/2026;
DeRE10111000000123456782026090212000000007;;;1;2;1;dere-poc/0.1;01914904;01/10/2026;;5;A;005001003006002000;005001003006002;000;BRAZILIAN DEPOSITARY RECEIPTS - BDR;S;;005001003006000;5010000000000;5;C;4;;;;01/10/2026;
DeRE10111000000123456782026090212000000007;;;1;2;1;dere-poc/0.1;01914904;01/10/2026;;5;A;005001003007000;005001003007;000;CERTIFICADO REPRESENTATIVO DE OURO FÍSICO;S;;005001003000;5010000000000;4;C;4;;;;01/10/2026;
DeRE10111000000123456782026090212000000007;;;1;2;1;dere-poc/0.1;01914904;01/10/2026;;5;A;005001003008000;005001003008;000;RENDA VARIÁVEL DE PATROCINADOR;S;;005001003000;5010000000000;4;C;4;;;;01/10/2026;
DeRE10111000000123456782026090212000000007;;;1;2;1;dere-poc/0.1;01914904;01/10/2026;;5;A;005001003009000;005001003009;000;CRÉDITOS DE DESCARBONIZAÇÃO - CBIO;S;;005001003000;5010000000000;4;C;4;;;;01/10/2026;
DeRE10111000000123456782026090212000000007;;;1;2;1;dere-poc/0.1;01914904;01/10/2026;;5;A;005001003010000;005001003010;000;CRÉDITOS DE CARBONO;S;;005001003000;5010000000000;4;C;4;;;;01/10/2026;
DeRE10111000000123456782026090212000000007;;;1;2;1;dere-poc/0.1;01914904;01/10/2026;;5;A;005001003011000;005001003011;000;OUTROS RENDA VARIÁVEL;S;;005001003000;5010000000000;4;C;4;;;;01/10/2026;
DeRE10111000000123456782026090212000000007;;;1;2;1;dere-poc/0.1;01914904;01/10/2026;;5;A;005001004000;005001004;000;COTAS DE CLASSES DE FUNDOS DE INVESTIMENTO;S;;005001000;5010000000000;3;C;4;;;;01/10/2026;
DeRE10111000000123456782026090212000000007;;;1;2;1;dere-poc/0.1;01914904;01/10/2026;;5;A;005001004001000;005001004001;000;COTAS DE CLASSES DE FUNDO DE RENDA FIXA;S;;005001004000;5010000000000;4;C;4;;;;01/10/2026;
DeRE10111000000123456782026090212000000007;;;1;2;1;dere-poc/0.1;01914904;01/10/2026;;5;A;005001004001001000;005001004001001;000;VARIAÇÃO POSITIVA ANUAL;A;"Registra as rendas e variações positivas anuais decorrentes da valorização das cotas dos fundos de investimento classificados como renda fixa (inclusive fundos multimercado enquadrados nesse segmento) detidos pelo plano e pelo PGA. Creditada pela apropriação da valorização das cotas em contrapartida a 1.02.03.04.01.xx; debitada pelo encerramento do exercício.";005001004001000;5010000000000;5;C;4;111250001;0;;01/10/2026;
DeRE10111000000123456782026090212000000007;;;1;2;1;dere-poc/0.1;01914904;01/10/2026;;5;A;005001004002000;005001004002;000;COTAS DE CLASSES DE FUNDO DE ÍNDICE REFERENCIADO (ETF);S;;005001004000;5010000000000;4;C;4;;;;01/10/2026;
DeRE10111000000123456782026090212000000007;;;1;2;1;dere-poc/0.1;01914904;01/10/2026;;5;A;005001004002001000;005001004002001;000;COTAS DE CLASSES DE FUNDO DE ÍNDICE REFERENCIADO RENDA FIXA (ETF) TÍTULO PÚBLICO;S;;005001004002000;5010000000000;5;C;4;;;;01/10/2026;
DeRE10111000000123456782026090212000000007;;;1;2;1;dere-poc/0.1;01914904;01/10/2026;;5;A;005001004002002000;005001004002002;000;COTAS DE CLASSES DE FUNDO DE ÍNDICE REFERENCIADO RENDA FIXA (ETF) CRÉDITO PRIVADO;S;;005001004002000;5010000000000;5;C;4;;;;01/10/2026;
DeRE10111000000123456782026090212000000007;;;1;2;1;dere-poc/0.1;01914904;01/10/2026;;5;A;005001004002003000;005001004002003;000;COTAS DE CLASSES DE FUNDO DE ÍNDICE REFERENCIADO EM AÇÕES (ETF) - SEGMENTO ESPECIAL;S;;005001004002000;5010000000000;5;C;4;;;;01/10/2026;
DeRE10111000000123456782026090212000000007;;;1;2;1;dere-poc/0.1;01914904;01/10/2026;;5;A;005001004002004000;005001004002004;000;COTAS DE CLASSES DE FUNDO DE ÍNDICE REFERENCIADO EM AÇÕES (ETF);S;;005001004002000;5010000000000;5;C;4;;;;01/10/2026;
DeRE10111000000123456782026090212000000007;;;1;2;1;dere-poc/0.1;01914904;01/10/2026;;5;A;005001004002005000;005001004002005;000;COTAS DE CLASSES DE FUNDOS DE INVESTIMENTO EM ÍNDICE NO EXTERIOR NEGOCIADO NO BRASIL (ETF - INTERNAC;S;;005001004002000;5010000000000;5;C;4;;;;01/10/2026;
DeRE10111000000123456782026090212000000007;;;1;2;1;dere-poc/0.1;01914904;01/10/2026;;5;A;005001004003000;005001004003;000;FUNDO DE INVESTIMENTO EM DIREITO CREDITÓRIO - FIDC;S;;005001004000;5010000000000;4;C;4;;;;01/10/2026;
DeRE10111000000123456782026090212000000007;;;1;2;1;dere-poc/0.1;01914904;01/10/2026;;5;A;005001004003001000;005001004003001;000;COTAS DE CLASSES DE FIDC - PADRONIZADO;S;;005001004003000;5010000000000;5;C;4;;;;01/10/2026;
DeRE10111000000123456782026090212000000007;;;1;2;1;dere-poc/0.1;01914904;01/10/2026;;5;A;005001004003001001000;005001004003001001;000;COTAS DE CLASSES DE FIDC - PADRONIZADO - SUBCLASSE COTA SENIOR;S;;005001004003001000;5010000000000;6;C;4;;;;01/10/2026;
DeRE10111000000123456782026090212000000007;;;1;2;1;dere-poc/0.1;01914904;01/10/2026;;5;A;005001004003001002000;005001004003001002;000;COTAS DE CLASSES DE FIDC - PADRONIZADO - SUBCLASSE SUBORDINADA;S;;005001004003001000;5010000000000;6;C;4;;;;01/10/2026;
DeRE10111000000123456782026090212000000007;;;1;2;1;dere-poc/0.1;01914904;01/10/2026;;5;A;005001004003001003000;005001004003001003;000;COTAS DE CLASSES DE FIDC - PADRONIZADO - SUBCLASSE SUBORDINADA MEZANINO;S;;005001004003001000;5010000000000;6;C;4;;;;01/10/2026;
DeRE10111000000123456782026090212000000007;;;1;2;1;dere-poc/0.1;01914904;01/10/2026;;5;A;005001004003002000;005001004003002;000;COTAS DE CLASSES DE FIDC - NÃO PADRONIZADO;S;;005001004003000;5010000000000;5;C;4;;;;01/10/2026;
DeRE10111000000123456782026090212000000007;;;1;2;1;dere-poc/0.1;01914904;01/10/2026;;5;A;005001004003002001000;005001004003002001;000;COTAS DE CLASSES DE FIDC NÃO PADRONIZADO - SUBCLASSE COTA SENIOR;S;;005001004003002000;5010000000000;6;C;4;;;;01/10/2026;
DeRE10111000000123456782026090212000000007;;;1;2;1;dere-poc/0.1;01914904;01/10/2026;;5;A;005001004003002002000;005001004003002002;000;COTAS DE CLASSES DE FIDC NÃO PADRONIZADO - SUBCLASSE SUBORDINADA;S;;005001004003002000;5010000000000;6;C;4;;;;01/10/2026;
DeRE10111000000123456782026090212000000007;;;1;2;1;dere-poc/0.1;01914904;01/10/2026;;5;A;005001004003002003000;005001004003002003;000;COTAS DE CLASSES DE FIDC NÃO PADRONIZADO - SUBCLASSE SUBORDINADA MEZANINO;S;;005001004003002000;5010000000000;6;C;4;;;;01/10/2026;
DeRE10111000000123456782026090212000000007;;;1;2;1;dere-poc/0.1;01914904;01/10/2026;;5;A;005001004003003000;005001004003003;000;OUTROS;S;;005001004003000;5010000000000;5;C;4;;;;01/10/2026;
DeRE10111000000123456782026090212000000007;;;1;2;1;dere-poc/0.1;01914904;01/10/2026;;5;A;005001004004000;005001004004;000;COTAS DE CLASSES DE FUNDO DE AÇÕES;S;;005001004000;5010000000000;4;C;4;;;;01/10/2026;
DeRE10111000000123456782026090212000000007;;;1;2;1;dere-poc/0.1;01914904;01/10/2026;;5;A;005001004004001000;005001004004001;000;VARIAÇÃO POSITIVA ANUAL;A;"Registra as rendas e variações positivas anuais decorrentes da valorização das cotas dos fundos de investimento em ações detidos pelo plano (ex.: Vinci Selection Equities FIA). Creditada pela apropriação da valorização das cotas em contrapartida a 1.02.03.04.04.01.00; debitada pelo encerramento do exercício.";005001004004000;5010000000000;5;C;4;111250001;0;;01/10/2026;
DeRE10111000000123456782026090212000000007;;;1;2;1;dere-poc/0.1;01914904;01/10/2026;;5;A;005001004005000;005001004005;000;COTAS DE CLASSES DE FUNDO DE INVESTIMENTO EM PARTICIPAÇÕES - FIP;S;;005001004000;5010000000000;4;C;4;;;;01/10/2026;
DeRE10111000000123456782026090212000000007;;;1;2;1;dere-poc/0.1;01914904;01/10/2026;;5;A;005001004005001000;005001004005001;000;FIP - CAPITAL SEMENTE;S;;005001004005000;5010000000000;5;C;4;;;;01/10/2026;
DeRE10111000000123456782026090212000000007;;;1;2;1;dere-poc/0.1;01914904;01/10/2026;;5;A;005001004005002000;005001004005002;000;EMPRESAS EMERGENTES;S;;005001004005000;5010000000000;5;C;4;;;;01/10/2026;
DeRE10111000000123456782026090212000000007;;;1;2;1;dere-poc/0.1;01914904;01/10/2026;;5;A;005001004005003000;005001004005003;000;INFRAESTRUTURA (FIP-IE);S;;005001004005000;5010000000000;5;C;4;;;;01/10/2026;
DeRE10111000000123456782026090212000000007;;;1;2;1;dere-poc/0.1;01914904;01/10/2026;;5;A;005001004005004000;005001004005004;000;PRODUÇÃO ECONÔMICA INTENSIVA EM PESQUISA, DESENVOLVIMENTO E INOVAÇÃO (FIP-PD&I);S;;005001004005000;5010000000000;5;C;4;;;;01/10/2026;
DeRE10111000000123456782026090212000000007;;;1;2;1;dere-poc/0.1;01914904;01/10/2026;;5;A;005001004005005000;005001004005005;000;FIP - MULTIESTRATÉGIA;S;;005001004005000;5010000000000;5;C;4;;;;01/10/2026;
DeRE10111000000123456782026090212000000007;;;1;2;1;dere-poc/0.1;01914904;01/10/2026;;5;A;005001004005006000;005001004005006;000;OUTROS FIP;S;;005001004005000;5010000000000;5;C;4;;;;01/10/2026;
DeRE10111000000123456782026090212000000007;;;1;2;1;dere-poc/0.1;01914904;01/10/2026;;5;A;005001004006000;005001004006;000;COTAS DE CLASSES DE FUNDO MULTIMERCADO - FIM;S;;005001004000;5010000000000;4;C;4;;;;01/10/2026;
DeRE10111000000123456782026090212000000007;;;1;2;1;dere-poc/0.1;01914904;01/10/2026;;5;A;005001004007000;005001004007;000;COTAS DE CLASSES DE FUNDO MULTIMERCADO ESTRUTURADO;S;;005001004000;5010000000000;4;C;4;;;;01/10/2026;
DeRE10111000000123456782026090212000000007;;;1;2;1;dere-poc/0.1;01914904;01/10/2026;;5;A;005001004007001000;005001004007001;000;VARIAÇÃO POSITIVA ANUAL;A;"Registra as rendas e variações positivas anuais decorrentes da valorização das cotas dos fundos multimercado estruturados detidos pelo plano (Vinci Multiestratégia, Valorem, Retorno Real, Inter). Creditada pela apropriação da valorização das cotas em contrapartida a 1.02.03.04.08.xx; debitada pelo encerramento do exercício.";005001004007000;5010000000000;5;C;4;111250001;0;;01/10/2026;
DeRE10111000000123456782026090212000000007;;;1;2;1;dere-poc/0.1;01914904;01/10/2026;;5;A;005001004008000;005001004008;000;COTAS DE CLASSES DE FUNDO DE INVESTIMENTO AÇÕES EM MERCADO DE ACESSO - FAMA;S;;005001004000;5010000000000;4;C;4;;;;01/10/2026;
DeRE10111000000123456782026090212000000007;;;1;2;1;dere-poc/0.1;01914904;01/10/2026;;5;A;005001004009000;005001004009;000;COTAS DE CLASSES DE FUNDO DE INVESTIMENTO IMOBILIÁRIO - FII;S;;005001004000;5010000000000;4;C;4;;;;01/10/2026;
DeRE10111000000123456782026090212000000007;;;1;2;1;dere-poc/0.1;01914904;01/10/2026;;5;A;005001004010000;005001004010;000;COTAS DE CLASSES DE FUNDO DE INVESTIMENTO NO EXTERIOR;S;;005001004000;5010000000000;4;C;4;;;;01/10/2026;
DeRE10111000000123456782026090212000000007;;;1;2;1;dere-poc/0.1;01914904;01/10/2026;;5;A;005001004010001000;005001004010001;000;COTAS DE CLASSES DE FUNDO DE INVESTIMENTO RENDA FIXA - DÍVIDA EXTERNA;S;;005001004010000;5010000000000;5;C;4;;;;01/10/2026;
DeRE10111000000123456782026090212000000007;;;1;2;1;dere-poc/0.1;01914904;01/10/2026;;5;A;005001004010002000;005001004010002;000;COTAS DE CLASSES DE FUNDO DE INVESTIMENTO - INVESTIDORES QUALIFICADOS - EXTERIOR > 40%;S;;005001004010000;5010000000000;5;C;4;;;;01/10/2026;
DeRE10111000000123456782026090212000000007;;;1;2;1;dere-poc/0.1;01914904;01/10/2026;;5;A;005001004010002001000;005001004010002001;000;COTAS DE CLASSES DE FUNDO DE INVESTIMENTO - INVESTIDORES QUALIFICADOS - EXTERIOR > 40% - EXCLUSIVO;S;;005001004010002000;5010000000000;6;C;4;;;;01/10/2026;
DeRE10111000000123456782026090212000000007;;;1;2;1;dere-poc/0.1;01914904;01/10/2026;;5;A;005001004010002001001000;005001004010002001001;000;FUNDO DE INVESTIMENTO - SUFIXO INVESTIMENTO NO EXTERIOR - EO;A;"Registra as rendas e variações positivas decorrentes da valorização das cotas de fundo de investimento exclusivo para investidores qualificados com sufixo 'Investimento no Exterior' (alocação > 40% no exterior). Creditada pela apropriação da valorização em contrapartida a 1.02.03.04.11.03.01.01; debitada pelo encerramento do exercício.";005001004010002001000;5010000000000;7;C;4;111250001;0;;01/10/2026;
DeRE10111000000123456782026090212000000007;;;1;2;1;dere-poc/0.1;01914904;01/10/2026;;5;A;005001004010002002000;005001004010002002;000;COTAS DE CLASSES DE FUNDO DE INVESTIMENTO - INVESTIDORES QUALIFICADOS - EXTERIOR > 40% - NÃO EXCLUSI;S;;005001004010002000;5010000000000;6;C;4;;;;01/10/2026;
DeRE10111000000123456782026090212000000007;;;1;2;1;dere-poc/0.1;01914904;01/10/2026;;5;A;005001004010002002001000;005001004010002002001;000;FUNDO DE INVESTIMENTO - SUFIXO INVESTIMENTO NO EXTERIOR - NO;A;"Registra as rendas e variações positivas decorrentes da valorização das cotas de fundo de investimento não exclusivo para investidores qualificados com sufixo 'Investimento no Exterior' (alocação > 40% no exterior, ex.: Vinci Inter FIC FIM). Creditada pela apropriação da valorização em contrapartida a 1.02.03.04.11.03.02.01; debitada pelo encerramento do exercício.";005001004010002002000;5010000000000;7;C;4;111250001;0;;01/10/2026;
DeRE10111000000123456782026090212000000007;;;1;2;1;dere-poc/0.1;01914904;01/10/2026;;5;A;005001004010003000;005001004010003;000;COTAS DE CLASSES DE INVESTIMENTOS - PÚBLICO GERAL - EXTERIOR > 20%;S;;005001004010000;5010000000000;5;C;4;;;;01/10/2026;
DeRE10111000000123456782026090212000000007;;;1;2;1;dere-poc/0.1;01914904;01/10/2026;;5;A;005001004011000;005001004011;000;EMPRÉSTIMOS DE COTAS DE FUNDOS;S;;005001004000;5010000000000;4;C;4;;;;01/10/2026;
DeRE10111000000123456782026090212000000007;;;1;2;1;dere-poc/0.1;01914904;01/10/2026;;5;A;005001004012000;005001004012;000;COTAS DE CLASSES DE FUNDO DE INVESTIMENTO DO AGRONEGÓCIO - FIAGRO;S;;005001004000;5010000000000;4;C;4;;;;01/10/2026;
DeRE10111000000123456782026090212000000007;;;1;2;1;dere-poc/0.1;01914904;01/10/2026;;5;A;005001004012001000;005001004012001;000;COTAS DE CLASSES DE FIAGRO - DIREITOS CREDITÓRIOS;S;;005001004012000;5010000000000;5;C;4;;;;01/10/2026;
DeRE10111000000123456782026090212000000007;;;1;2;1;dere-poc/0.1;01914904;01/10/2026;;5;A;005001004012002000;005001004012002;000;COTAS DE CLASSES DE FIAGRO - MOBILIÁRIOS;S;;005001004012000;5010000000000;5;C;4;;;;01/10/2026;
DeRE10111000000123456782026090212000000007;;;1;2;1;dere-poc/0.1;01914904;01/10/2026;;5;A;005001004012003000;005001004012003;000;COTAS DE CLASSES DE FIAGRO - PARTICIPAÇÕES;S;;005001004012000;5010000000000;5;C;4;;;;01/10/2026;
DeRE10111000000123456782026090212000000007;;;1;2;1;dere-poc/0.1;01914904;01/10/2026;;5;A;005001004012004000;005001004012004;000;COTAS DE CLASSES FIAGRO - FINANCEIRO;S;;005001004012000;5010000000000;5;C;4;;;;01/10/2026;
DeRE10111000000123456782026090212000000007;;;1;2;1;dere-poc/0.1;01914904;01/10/2026;;5;A;005001004012005000;005001004012005;000;COTAS DE CLASSES FIAGRO - NÃO CONCENTRADO;S;;005001004012000;5010000000000;5;C;4;;;;01/10/2026;
DeRE10111000000123456782026090212000000007;;;1;2;1;dere-poc/0.1;01914904;01/10/2026;;5;A;005001004012006000;005001004012006;000;COTAS DE CLASSES FIAGRO - MULTI-CONCENTRADO;S;;005001004012000;5010000000000;5;C;4;;;;01/10/2026;
DeRE10111000000123456782026090212000000007;;;1;2;1;dere-poc/0.1;01914904;01/10/2026;;5;A;005001004013000;005001004013;000;OUTRAS COTAS DE CLASSES DE FUNDOS DE INVESTIMENTO;S;;005001004000;5010000000000;4;C;4;;;;01/10/2026;
DeRE10111000000123456782026090212000000007;;;1;2;1;dere-poc/0.1;01914904;01/10/2026;;5;A;005001005000;005001005;000;DERIVATIVOS;S;;005001000;5010000000000;3;C;4;;;;01/10/2026;
DeRE10111000000123456782026090212000000007;;;1;2;1;dere-poc/0.1;01914904;01/10/2026;;5;A;005001005001000;005001005001;000;SWAP;S;;005001005000;5010000000000;4;C;4;;;;01/10/2026;
DeRE10111000000123456782026090212000000007;;;1;2;1;dere-poc/0.1;01914904;01/10/2026;;5;A;005001005002000;005001005002;000;A TERMO;S;;005001005000;5010000000000;4;C;4;;;;01/10/2026;
DeRE10111000000123456782026090212000000007;;;1;2;1;dere-poc/0.1;01914904;01/10/2026;;5;A;005001005003000;005001005003;000;MERCADOS FUTUROS;S;;005001005000;5010000000000;4;C;4;;;;01/10/2026;
DeRE10111000000123456782026090212000000007;;;1;2;1;dere-poc/0.1;01914904;01/10/2026;;5;A;005001005004000;005001005004;000;OPÇÕES - AÇÕES;S;;005001005000;5010000000000;4;C;4;;;;01/10/2026;
DeRE10111000000123456782026090212000000007;;;1;2;1;dere-poc/0.1;01914904;01/10/2026;;5;A;005001005004001000;005001005004001;000;OPÇÕES DE AÇÃO DE COMPRA - TITULAR;S;;005001005004000;5010000000000;5;C;4;;;;01/10/2026;
DeRE10111000000123456782026090212000000007;;;1;2;1;dere-poc/0.1;01914904;01/10/2026;;5;A;005001005004002000;005001005004002;000;OPÇÕES DE AÇÃO DE VENDA - TITULAR;S;;005001005004000;5010000000000;5;C;4;;;;01/10/2026;
DeRE10111000000123456782026090212000000007;;;1;2;1;dere-poc/0.1;01914904;01/10/2026;;5;A;005001005005000;005001005005;000;OPÇÕES - ATIVOS FINANCEIROS E MERCADORIAS;S;;005001005000;5010000000000;4;C;4;;;;01/10/2026;
DeRE10111000000123456782026090212000000007;;;1;2;1;dere-poc/0.1;01914904;01/10/2026;;5;A;005001005006000;005001005006;000;OPERAÇÕES ESTRUTURADAS;S;;005001005000;5010000000000;4;C;4;;;;01/10/2026;
DeRE10111000000123456782026090212000000007;;;1;2;1;dere-poc/0.1;01914904;01/10/2026;;5;A;005001005007000;005001005007;000;OUTROS DERIVATIVOS;S;;005001005000;5010000000000;4;C;4;;;;01/10/2026;
DeRE10111000000123456782026090212000000007;;;1;2;1;dere-poc/0.1;01914904;01/10/2026;;5;A;005001006000;005001006;000;INVESTIMENTOS NO EXTERIOR;S;;005001000;5010000000000;3;C;4;;;;01/10/2026;
DeRE10111000000123456782026090212000000007;;;1;2;1;dere-poc/0.1;01914904;01/10/2026;;5;A;005001006001000;005001006001;000;TÍTULOS DA DÍVIDA PÚBLICA MOBILIÁRIA FEDERAL EXTERNA;S;;005001006000;5010000000000;4;C;4;;;;01/10/2026;
DeRE10111000000123456782026090212000000007;;;1;2;1;dere-poc/0.1;01914904;01/10/2026;;5;A;005001006002000;005001006002;000;OUTROS INVESTIMENTOS NO EXTERIOR;S;;005001006000;5010000000000;4;C;4;;;;01/10/2026;
DeRE10111000000123456782026090212000000007;;;1;2;1;dere-poc/0.1;01914904;01/10/2026;;5;A;005001007000;005001007;000;INVESTIMENTOS EM IMÓVEIS;S;;005001000;5010000000000;3;C;4;;;;01/10/2026;
DeRE10111000000123456782026090212000000007;;;1;2;1;dere-poc/0.1;01914904;01/10/2026;;5;A;005001007001000;005001007001;000;TERRENOS;S;;005001007000;5010000000000;4;C;4;;;;01/10/2026;
DeRE10111000000123456782026090212000000007;;;1;2;1;dere-poc/0.1;01914904;01/10/2026;;5;A;005001007002000;005001007002;000;IMÓVEIS EM CONSTRUÇÃO;S;;005001007000;5010000000000;4;C;4;;;;01/10/2026;
DeRE10111000000123456782026090212000000007;;;1;2;1;dere-poc/0.1;01914904;01/10/2026;;5;A;005001007003000;005001007003;000;DESENVOLVIMENTO;S;;005001007000;5010000000000;4;C;4;;;;01/10/2026;
DeRE10111000000123456782026090212000000007;;;1;2;1;dere-poc/0.1;01914904;01/10/2026;;5;A;005001007004000;005001007004;000;ALUGUÉIS E RENDA;S;;005001007000;5010000000000;4;C;4;;;;01/10/2026;
DeRE10111000000123456782026090212000000007;;;1;2;1;dere-poc/0.1;01914904;01/10/2026;;5;A;005001007004001000;005001007004001;000;USO PRÓPRIO;S;;005001007004000;5010000000000;5;C;4;;;;01/10/2026;
DeRE10111000000123456782026090212000000007;;;1;2;1;dere-poc/0.1;01914904;01/10/2026;;5;A;005001007004002000;005001007004002;000;LOCADOS A PATROCINADOR(ES);S;;005001007004000;5010000000000;5;C;4;;;;01/10/2026;
DeRE10111000000123456782026090212000000007;;;1;2;1;dere-poc/0.1;01914904;01/10/2026;;5;A;005001007004003000;005001007004003;000;LOCADOS A TERCEIROS;S;;005001007004000;5010000000000;5;C;4;;;;01/10/2026;
DeRE10111000000123456782026090212000000007;;;1;2;1;dere-poc/0.1;01914904;01/10/2026;;5;A;005001007004004000;005001007004004;000;RENDAS DE PARTICIPAÇÕES;S;;005001007004000;5010000000000;5;C;4;;;;01/10/2026;
DeRE10111000000123456782026090212000000007;;;1;2;1;dere-poc/0.1;01914904;01/10/2026;;5;A;005001007005000;005001007005;000;ALIENAÇÕES DE IMÓVEIS E TERRENOS;S;;005001007000;5010000000000;4;C;4;;;;01/10/2026;
DeRE10111000000123456782026090212000000007;;;1;2;1;dere-poc/0.1;01914904;01/10/2026;;5;A;005001007006000;005001007006;000;OUTROS INVESTIMENTOS EM IMÓVEIS;S;;005001007000;5010000000000;4;C;4;;;;01/10/2026;
DeRE10111000000123456782026090212000000007;;;1;2;1;dere-poc/0.1;01914904;01/10/2026;;5;A;005001008000;005001008;000;OPERAÇÕES COM PARTICIPANTES;S;;005001000;5010000000000;3;C;4;;;;01/10/2026;
DeRE10111000000123456782026090212000000007;;;1;2;1;dere-poc/0.1;01914904;01/10/2026;;5;A;005001008001000;005001008001;000;EMPRÉSTIMO A PARTICIPANTES;S;;005001008000;5010000000000;4;C;4;;;;01/10/2026;
DeRE10111000000123456782026090212000000007;;;1;2;1;dere-poc/0.1;01914904;01/10/2026;;5;A;005001008001001000;005001008001001;000;ATUALIZAÇÃO/JUROS;A;"Registra as rendas positivas dos empréstimos a participantes decorrentes da apropriação de juros e atualização monetária das prestações, conforme taxa contratual. Creditada pela apropriação mensal dos encargos em contrapartida à carteira 1.02.03.08.01.01.01; debitada pelo encerramento do exercício.";005001008001000;5010000000000;5;C;4;111250001;0;;01/10/2026;
DeRE10111000000123456782026090212000000007;;;1;2;1;dere-poc/0.1;01914904;01/10/2026;;5;A;005001008001002000;005001008001002;000;SEGURO INVALIDEZ;A;"Registra as receitas de seguro (prêmio de quitação por invalidez) cobradas nas prestações dos empréstimos a participantes, destinadas à cobertura do saldo devedor em caso de invalidez do mutuário, quando o risco é assumido pelo próprio fundo de garantia. Creditada pela apropriação nas prestações; debitada pelo encerramento do exercício.";005001008001000;5010000000000;5;C;4;111250001;0;;01/10/2026;
DeRE10111000000123456782026090212000000007;;;1;2;1;dere-poc/0.1;01914904;01/10/2026;;5;A;005001008001003000;005001008001003;000;SEGURO - VIDA;A;"Registra as receitas de seguro (prêmio de quitação por morte) cobradas nas prestações dos empréstimos a participantes, destinadas à cobertura do saldo devedor em caso de falecimento do mutuário, quando o risco é assumido pelo próprio fundo de garantia. Creditada pela apropriação nas prestações; debitada pelo encerramento do exercício.";005001008001000;5010000000000;5;C;4;111250001;0;;01/10/2026;
DeRE10111000000123456782026090212000000007;;;1;2;1;dere-poc/0.1;01914904;01/10/2026;;5;A;005001008001004000;005001008001004;000;TAXA DE ADMINISTRAÇÃO;A;"Registra a receita de taxa de administração cobrada nas prestações dos empréstimos a participantes, apropriada no Fluxo dos Investimentos antes do repasse ao PGA. Creditada pela apropriação da taxa nas prestações; debitada pelo repasse ao PGA (2.01.03.10.02.01.00) ou pelo encerramento do exercício.";005001008001000;5010000000000;5;C;4;111250001;0;;01/10/2026;
DeRE10111000000123456782026090212000000007;;;1;2;1;dere-poc/0.1;01914904;01/10/2026;;5;A;005001008001005000;005001008001005;000;REVERSÃO DE PROVISÕES;A;"Registra a reversão da provisão para perdas (perdas estimadas) da carteira de empréstimos a participantes, quando ocorre a regularização de parcelas inadimplentes ou a recuperação de créditos anteriormente provisionados. Creditada pela reversão em contrapartida a 1.02.03.08.01.99.01; debitada pelo encerramento do exercício.";005001008001000;5010000000000;5;C;4;111250001;0;;01/10/2026;
DeRE10111000000123456782026090212000000007;;;1;2;1;dere-poc/0.1;01914904;01/10/2026;;5;A;005001008002000;005001008002;000;FINANCIAMENTO IMOBILIÁRIO;S;;005001008000;5010000000000;4;C;4;;;;01/10/2026;
DeRE10111000000123456782026090212000000007;;;1;2;1;dere-poc/0.1;01914904;01/10/2026;;5;A;005001009000;005001009;000;ATUALIZAÇÃO DE DEPÓSITOS JUDICIAIS/ RECURSAIS;S;;005001000;5010000000000;3;C;4;;;;01/10/2026;
DeRE10111000000123456782026090212000000007;;;1;2;1;dere-poc/0.1;01914904;01/10/2026;;5;A;005001010000;005001010;000;PRECATÓRIOS;S;;005001000;5010000000000;3;C;4;;;;01/10/2026;
DeRE10111000000123456782026090212000000007;;;1;2;1;dere-poc/0.1;01914904;01/10/2026;;5;A;005001011000;005001011;000;RELACIONADAS COM O DISPONÍVEL;S;;005001000;5010000000000;3;C;4;;;;01/10/2026;
DeRE10111000000123456782026090212000000007;;;1;2;1;dere-poc/0.1;01914904;01/10/2026;;5;A;005001012000;005001012;000;OUTRAS RENDAS/VARIAÇÕES POSITIVAS;S;;005001000;5020000000000;3;C;4;;;;01/10/2026;
DeRE10111000000123456782026090212000000007;;;1;2;1;dere-poc/0.1;01914904;01/10/2026;;5;A;005002000;005002;000;DEDUÇÕES/VARIAÇÕES NEGATIVAS;S;;005000;5020000000000;2;D;5;;;;01/10/2026;
DeRE10111000000123456782026090212000000007;;;1;2;1;dere-poc/0.1;01914904;01/10/2026;;5;A;005002001000;005002001;000;TÍTULOS PÚBLICOS;S;;005002000;5020000000000;3;D;5;;;;01/10/2026;
DeRE10111000000123456782026090212000000007;;;1;2;1;dere-poc/0.1;01914904;01/10/2026;;5;A;005002001001000;005002001001;000;TÍTULOS PÚBLICOS FEDERAIS;S;;005002001000;5020000000000;4;D;5;;;;01/10/2026;
DeRE10111000000123456782026090212000000007;;;1;2;1;dere-poc/0.1;01914904;01/10/2026;;5;A;005002001001001000;005002001001001;000;TESOURO IPCA / NOTA DO TESOURO NACIONAL - NTN;S;;005002001001000;5020000000000;5;D;5;;;;01/10/2026;
DeRE10111000000123456782026090212000000007;;;1;2;1;dere-poc/0.1;01914904;01/10/2026;;5;A;005002001001001001000;005002001001001001;000;TESOURO IPCA / NTN-B;S;;005002001001001000;5020000000000;6;D;5;;;;01/10/2026;
DeRE10111000000123456782026090212000000007;;;1;2;1;dere-poc/0.1;01914904;01/10/2026;;5;A;005002001001001002000;005002001001001002;000;TESOURO IPCA / NTN-C;S;;005002001001001000;5020000000000;6;D;5;;;;01/10/2026;
DeRE10111000000123456782026090212000000007;;;1;2;1;dere-poc/0.1;01914904;01/10/2026;;5;A;005002001001001003000;005002001001001003;000;TESOURO IPCA / NTN-F;S;;005002001001001000;5020000000000;6;D;5;;;;01/10/2026;
DeRE10111000000123456782026090212000000007;;;1;2;1;dere-poc/0.1;01914904;01/10/2026;;5;A;005002001001002000;005002001001002;000;TESOURO SELIC / LETRA FINANCEIRA DO TESOURO - LFT;S;;005002001001000;5020000000000;5;D;5;;;;01/10/2026;
DeRE10111000000123456782026090212000000007;;;1;2;1;dere-poc/0.1;01914904;01/10/2026;;5;A;005002001001003000;005002001001003;000;TESOURO PREFIXADO / LETRA DO TESOURO NACIONAL - LTN;S;;005002001001000;5020000000000;5;D;5;;;;01/10/2026;
DeRE10111000000123456782026090212000000007;;;1;2;1;dere-poc/0.1;01914904;01/10/2026;;5;A;005002001001004000;005002001001004;000;TÍTULO DA DÍVIDA AGRÁRIA - TDA;S;;005002001001000;5020000000000;5;D;5;;;;01/10/2026;
DeRE10111000000123456782026090212000000007;;;1;2;1;dere-poc/0.1;01914904;01/10/2026;;5;A;005002001001005000;005002001001005;000;OUTROS TÍTULOS PÚBLICOS FEDERAIS;S;;005002001001000;5020000000000;5;D;5;;;;01/10/2026;
DeRE10111000000123456782026090212000000007;;;1;2;1;dere-poc/0.1;01914904;01/10/2026;;5;A;005002001002000;005002001002;000;TÍTULOS PÚBLICOS ESTADUAIS;S;;005002001000;5020000000000;4;D;5;;;;01/10/2026;
DeRE10111000000123456782026090212000000007;;;1;2;1;dere-poc/0.1;01914904;01/10/2026;;5;A;005002001003000;005002001003;000;TÍTULOS PÚBLICOS MUNICIPAIS;S;;005002001000;5020000000000;4;D;5;;;;01/10/2026;
DeRE10111000000123456782026090212000000007;;;1;2;1;dere-poc/0.1;01914904;01/10/2026;;5;A;005002001004000;005002001004;000;EMPRÉSTIMOS DE TÍTULOS PÚBLICOS;S;;005002001000;5020000000000;4;D;5;;;;01/10/2026;
DeRE10111000000123456782026090212000000007;;;1;2;1;dere-poc/0.1;01914904;01/10/2026;;5;A;005002001005000;005002001005;000;OPERACÕES COMPROMISSADAS;S;;005002001000;5020000000000;4;D;5;;;;01/10/2026;
DeRE10111000000123456782026090212000000007;;;1;2;1;dere-poc/0.1;01914904;01/10/2026;;5;A;005002001006000;005002001006;000;DESPESAS DIRETAS;S;;005002001000;5020000000000;4;D;5;;;;01/10/2026;
DeRE10111000000123456782026090212000000007;;;1;2;1;dere-poc/0.1;01914904;01/10/2026;;5;A;005002002000;005002002;000;ATIVOS FINANCEIROS DE CRÉDITO PRIVADO;S;;005002000;5020000000000;3;D;5;;;;01/10/2026;
DeRE10111000000123456782026090212000000007;;;1;2;1;dere-poc/0.1;01914904;01/10/2026;;5;A;005002002001000;005002002001;000;TÍTULOS EMITIDOS POR INSTITUIÇÃO FINANCEIRA;S;;005002002000;5020000000000;4;D;5;;;;01/10/2026;
DeRE10111000000123456782026090212000000007;;;1;2;1;dere-poc/0.1;01914904;01/10/2026;;5;A;005002002001001000;005002002001001;000;LETRA FINANCEIRA - LF;S;;005002002001000;5020000000000;5;D;5;;;;01/10/2026;
DeRE10111000000123456782026090212000000007;;;1;2;1;dere-poc/0.1;01914904;01/10/2026;;5;A;005002002001002000;005002002001002;000;CERTIFICADO DE DEPOSITO BANCÁRIO - CDB;S;;005002002001000;5020000000000;5;D;5;;;;01/10/2026;
DeRE10111000000123456782026090212000000007;;;1;2;1;dere-poc/0.1;01914904;01/10/2026;;5;A;005002002001003000;005002002001003;000;DEPÓSITO A PRAZO COM GARANTIA ESPECIAL - DPGE;S;;005002002001000;5020000000000;5;D;5;;;;01/10/2026;
DeRE10111000000123456782026090212000000007;;;1;2;1;dere-poc/0.1;01914904;01/10/2026;;5;A;005002002001004000;005002002001004;000;LETRA IMOBILIÁRIA GARANTIDA - LIG;S;;005002002001000;5020000000000;5;D;5;;;;01/10/2026;
DeRE10111000000123456782026090212000000007;;;1;2;1;dere-poc/0.1;01914904;01/10/2026;;5;A;005002002001005000;005002002001005;000;LETRA DE CRÉDITO IMOBILIÁRIO - LCI;S;;005002002001000;5020000000000;5;D;5;;;;01/10/2026;
DeRE10111000000123456782026090212000000007;;;1;2;1;dere-poc/0.1;01914904;01/10/2026;;5;A;005002002001006000;005002002001006;000;OUTROS TÍTULOS;S;;005002002001000;5020000000000;5;D;5;;;;01/10/2026;
DeRE10111000000123456782026090212000000007;;;1;2;1;dere-poc/0.1;01914904;01/10/2026;;5;A;005002002002000;005002002002;000;CRÉDITO BANCÁRIO - CCB;S;;005002002000;5020000000000;4;D;5;;;;01/10/2026;
DeRE10111000000123456782026090212000000007;;;1;2;1;dere-poc/0.1;01914904;01/10/2026;;5;A;005002002002001000;005002002002001;000;CÉDULA DE CRÉDITO BANCÁRIO - CCB;S;;005002002002000;5020000000000;5;D;5;;;;01/10/2026;
DeRE10111000000123456782026090212000000007;;;1;2;1;dere-poc/0.1;01914904;01/10/2026;;5;A;005002002002002000;005002002002002;000;CERTIFICADO DE CÉDULA DE CRÉDITO BANCÁRIO - CCCB;S;;005002002002000;5020000000000;5;D;5;;;;01/10/2026;
DeRE10111000000123456782026090212000000007;;;1;2;1;dere-poc/0.1;01914904;01/10/2026;;5;A;005002002003000;005002002003;000;CERTIFICADOS DE RECEBÍVEIS IMOBILIÁRIOS - CRI;S;;005002002000;5020000000000;4;D;5;;;;01/10/2026;
DeRE10111000000123456782026090212000000007;;;1;2;1;dere-poc/0.1;01914904;01/10/2026;;5;A;005002002004000;005002002004;000;CÉDULAS DE CRÉDITO IMOBILIÁRIO - CCI;S;;005002002000;5020000000000;4;D;5;;;;01/10/2026;
DeRE10111000000123456782026090212000000007;;;1;2;1;dere-poc/0.1;01914904;01/10/2026;;5;A;005002002005000;005002002005;000;TÍTULOS DO AGRONEGÓCIO;S;;005002002000;5020000000000;4;D;5;;;;01/10/2026;
DeRE10111000000123456782026090212000000007;;;1;2;1;dere-poc/0.1;01914904;01/10/2026;;5;A;005002002005001000;005002002005001;000;CEDULA DE PRODUTO RURAL - CPR;S;;005002002005000;5020000000000;5;D;5;;;;01/10/2026;
DeRE10111000000123456782026090212000000007;;;1;2;1;dere-poc/0.1;01914904;01/10/2026;;5;A;005002002005002000;005002002005002;000;CERTIFICADOS DE DIREITOS CREDITÓRIOS DO AGRONEGÓCIO - CDCA;S;;005002002005000;5020000000000;5;D;5;;;;01/10/2026;
DeRE10111000000123456782026090212000000007;;;1;2;1;dere-poc/0.1;01914904;01/10/2026;;5;A;005002002005003000;005002002005003;000;CERTIFICADOS DE RECEBÍVEIS DO AGRONEGÓCIO - CRA;S;;005002002005000;5020000000000;5;D;5;;;;01/10/2026;
DeRE10111000000123456782026090212000000007;;;1;2;1;dere-poc/0.1;01914904;01/10/2026;;5;A;005002002005004000;005002002005004;000;WARRANT AGROPECUÁRIO - WA;S;;005002002005000;5020000000000;5;D;5;;;;01/10/2026;
DeRE10111000000123456782026090212000000007;;;1;2;1;dere-poc/0.1;01914904;01/10/2026;;5;A;005002002005005000;005002002005005;000;OUTROS TÍTULOS DO AGRONEGÓCIO;S;;005002002005000;5020000000000;5;D;5;;;;01/10/2026;
DeRE10111000000123456782026090212000000007;;;1;2;1;dere-poc/0.1;01914904;01/10/2026;;5;A;005002002006000;005002002006;000;DEBÊNTURES;S;;005002002000;5020000000000;4;D;5;;;;01/10/2026;
DeRE10111000000123456782026090212000000007;;;1;2;1;dere-poc/0.1;01914904;01/10/2026;;5;A;005002002006001000;005002002006001;000;DEBÊNTURES DE EMPRESAS S.A. ABERTA;S;;005002002006000;5020000000000;5;D;5;;;;01/10/2026;
DeRE10111000000123456782026090212000000007;;;1;2;1;dere-poc/0.1;01914904;01/10/2026;;5;A;005002002006002000;005002002006002;000;DEBÊNTURES DE EMPRESAS S.A. FECHADA (COM COOBRIGAÇÃO);S;;005002002006000;5020000000000;5;D;5;;;;01/10/2026;
DeRE10111000000123456782026090212000000007;;;1;2;1;dere-poc/0.1;01914904;01/10/2026;;5;A;005002002006003000;005002002006003;000;DEBÊNTURES DE INFRAESTRUTURA LEI N.º 12.431/2011;S;;005002002006000;5020000000000;5;D;5;;;;01/10/2026;
DeRE10111000000123456782026090212000000007;;;1;2;1;dere-poc/0.1;01914904;01/10/2026;;5;A;005002002006004000;005002002006004;000;DEBÊNTURES DE INFRAESTRUTURA;S;;005002002006000;5020000000000;5;D;5;;;;01/10/2026;
DeRE10111000000123456782026090212000000007;;;1;2;1;dere-poc/0.1;01914904;01/10/2026;;5;A;005002002006005000;005002002006005;000;DEBÊNTURES DE INFRAESTRUTURA - LEI Nº 14.801, DE 2024;S;;005002002006000;5020000000000;5;D;5;;;;01/10/2026;
DeRE10111000000123456782026090212000000007;;;1;2;1;dere-poc/0.1;01914904;01/10/2026;;5;A;005002002006006000;005002002006006;000;OUTRAS DEBÊNTURES;S;;005002002006000;5020000000000;5;D;5;;;;01/10/2026;
DeRE10111000000123456782026090212000000007;;;1;2;1;dere-poc/0.1;01914904;01/10/2026;;5;A;005002002007000;005002002007;000;EMPRÉSTIMO DE ATIVOS FINANCEIROS DE CRÉDITO PRIVADO;S;;005002002000;5020000000000;4;D;5;;;;01/10/2026;
DeRE10111000000123456782026090212000000007;;;1;2;1;dere-poc/0.1;01914904;01/10/2026;;5;A;005002002008000;005002002008;000;CERTIFICADO DE OPERAÇÕES ESTRUTURADAS - COE;S;;005002002000;5020000000000;4;D;5;;;;01/10/2026;
DeRE10111000000123456782026090212000000007;;;1;2;1;dere-poc/0.1;01914904;01/10/2026;;5;A;005002002008001000;005002002008001;000;CERTIFICADO DE OPERAÇÃO ESTRUTURADA - CAPITAL PROTEGIDO;S;;005002002008000;5020000000000;5;D;5;;;;01/10/2026;
DeRE10111000000123456782026090212000000007;;;1;2;1;dere-poc/0.1;01914904;01/10/2026;;5;A;005002002008002000;005002002008002;000;CERTIFICADO DE OPERAÇÃO ESTRUTURADA - CAPITAL NÃO PROTEGIDO;S;;005002002008000;5020000000000;5;D;5;;;;01/10/2026;
DeRE10111000000123456782026090212000000007;;;1;2;1;dere-poc/0.1;01914904;01/10/2026;;5;A;005002002008003000;005002002008003;000;OUTROS CERTIFICADOS DE OPERAÇÕES ESTRUTURADAS;S;;005002002008000;5020000000000;5;D;5;;;;01/10/2026;
DeRE10111000000123456782026090212000000007;;;1;2;1;dere-poc/0.1;01914904;01/10/2026;;5;A;005002002009000;005002002009;000;ORGANISMOS MULTILATERAIS;S;;005002002000;5020000000000;4;D;5;;;;01/10/2026;
DeRE10111000000123456782026090212000000007;;;1;2;1;dere-poc/0.1;01914904;01/10/2026;;5;A;005002002010000;005002002010;000;ATIVOS FINANCEIROS DE CRÉDITO PRIVADO DE PATROCINADOR;S;;005002002000;5020000000000;4;D;5;;;;01/10/2026;
DeRE10111000000123456782026090212000000007;;;1;2;1;dere-poc/0.1;01914904;01/10/2026;;5;A;005002002011000;005002002011;000;OUTROS ATIVOS FINANCEIROS DE CRÉDITO PRIVADO;S;;005002002000;5020000000000;4;D;5;;;;01/10/2026;
DeRE10111000000123456782026090212000000007;;;1;2;1;dere-poc/0.1;01914904;01/10/2026;;5;A;005002002012000;005002002012;000;DESPESAS DIRETAS;S;;005002002000;5020000000000;4;D;5;;;;01/10/2026;
DeRE10111000000123456782026090212000000007;;;1;2;1;dere-poc/0.1;01914904;01/10/2026;;5;A;005002003000;005002003;000;RENDA VARIÁVEL;S;;005002000;5020000000000;3;D;5;;;;01/10/2026;
DeRE10111000000123456782026090212000000007;;;1;2;1;dere-poc/0.1;01914904;01/10/2026;;5;A;005002003001000;005002003001;000;AÇÕES;S;;005002003000;5020000000000;4;D;5;;;;01/10/2026;
DeRE10111000000123456782026090212000000007;;;1;2;1;dere-poc/0.1;01914904;01/10/2026;;5;A;005002003002000;005002003002;000;BÔNUS DE SUBSCRIÇÃO EM AÇÕES;S;;005002003000;5020000000000;4;D;5;;;;01/10/2026;
DeRE10111000000123456782026090212000000007;;;1;2;1;dere-poc/0.1;01914904;01/10/2026;;5;A;005002003003000;005002003003;000;RECIBOS DE SUBSCRIÇÃO EM AÇÕES;S;;005002003000;5020000000000;4;D;5;;;;01/10/2026;
DeRE10111000000123456782026090212000000007;;;1;2;1;dere-poc/0.1;01914904;01/10/2026;;5;A;005002003004000;005002003004;000;CERTIFICADOS DE DEPÓSITO DE AÇÕES;S;;005002003000;5020000000000;4;D;5;;;;01/10/2026;
DeRE10111000000123456782026090212000000007;;;1;2;1;dere-poc/0.1;01914904;01/10/2026;;5;A;005002003005000;005002003005;000;EMPRÉSTIMO DE AÇÕES;S;;005002003000;5020000000000;4;D;5;;;;01/10/2026;
DeRE10111000000123456782026090212000000007;;;1;2;1;dere-poc/0.1;01914904;01/10/2026;;5;A;005002003006000;005002003006;000;BRAZILIAN DEPOSITARY RECEIPTS - BDR;S;;005002003000;5020000000000;4;D;5;;;;01/10/2026;
DeRE10111000000123456782026090212000000007;;;1;2;1;dere-poc/0.1;01914904;01/10/2026;;5;A;005002003006001000;005002003006001;000;BRAZILIAN DEPOSITARY RECEIPTS - BDR LASTREADO EM FUNDO DE ÍNDICE (BDR DE ETF);S;;005002003006000;5020000000000;5;D;5;;;;01/10/2026;
DeRE10111000000123456782026090212000000007;;;1;2;1;dere-poc/0.1;01914904;01/10/2026;;5;A;005002003006002000;005002003006002;000;BRAZILIAN DEPOSITARY RECEIPTS - BDR;S;;005002003006000;5020000000000;5;D;5;;;;01/10/2026;
DeRE10111000000123456782026090212000000007;;;1;2;1;dere-poc/0.1;01914904;01/10/2026;;5;A;005002003007000;005002003007;000;CERTIFICADO REPRESENTATIVO DE OURO FÍSICO;S;;005002003000;5020000000000;4;D;5;;;;01/10/2026;
DeRE10111000000123456782026090212000000007;;;1;2;1;dere-poc/0.1;01914904;01/10/2026;;5;A;005002003008000;005002003008;000;RENDA VARIÁVEL DE PATROCINADOR;S;;005002003000;5020000000000;4;D;5;;;;01/10/2026;
DeRE10111000000123456782026090212000000007;;;1;2;1;dere-poc/0.1;01914904;01/10/2026;;5;A;005002003009000;005002003009;000;CRÉDITOS DE DESCARBONIZAÇÃO - CBIO;S;;005002003000;5020000000000;4;D;5;;;;01/10/2026;
DeRE10111000000123456782026090212000000007;;;1;2;1;dere-poc/0.1;01914904;01/10/2026;;5;A;005002003010000;005002003010;000;CRÉDITOS DE CARBONO;S;;005002003000;5020000000000;4;D;5;;;;01/10/2026;
DeRE10111000000123456782026090212000000007;;;1;2;1;dere-poc/0.1;01914904;01/10/2026;;5;A;005002003011000;005002003011;000;OUTROS RENDA VARIÁVEL;S;;005002003000;5020000000000;4;D;5;;;;01/10/2026;
DeRE10111000000123456782026090212000000007;;;1;2;1;dere-poc/0.1;01914904;01/10/2026;;5;A;005002003012000;005002003012;000;DESPESAS DIRETAS;S;;005002003000;5020000000000;4;D;5;;;;01/10/2026;
DeRE10111000000123456782026090212000000007;;;1;2;1;dere-poc/0.1;01914904;01/10/2026;;5;A;005002004000;005002004;000;COTAS DE CLASSES DE FUNDOS DE INVESTIMENTO;S;;005002000;5020000000000;3;D;5;;;;01/10/2026;
DeRE10111000000123456782026090212000000007;;;1;2;1;dere-poc/0.1;01914904;01/10/2026;;5;A;005002004001000;005002004001;000;COTAS DE CLASSES DE FUNDO DE RENDA FIXA;S;;005002004000;5020000000000;4;D;5;;;;01/10/2026;
DeRE10111000000123456782026090212000000007;;;1;2;1;dere-poc/0.1;01914904;01/10/2026;;5;A;005002004001001000;005002004001001;000;VARIAÇÃO NEGATIVA ANUAL;A;"Registra as deduções e variações negativas anuais decorrentes da desvalorização das cotas dos fundos de investimento classificados como renda fixa (inclusive multimercado nesse segmento) detidos pelo plano e pelo PGA. Debitada pela apropriação da desvalorização das cotas em contrapartida a 1.02.03.04.01.xx; creditada pelo encerramento do exercício.";005002004001000;5020000000000;5;D;5;111270002;;;01/10/2026;
DeRE10111000000123456782026090212000000007;;;1;2;1;dere-poc/0.1;01914904;01/10/2026;;5;A;005002004002000;005002004002;000;COTAS DE CLASSES DE FUNDO DE ÍNDICE REFERÊNCIA (ETF);S;;005002004000;5020000000000;4;D;5;;;;01/10/2026;
DeRE10111000000123456782026090212000000007;;;1;2;1;dere-poc/0.1;01914904;01/10/2026;;5;A;005002004002001000;005002004002001;000;COTAS DE CLASSES DE FUNDO DE ÍNDICE REFERÊNCIA RENDA FIXA (ETF) TÍTULO PÚBLICO;S;;005002004002000;5020000000000;5;D;5;;;;01/10/2026;
DeRE10111000000123456782026090212000000007;;;1;2;1;dere-poc/0.1;01914904;01/10/2026;;5;A;005002004002002000;005002004002002;000;COTAS DE CLASSES DE FUNDO DE ÍNDICE REFERÊNCIA RENDA FIXA (ETF) CRÉDITO PRIVADO;S;;005002004002000;5020000000000;5;D;5;;;;01/10/2026;
DeRE10111000000123456782026090212000000007;;;1;2;1;dere-poc/0.1;01914904;01/10/2026;;5;A;005002004002003000;005002004002003;000;COTAS DE CLASSES DE FUNDO DE ÍNDICE REFERENCIADO EM AÇÕES (ETF) - SEGMENTO ESPECIAL;S;;005002004002000;5020000000000;5;D;5;;;;01/10/2026;
DeRE10111000000123456782026090212000000007;;;1;2;1;dere-poc/0.1;01914904;01/10/2026;;5;A;005002004002004000;005002004002004;000;COTAS DE CLASSES DE FUNDO DE ÍNDICE REFERENCIADO EM AÇÕES (ETF);S;;005002004002000;5020000000000;5;D;5;;;;01/10/2026;
DeRE10111000000123456782026090212000000007;;;1;2;1;dere-poc/0.1;01914904;01/10/2026;;5;A;005002004002005000;005002004002005;000;COTAS DE CLASSES DE FUNDOS DE INVESTIMENTO EM ÍNDICE NO EXTERIOR NEGOCIADO NO BRASIL (ETF - INTERNAC;S;;005002004002000;5020000000000;5;D;5;;;;01/10/2026;
DeRE10111000000123456782026090212000000007;;;1;2;1;dere-poc/0.1;01914904;01/10/2026;;5;A;005002004003000;005002004003;000;FUNDO DE INVESTIMENTO EM DIREITO CREDITÓRIO - FIDC;S;;005002004000;5020000000000;4;D;5;;;;01/10/2026;
DeRE10111000000123456782026090212000000007;;;1;2;1;dere-poc/0.1;01914904;01/10/2026;;5;A;005002004003001000;005002004003001;000;COTAS DE CLASSES DE FIDC - PADRONIZADO;S;;005002004003000;5020000000000;5;D;5;;;;01/10/2026;
DeRE10111000000123456782026090212000000007;;;1;2;1;dere-poc/0.1;01914904;01/10/2026;;5;A;005002004003001001000;005002004003001001;000;COTAS DE CLASSES DE FIDC - PADRONIZADO - SUBCLASSE COTA SENIOR;S;;005002004003001000;5020000000000;6;D;5;;;;01/10/2026;
DeRE10111000000123456782026090212000000007;;;1;2;1;dere-poc/0.1;01914904;01/10/2026;;5;A;005002004003001002000;005002004003001002;000;COTAS DE CLASSES DE FIDC - PADRONIZADO - SUBCLASSE SUBORDINADA;S;;005002004003001000;5020000000000;6;D;5;;;;01/10/2026;
DeRE10111000000123456782026090212000000007;;;1;2;1;dere-poc/0.1;01914904;01/10/2026;;5;A;005002004003001003000;005002004003001003;000;COTAS DE CLASSES DE FIDC - PADRONIZADO - SUBCLASSE SUBORDINADA MEZANINO;S;;005002004003001000;5020000000000;6;D;5;;;;01/10/2026;
DeRE10111000000123456782026090212000000007;;;1;2;1;dere-poc/0.1;01914904;01/10/2026;;5;A;005002004003002000;005002004003002;000;COTAS DE CLASSES DE FIDC - NÃO PADRONIZADO;S;;005002004003000;5020000000000;5;D;5;;;;01/10/2026;
DeRE10111000000123456782026090212000000007;;;1;2;1;dere-poc/0.1;01914904;01/10/2026;;5;A;005002004003002001000;005002004003002001;000;COTAS DE CLASSES DE FIDC NÃO PADRONIZADO - SUBCLASSE COTA SENIOR;S;;005002004003002000;5020000000000;6;D;5;;;;01/10/2026;
DeRE10111000000123456782026090212000000007;;;1;2;1;dere-poc/0.1;01914904;01/10/2026;;5;A;005002004003002002000;005002004003002002;000;COTAS DE CLASSES DE FIDC NÃO PADRONIZADO - SUBCLASSE SUBORDINADA;S;;005002004003002000;5020000000000;6;D;5;;;;01/10/2026;
DeRE10111000000123456782026090212000000007;;;1;2;1;dere-poc/0.1;01914904;01/10/2026;;5;A;005002004003002003000;005002004003002003;000;COTAS DE CLASSES DE FIDC NÃO PADRONIZADO - SUBCLASSE SUBORDINADA MEZANINO;S;;005002004003002000;5020000000000;6;D;5;;;;01/10/2026;
DeRE10111000000123456782026090212000000007;;;1;2;1;dere-poc/0.1;01914904;01/10/2026;;5;A;005002004003003000;005002004003003;000;OUTRAS COTAS DE CLASSES DE FIDC;S;;005002004003000;5020000000000;5;D;5;;;;01/10/2026;
DeRE10111000000123456782026090212000000007;;;1;2;1;dere-poc/0.1;01914904;01/10/2026;;5;A;005002004004000;005002004004;000;COTAS DE CLASSES DE FUNDO DE AÇÕES;S;;005002004000;5020000000000;4;D;5;;;;01/10/2026;
DeRE10111000000123456782026090212000000007;;;1;2;1;dere-poc/0.1;01914904;01/10/2026;;5;A;005002004004001000;005002004004001;000;VARIAÇÃO NEGATIVA ANUAL;A;"Registra as deduções e variações negativas anuais decorrentes da desvalorização das cotas dos fundos de investimento em ações detidos pelo plano (ex.: Vinci Selection Equities FIA). Debitada pela apropriação da desvalorização das cotas em contrapartida a 1.02.03.04.04.01.00; creditada pelo encerramento do exercício.";005002004004000;5020000000000;5;D;5;111270002;;;01/10/2026;
DeRE10111000000123456782026090212000000007;;;1;2;1;dere-poc/0.1;01914904;01/10/2026;;5;A;005002004005000;005002004005;000;COTAS DE CLASSES DE FUNDO DE INVESTIMENTO EM PARTICIPAÇÕES - FIP;S;;005002004000;5020000000000;4;D;5;;;;01/10/2026;
DeRE10111000000123456782026090212000000007;;;1;2;1;dere-poc/0.1;01914904;01/10/2026;;5;A;005002004005001000;005002004005001;000;FIP - CAPITAL SEMENTE;S;;005002004005000;5020000000000;5;D;5;;;;01/10/2026;
DeRE10111000000123456782026090212000000007;;;1;2;1;dere-poc/0.1;01914904;01/10/2026;;5;A;005002004005002000;005002004005002;000;EMPRESAS EMERGENTES;S;;005002004005000;5020000000000;5;D;5;;;;01/10/2026;
DeRE10111000000123456782026090212000000007;;;1;2;1;dere-poc/0.1;01914904;01/10/2026;;5;A;005002004005003000;005002004005003;000;INFRAESTRUTURA (FIP-IE);S;;005002004005000;5020000000000;5;D;5;;;;01/10/2026;
DeRE10111000000123456782026090212000000007;;;1;2;1;dere-poc/0.1;01914904;01/10/2026;;5;A;005002004005004000;005002004005004;000;PRODUÇÃO ECONÔMICA INTENSIVA EM PESQUISA, DESENVOLVIMENTO E INOVAÇÃO (FIP-PD&I);S;;005002004005000;5020000000000;5;D;5;;;;01/10/2026;
DeRE10111000000123456782026090212000000007;;;1;2;1;dere-poc/0.1;01914904;01/10/2026;;5;A;005002004005005000;005002004005005;000;FIP - MULTIESTRATÉGIA;S;;005002004005000;5020000000000;5;D;5;;;;01/10/2026;
DeRE10111000000123456782026090212000000007;;;1;2;1;dere-poc/0.1;01914904;01/10/2026;;5;A;005002004005006000;005002004005006;000;OUTROS FIP;S;;005002004005000;5020000000000;5;D;5;;;;01/10/2026;
DeRE10111000000123456782026090212000000007;;;1;2;1;dere-poc/0.1;01914904;01/10/2026;;5;A;005002004006000;005002004006;000;COTAS DE CLASSES DE FUNDO MULTIMERCADO - FIM;S;;005002004000;5020000000000;4;D;5;;;;01/10/2026;
DeRE10111000000123456782026090212000000007;;;1;2;1;dere-poc/0.1;01914904;01/10/2026;;5;A;005002004007000;005002004007;000;COTAS DE CLASSES DE FUNDO MULTIMERCADO ESTRUTURADO;S;;005002004000;5020000000000;4;D;5;;;;01/10/2026;
DeRE10111000000123456782026090212000000007;;;1;2;1;dere-poc/0.1;01914904;01/10/2026;;5;A;005002004007001000;005002004007001;000;VARIAÇÃO NEGATIVA ANUAL;A;"Registra as deduções e variações negativas anuais decorrentes da desvalorização das cotas dos fundos multimercado estruturados detidos pelo plano (Vinci Multiestratégia, Valorem, Retorno Real, Inter). Debitada pela apropriação da desvalorização das cotas em contrapartida a 1.02.03.04.08.xx; creditada pelo encerramento do exercício.";005002004007000;5020000000000;5;D;5;111270002;;;01/10/2026;
DeRE10111000000123456782026090212000000007;;;1;2;1;dere-poc/0.1;01914904;01/10/2026;;5;A;005002004008000;005002004008;000;COTAS DE CLASSES DE FUNDO DE INVESTIMENTO AÇÕES EM MERCADO DE ACESSO - FAMA;S;;005002004000;5020000000000;4;D;5;;;;01/10/2026;
DeRE10111000000123456782026090212000000007;;;1;2;1;dere-poc/0.1;01914904;01/10/2026;;5;A;005002004009000;005002004009;000;COTAS DE CLASSES DE FUNDO DE INVESTIMENTO IMOBILIÁRIO - FII;S;;005002004000;5020000000000;4;D;5;;;;01/10/2026;
DeRE10111000000123456782026090212000000007;;;1;2;1;dere-poc/0.1;01914904;01/10/2026;;5;A;005002004010000;005002004010;000;COTAS DE CLASSES DE FUNDO DE INVESTIMENTO NO EXTERIOR;S;;005002004000;5020000000000;4;D;5;;;;01/10/2026;
DeRE10111000000123456782026090212000000007;;;1;2;1;dere-poc/0.1;01914904;01/10/2026;;5;A;005002004010001000;005002004010001;000;COTAS DE CLASSES DE FUNDO DE INVESTIMENTO RENDA FIXA - DÍVIDA EXTERNA;S;;005002004010000;5020000000000;5;D;5;;;;01/10/2026;
DeRE10111000000123456782026090212000000007;;;1;2;1;dere-poc/0.1;01914904;01/10/2026;;5;A;005002004010002000;005002004010002;000;COTAS DE CLASSES DE FUNDO DE INVESTIMENTO - INVESTIDORES QUALIFICADOS - EXTERIOR > 40%;S;;005002004010000;5020000000000;5;D;5;;;;01/10/2026;
DeRE10111000000123456782026090212000000007;;;1;2;1;dere-poc/0.1;01914904;01/10/2026;;5;A;005002004010002001000;005002004010002001;000;COTAS DE CLASSES DE FUNDO DE INVESTIMENTO - INVESTIDORES QUALIFICADOS - EXTERIOR > 40% - EXCLUSIVO;S;;005002004010002000;5020000000000;6;D;5;;;;01/10/2026;
DeRE10111000000123456782026090212000000007;;;1;2;1;dere-poc/0.1;01914904;01/10/2026;;5;A;005002004010002001001000;005002004010002001001;000;FUNDO DE INVESTIMENTO - SUFIXO INVESTIMENTO NO EXTERIOR - EO;A;"Registra as deduções e variações negativas decorrentes da desvalorização das cotas de fundo de investimento exclusivo para investidores qualificados com sufixo 'Investimento no Exterior' (alocação > 40% no exterior). Debitada pela apropriação da desvalorização em contrapartida a 1.02.03.04.11.03.01.01; creditada pelo encerramento do exercício.";005002004010002001000;5020000000000;7;D;5;111270002;;;01/10/2026;
DeRE10111000000123456782026090212000000007;;;1;2;1;dere-poc/0.1;01914904;01/10/2026;;5;A;005002004010002002000;005002004010002002;000;COTAS DE CLASSES DE FUNDO DE INVESTIMENTO - INVESTIDORES QUALIFICADOS - EXTERIOR > 40% - NÃO EXCLUSI;S;;005002004010002000;5020000000000;6;D;5;;;;01/10/2026;
DeRE10111000000123456782026090212000000007;;;1;2;1;dere-poc/0.1;01914904;01/10/2026;;5;A;005002004010002002001000;005002004010002002001;000;FUNDO DE INVESTIMENTO - SUFIXO INVESTIMENTO NO EXTERIOR - NO;A;"Registra as deduções e variações negativas decorrentes da desvalorização das cotas de fundo de investimento não exclusivo para investidores qualificados com sufixo 'Investimento no Exterior' (alocação > 40% no exterior, ex.: Vinci Inter FIC FIM). Debitada pela apropriação da desvalorização em contrapartida a 1.02.03.04.11.03.02.01; creditada pelo encerramento do exercício.";005002004010002002000;5020000000000;7;D;5;111270002;;;01/10/2026;
DeRE10111000000123456782026090212000000007;;;1;2;1;dere-poc/0.1;01914904;01/10/2026;;5;A;005002004010003000;005002004010003;000;COTAS DE CLASSES DE INVESTIMENTOS - PÚBLICO GERAL - EXTERIOR > 20%;S;;005002004010000;5020000000000;5;D;5;;;;01/10/2026;
DeRE10111000000123456782026090212000000007;;;1;2;1;dere-poc/0.1;01914904;01/10/2026;;5;A;005002004011000;005002004011;000;EMPRÉSTIMOS DE COTAS DE FUNDOS;S;;005002004000;5020000000000;4;D;5;;;;01/10/2026;
DeRE10111000000123456782026090212000000007;;;1;2;1;dere-poc/0.1;01914904;01/10/2026;;5;A;005002004012000;005002004012;000;COTAS DE CLASSES DE FUNDO DE INVESTIMENTO DO AGRONEGÓCIO - FIAGRO;S;;005002004000;5020000000000;4;D;5;;;;01/10/2026;
DeRE10111000000123456782026090212000000007;;;1;2;1;dere-poc/0.1;01914904;01/10/2026;;5;A;005002004012001000;005002004012001;000;COTAS DE CLASSES DE FIAGRO - DIREITOS CREDITÓRIOS;S;;005002004012000;5020000000000;5;D;5;;;;01/10/2026;
DeRE10111000000123456782026090212000000007;;;1;2;1;dere-poc/0.1;01914904;01/10/2026;;5;A;005002004012002000;005002004012002;000;COTAS DE CLASSES DE FIAGRO - MOBILIÁRIOS;S;;005002004012000;5020000000000;5;D;5;;;;01/10/2026;
DeRE10111000000123456782026090212000000007;;;1;2;1;dere-poc/0.1;01914904;01/10/2026;;5;A;005002004012003000;005002004012003;000;COTAS DE CLASSES DE FIAGRO - PARTICIPAÇÕES;S;;005002004012000;5020000000000;5;D;5;;;;01/10/2026;
DeRE10111000000123456782026090212000000007;;;1;2;1;dere-poc/0.1;01914904;01/10/2026;;5;A;005002004012004000;005002004012004;000;COTAS DE CLASSES FIAGRO - FINANCEIRO;S;;005002004012000;5020000000000;5;D;5;;;;01/10/2026;
DeRE10111000000123456782026090212000000007;;;1;2;1;dere-poc/0.1;01914904;01/10/2026;;5;A;005002004012005000;005002004012005;000;COTAS DE CLASSES FIAGRO - NÃO CONCENTRADO;S;;005002004012000;5020000000000;5;D;5;;;;01/10/2026;
DeRE10111000000123456782026090212000000007;;;1;2;1;dere-poc/0.1;01914904;01/10/2026;;5;A;005002004012006000;005002004012006;000;COTAS DE CLASSES FIAGRO - MULTI-CONCENTRADO;S;;005002004012000;5020000000000;5;D;5;;;;01/10/2026;
DeRE10111000000123456782026090212000000007;;;1;2;1;dere-poc/0.1;01914904;01/10/2026;;5;A;005002004013000;005002004013;000;OUTRAS COTAS DE CLASSES DE FUNDOS DE INVESTIMENTO;S;;005002004000;5020000000000;4;D;5;;;;01/10/2026;
DeRE10111000000123456782026090212000000007;;;1;2;1;dere-poc/0.1;01914904;01/10/2026;;5;A;005002004014000;005002004014;000;DESPESAS DIRETAS;S;;005002004000;5020000000000;4;D;5;;;;01/10/2026;
DeRE10111000000123456782026090212000000007;;;1;2;1;dere-poc/0.1;01914904;01/10/2026;;5;A;005002005000;005002005;000;DERIVATIVOS;S;;005002000;5020000000000;3;D;5;;;;01/10/2026;
DeRE10111000000123456782026090212000000007;;;1;2;1;dere-poc/0.1;01914904;01/10/2026;;5;A;005002005001000;005002005001;000;SWAP;S;;005002005000;5020000000000;4;D;5;;;;01/10/2026;
DeRE10111000000123456782026090212000000007;;;1;2;1;dere-poc/0.1;01914904;01/10/2026;;5;A;005002005002000;005002005002;000;A TERMO;S;;005002005000;5020000000000;4;D;5;;;;01/10/2026;
DeRE10111000000123456782026090212000000007;;;1;2;1;dere-poc/0.1;01914904;01/10/2026;;5;A;005002005003000;005002005003;000;MERCADOS FUTUROS;S;;005002005000;5020000000000;4;D;5;;;;01/10/2026;
DeRE10111000000123456782026090212000000007;;;1;2;1;dere-poc/0.1;01914904;01/10/2026;;5;A;005002005004000;005002005004;000;OPÇÕES - AÇÕES;S;;005002005000;5020000000000;4;D;5;;;;01/10/2026;
DeRE10111000000123456782026090212000000007;;;1;2;1;dere-poc/0.1;01914904;01/10/2026;;5;A;005002005004001000;005002005004001;000;OPÇÕES DE AÇÃO DE COMPRA - TITULAR;S;;005002005004000;5020000000000;5;D;5;;;;01/10/2026;
DeRE10111000000123456782026090212000000007;;;1;2;1;dere-poc/0.1;01914904;01/10/2026;;5;A;005002005004002000;005002005004002;000;OPÇÕES DE AÇÃO DE VENDA - TITULAR;S;;005002005004000;5020000000000;5;D;5;;;;01/10/2026;
DeRE10111000000123456782026090212000000007;;;1;2;1;dere-poc/0.1;01914904;01/10/2026;;5;A;005002005005000;005002005005;000;OPÇÕES - ATIVOS FINANCEIROS E MERCADORIAS;S;;005002005000;5020000000000;4;D;5;;;;01/10/2026;
DeRE10111000000123456782026090212000000007;;;1;2;1;dere-poc/0.1;01914904;01/10/2026;;5;A;005002005006000;005002005006;000;OPERAÇÕES ESTRUTURADAS;S;;005002005000;5020000000000;4;D;5;;;;01/10/2026;
DeRE10111000000123456782026090212000000007;;;1;2;1;dere-poc/0.1;01914904;01/10/2026;;5;A;005002005007000;005002005007;000;OUTROS DERIVATIVOS;S;;005002005000;5020000000000;4;D;5;;;;01/10/2026;
DeRE10111000000123456782026090212000000007;;;1;2;1;dere-poc/0.1;01914904;01/10/2026;;5;A;005002005008000;005002005008;000;DESPESAS DIRETAS;S;;005002005000;5020000000000;4;D;5;;;;01/10/2026;
DeRE10111000000123456782026090212000000007;;;1;2;1;dere-poc/0.1;01914904;01/10/2026;;5;A;005002006000;005002006;000;INVESTIMENTOS NO EXTERIOR;S;;005002000;5020000000000;3;D;5;;;;01/10/2026;
DeRE10111000000123456782026090212000000007;;;1;2;1;dere-poc/0.1;01914904;01/10/2026;;5;A;005002006001000;005002006001;000;TÍTULOS DA DÍVIDA PÚBLICA MOBILIÁRIA FEDERAL EXTERNA;S;;005002006000;5020000000000;4;D;5;;;;01/10/2026;
DeRE10111000000123456782026090212000000007;;;1;2;1;dere-poc/0.1;01914904;01/10/2026;;5;A;005002006002000;005002006002;000;OUTROS INVESTIMENTOS NO EXTERIOR;S;;005002006000;5020000000000;4;D;5;;;;01/10/2026;
DeRE10111000000123456782026090212000000007;;;1;2;1;dere-poc/0.1;01914904;01/10/2026;;5;A;005002006003000;005002006003;000;DESPESAS DIRETAS;S;;005002006000;5020000000000;4;D;5;;;;01/10/2026;
DeRE10111000000123456782026090212000000007;;;1;2;1;dere-poc/0.1;01914904;01/10/2026;;5;A;005002007000;005002007;000;INVESTIMENTOS EM IMÓVEIS;S;;005002000;5020000000000;3;D;5;;;;01/10/2026;
DeRE10111000000123456782026090212000000007;;;1;2;1;dere-poc/0.1;01914904;01/10/2026;;5;A;005002007001000;005002007001;000;TERRENOS;S;;005002007000;5020000000000;4;D;5;;;;01/10/2026;
DeRE10111000000123456782026090212000000007;;;1;2;1;dere-poc/0.1;01914904;01/10/2026;;5;A;005002007002000;005002007002;000;IMÓVEIS EM CONSTRUÇÃO;S;;005002007000;5020000000000;4;D;5;;;;01/10/2026;
DeRE10111000000123456782026090212000000007;;;1;2;1;dere-poc/0.1;01914904;01/10/2026;;5;A;005002007003000;005002007003;000;DESENVOLVIMENTO;S;;005002007000;5020000000000;4;D;5;;;;01/10/2026;
DeRE10111000000123456782026090212000000007;;;1;2;1;dere-poc/0.1;01914904;01/10/2026;;5;A;005002007004000;005002007004;000;ALUGUÉIS E RENDA;S;;005002007000;5020000000000;4;D;5;;;;01/10/2026;
DeRE10111000000123456782026090212000000007;;;1;2;1;dere-poc/0.1;01914904;01/10/2026;;5;A;005002007004001000;005002007004001;000;USO PRÓPRIO;S;;005002007004000;5020000000000;5;D;5;;;;01/10/2026;
DeRE10111000000123456782026090212000000007;;;1;2;1;dere-poc/0.1;01914904;01/10/2026;;5;A;005002007004002000;005002007004002;000;LOCADOS A PATROCINADOR(ES);S;;005002007004000;5020000000000;5;D;5;;;;01/10/2026;
DeRE10111000000123456782026090212000000007;;;1;2;1;dere-poc/0.1;01914904;01/10/2026;;5;A;005002007004003000;005002007004003;000;LOCADOS A TERCEIROS;S;;005002007004000;5020000000000;5;D;5;;;;01/10/2026;
DeRE10111000000123456782026090212000000007;;;1;2;1;dere-poc/0.1;01914904;01/10/2026;;5;A;005002007004004000;005002007004004;000;RENDAS DE PARTICIPAÇÕES;S;;005002007004000;5020000000000;5;D;5;;;;01/10/2026;
DeRE10111000000123456782026090212000000007;;;1;2;1;dere-poc/0.1;01914904;01/10/2026;;5;A;005002007005000;005002007005;000;ALIENAÇÕES DE IMÓVEIS E TERRENOS;S;;005002007000;5020000000000;4;D;5;;;;01/10/2026;
DeRE10111000000123456782026090212000000007;;;1;2;1;dere-poc/0.1;01914904;01/10/2026;;5;A;005002007006000;005002007006;000;OUTROS INVESTIMENTOS EM IMÓVEIS;S;;005002007000;5020000000000;4;D;5;;;;01/10/2026;
DeRE10111000000123456782026090212000000007;;;1;2;1;dere-poc/0.1;01914904;01/10/2026;;5;A;005002007007000;005002007007;000;DESPESAS DIRETAS;S;;005002007000;5020000000000;4;D;5;;;;01/10/2026;
DeRE10111000000123456782026090212000000007;;;1;2;1;dere-poc/0.1;01914904;01/10/2026;;5;A;005002008000;005002008;000;OPERAÇÕES COM PARTICIPANTES;S;;005002000;5020000000000;3;D;5;;;;01/10/2026;
DeRE10111000000123456782026090212000000007;;;1;2;1;dere-poc/0.1;01914904;01/10/2026;;5;A;005002008001000;005002008001;000;EMPRÉSTIMO A PARTICIPANTES;S;;005002008000;5020000000000;4;D;5;;;;01/10/2026;
DeRE10111000000123456782026090212000000007;;;1;2;1;dere-poc/0.1;01914904;01/10/2026;;5;A;005002008001001000;005002008001001;000;FUNDO DE RESERVA;A;"Registra as deduções do Fluxo dos Investimentos destinadas à constituição/atualização do fundo de reserva (fundo de garantia das operações com participantes), formado pelas taxas de risco cobradas nas prestações dos empréstimos para cobertura de inadimplência, morte e invalidez. Debitada pela apropriação em contrapartida a 2.03.02.03.00.00.00 / 5.07; creditada pelo encerramento do exercício.";005002008001000;5020000000000;5;D;5;111270002;;;01/10/2026;
DeRE10111000000123456782026090212000000007;;;1;2;1;dere-poc/0.1;01914904;01/10/2026;;5;A;005002008001002000;005002008001002;000;ATUALIZAÇÃO/JUROS;A;"Registra as deduções e variações negativas dos empréstimos a participantes decorrentes de estorno de juros/atualização, descontos concedidos em liquidações antecipadas, renegociações e ajustes negativos das prestações. Debitada pela apropriação da dedução em contrapartida à carteira 1.02.03.08.01.01.01; creditada pelo encerramento do exercício.";005002008001000;5020000000000;5;D;5;111270002;;;01/10/2026;
DeRE10111000000123456782026090212000000007;;;1;2;1;dere-poc/0.1;01914904;01/10/2026;;5;A;005002008001003000;005002008001003;000;PROVISÃO PARA PERDA;A;"Registra a constituição e o complemento da provisão para perdas (perdas estimadas) na carteira de empréstimos a participantes, calculada com base no atraso das parcelas conforme critérios da Previc. Debitada pela constituição da provisão em contrapartida a 1.02.03.08.01.99.01; creditada pelo encerramento do exercício.";005002008001000;5020000000000;5;D;5;111270002;;;01/10/2026;
DeRE10111000000123456782026090212000000007;;;1;2;1;dere-poc/0.1;01914904;01/10/2026;;5;A;005002008002000;005002008002;000;FINANCIAMENTO IMOBILIÁRIO;S;;005002008000;5020000000000;4;D;5;;;;01/10/2026;
DeRE10111000000123456782026090212000000007;;;1;2;1;dere-poc/0.1;01914904;01/10/2026;;5;A;005002008003000;005002008003;000;DESPESAS DIRETAS;S;;005002008000;5020000000000;4;D;5;;;;01/10/2026;
DeRE10111000000123456782026090212000000007;;;1;2;1;dere-poc/0.1;01914904;01/10/2026;;5;A;005002009000;005002009;000;RELACIONADAS COM O DISPONÍVEL;S;;005002000;5020000000000;3;D;5;;;;01/10/2026;
DeRE10111000000123456782026090212000000007;;;1;2;1;dere-poc/0.1;01914904;01/10/2026;;5;A;005002009001000;005002009001;000;TAXA DE ADMINISTRAÇÃO;A;"Registra as deduções do Fluxo dos Investimentos relativas à taxa de administração dos investimentos (custeio administrativo dos investimentos) devida ao PGA, bem como taxas de administração de gestores/carteiras não descontadas diretamente das cotas. Debitada pela apropriação mensal em contrapartida a 2.01.03.10.01.01.00 ou fornecedores; creditada por estornos ou pelo encerramento do exercício.";005002009000;5020000000000;4;V;5;111270002;;;01/10/2026;
DeRE10111000000123456782026090212000000007;;;1;2;1;dere-poc/0.1;01914904;01/10/2026;;5;A;005002009002000;005002009002;000;TAXA DE CUSTÓDIA;A;"Registra as deduções do Fluxo dos Investimentos relativas à taxa de custódia de títulos e valores mobiliários cobrada pelo agente custodiante (custódia qualificada e controladoria). Debitada pela apropriação da fatura; creditada por estornos ou pelo encerramento do exercício.";005002009000;5020000000000;4;V;5;111270002;;;01/10/2026;
DeRE10111000000123456782026090212000000007;;;1;2;1;dere-poc/0.1;01914904;01/10/2026;;5;A;005002009003000;005002009003;000;CETIP/SELIC;A;"Registra as deduções do Fluxo dos Investimentos relativas às taxas de registro, custódia e liquidação cobradas pela B3/CETIP e pelo SELIC sobre os títulos e operações do plano. Debitada pela apropriação das taxas; creditada por estornos ou pelo encerramento do exercício.";005002009000;5020000000000;4;V;5;111270002;;;01/10/2026;
DeRE10111000000123456782026090212000000007;;;1;2;1;dere-poc/0.1;01914904;01/10/2026;;5;A;005002009004000;005002009004;000;CVM;A;"Registra as deduções do Fluxo dos Investimentos relativas à taxa de fiscalização da CVM (Comissão de Valores Mobiliários) incidente sobre carteiras e fundos exclusivos administrados. Debitada pela apropriação da taxa; creditada por estornos ou pelo encerramento do exercício.";005002009000;5020000000000;4;V;5;111270002;;;01/10/2026;
DeRE10111000000123456782026090212000000007;;;1;2;1;dere-poc/0.1;01914904;01/10/2026;;5;A;005002009005000;005002009005;000;DIVERSOS;A;"Registra as deduções diversas do Fluxo dos Investimentos relacionadas com o disponível e não classificáveis nas demais contas (taxas de corretagem, emolumentos, despesas com avaliação de ativos, precificação e demais custos operacionais dos investimentos). Debitada pela apropriação da despesa; creditada por estornos ou pelo encerramento do exercício.";005002009000;5020000000000;4;V;5;111270002;;;01/10/2026;
DeRE10111000000123456782026090212000000007;;;1;2;1;dere-poc/0.1;01914904;01/10/2026;;5;A;005002009006000;005002009006;000;TARIFAS BANCÁRIAS;A;"Registra as deduções do Fluxo dos Investimentos relativas a tarifas bancárias cobradas nas contas correntes vinculadas aos investimentos do plano (manutenção, transferências, liquidações). Debitada pela apropriação da tarifa em contrapartida ao disponível; creditada por estornos ou pelo encerramento do exercício.";005002009000;5020000000000;4;V;5;111270002;;;01/10/2026;
DeRE10111000000123456782026090212000000007;;;1;2;1;dere-poc/0.1;01914904;01/10/2026;;5;A;005002010000;005002010;000;PRECATÓRIOS;S;;005002000;5020000000000;3;D;5;;;;01/10/2026;
DeRE10111000000123456782026090212000000007;;;1;2;1;dere-poc/0.1;01914904;01/10/2026;;5;A;005002011000;005002011;000;OUTRAS DEDUÇÕES/VARIAÇÕES NEGATIVAS;S;;005002000;5030000000000;3;D;5;;;;01/10/2026;
DeRE10111000000123456782026090212000000007;;;1;2;1;dere-poc/0.1;01914904;01/10/2026;;5;A;005002011001000;005002011001;000;OUTRAS;S;;005002011000;5030000000000;4;D;5;;;;01/10/2026;
DeRE10111000000123456782026090212000000007;;;1;2;1;dere-poc/0.1;01914904;01/10/2026;;5;A;005002011002000;005002011002;000;DESPESAS DIRETAS;S;;005002011000;5030000000000;4;D;5;;;;01/10/2026;
DeRE10111000000123456782026090212000000007;;;1;2;1;dere-poc/0.1;01914904;01/10/2026;;5;A;005003000;005003;000;CONSTITUIÇÕES/REVERSÕES DE CONTINGÊNCIAS;S;;005000;5030000000000;2;V;5;;;;01/10/2026;
DeRE10111000000123456782026090212000000007;;;1;2;1;dere-poc/0.1;01914904;01/10/2026;;5;A;005004000;005004;000;COBERTURA/REVERSÃO DE DESPESAS ADMINISTRATIVAS;S;;005000;5040000000000;2;V;5;;;;01/10/2026;
DeRE10111000000123456782026090212000000007;;;1;2;1;dere-poc/0.1;01914904;01/10/2026;;5;A;005004001000;005004001;000;COBERTURA DESP ADMINISTRAT DE INVESTIMENTOS;A;"Registra a transferência de recursos do Fluxo dos Investimentos para o PGA a título de cobertura das despesas administrativas dos investimentos (custeio administrativo dos investimentos), bem como eventual reversão. Debitada pela transferência ao PGA em contrapartida a 4.01.02.01.01.00.00; creditada pela reversão de recursos ou pelo encerramento do exercício.";005004000;5040000000000;3;V;5;111270002;;;01/10/2026;
DeRE10111000000123456782026090212000000007;;;1;2;1;dere-poc/0.1;01914904;01/10/2026;;5;A;005005000;005005;000;CONSTITUIÇÃO/REVERSÃO DE FUNDOS;S;;005000;5070000000000;2;V;5;;;;01/10/2026;
DeRE10111000000123456782026090212000000007;;;1;2;1;dere-poc/0.1;01914904;01/10/2026;;5;A;005006000;005006;000;APURAÇÃO DO FLUXO DOS INVESTIMENTOS;S;;005000;5080000000000;2;V;5;;;;01/10/2026;
DeRE10111000000123456782026090212000000007;;;1;2;1;dere-poc/0.1;01914904;01/10/2026;;5;A;005006001000;005006001;000;GESTÃO PREVIDENCIAL;A;"Registra a apuração e transferência do resultado líquido (positivo ou negativo) dos investimentos vinculados ao plano de benefícios para a Gestão Previdencial, no encerramento do período. Debitada pela transferência do fluxo positivo (contrapartida em 3.05.01.01.00.00.00); creditada pela transferência do fluxo negativo (contrapartida em 3.05.02.01.00.00.00).";005006000;5080000000000;3;V;5;111270002;;;01/10/2026;
DeRE10111000000123456782026090212000000007;;;1;2;1;dere-poc/0.1;01914904;01/10/2026;;5;A;005006002000;005006002;000;GESTÃO ADMINISTRATIVA;A;"Registra a apuração e transferência do resultado líquido (positivo ou negativo) dos investimentos vinculados ao PGA para a Gestão Administrativa, no encerramento do período. Debitada pela transferência do fluxo positivo (contrapartida em 4.05.01.01.00.00.00); creditada pela transferência do fluxo negativo (contrapartida em 4.05.02.01.00.00.00).";005006000;5080000000000;3;V;5;111270002;;;01/10/2026;
DeRE10111000000123456782026090212000000007;;;1;2;1;dere-poc/0.1;01914904;01/10/2026;;5;A;006000;006;000;GESTÃO ASSISTENCIAL;S;;;6000000000000;1;V;5;;;;01/10/2026;
DeRE10111000000123456782026090212000000007;;;1;2;1;dere-poc/0.1;01914904;01/10/2026;;5;A;007000;007;000;OPERAÇÕES TRANSITÓRIAS;S;;;7000000000000;1;V;5;;;;01/10/2026;
DeRE10111000000123456782026090212000000007;;;1;2;1;dere-poc/0.1;01914904;01/10/2026;;5;A;007001000;007001;000;INCORPORAÇÃO - DISSOLUÇÃO DE PLANO;S;;007000;7010000000000;2;V;5;;;;01/10/2026;
DeRE10111000000123456782026090212000000007;;;1;2;1;dere-poc/0.1;01914904;01/10/2026;;5;A;007002000;007002;000;INCORPORAÇÃO - ABSORÇÃO DE PLANO;S;;007000;7020000000000;2;V;5;;;;01/10/2026;
DeRE10111000000123456782026090212000000007;;;1;2;1;dere-poc/0.1;01914904;01/10/2026;;5;A;007003000;007003;000;FUSÃO - DISSOLUÇÃO DE PLANO;S;;007000;7030000000000;2;V;5;;;;01/10/2026;
DeRE10111000000123456782026090212000000007;;;1;2;1;dere-poc/0.1;01914904;01/10/2026;;5;A;007004000;007004;000;FUSÃO - ABSORÇÃO DE PLANO;S;;007000;7040000000000;2;V;5;;;;01/10/2026;
DeRE10111000000123456782026090212000000007;;;1;2;1;dere-poc/0.1;01914904;01/10/2026;;5;A;007005000;007005;000;CISÃO - DISSOLUÇÃO DE PLANO;S;;007000;7050000000000;2;V;5;;;;01/10/2026;
DeRE10111000000123456782026090212000000007;;;1;2;1;dere-poc/0.1;01914904;01/10/2026;;5;A;007006000;007006;000;CISÃO - ABSORÇÃO DE PLANO;S;;007000;7060000000000;2;V;5;;;;01/10/2026;
DeRE10111000000123456782026090212000000007;;;1;2;1;dere-poc/0.1;01914904;01/10/2026;;5;A;007007000;007007;000;TRANSFERÊNCIA DE GERENCIAMENTO;S;;007000;7070000000000;2;V;5;;;;01/10/2026;
DeRE10111000000123456782026090212000000007;;;1;2;1;dere-poc/0.1;01914904;01/10/2026;;5;A;007008000;007008;000;MOVIMENTAÇÕES ENTRE OS PERFIS DE INVESTIMENTOS OU SUBMASSAS;S;;007000;7080000000000;2;V;5;;;;01/10/2026;
DeRE10111000000123456782026090212000000007;;;1;2;1;dere-poc/0.1;01914904;01/10/2026;;5;A;007008001000;007008001;000;MOVIMENTAÇÃO DE PARTICIPANTES ENTRE SUBMASSAS;A;Registra, em contas transitórias, a transferência dos saldos patrimoniais individuais (saldo de contas e provisões) decorrente da movimentação de participantes entre submassas ou perfis de investimento do plano de benefícios, mantendo a segregação das unidades de controle. Debitada na submassa de origem e creditada na submassa de destino pelo mesmo valor, com saldo consolidado nulo.;007008000;7080000000000;3;V;5;111270002;;;01/10/2026;
DeRE10111000000123456782026090212000000007;;;1;2;1;dere-poc/0.1;01914904;01/10/2026;;5;A;007008002000;007008002;000;MOVIMENTAÇÕES ENTRE SUBMASSAS;A;Registra, em contas transitórias, as movimentações de recursos entre submassas ou perfis de investimento do plano não vinculadas a participantes específicos (ex.: rateio de despesas, ajustes de patrimônio, transferências de investimentos entre unidades de controle). Debitada na submassa de origem e creditada na de destino pelo mesmo valor, com saldo consolidado nulo.;007008000;7080000000000;3;V;5;111270002;;;01/10/2026;
DeRE10111000000123456782026090212000000007;;;1;2;1;dere-poc/0.1;01914904;01/10/2026;;5;A;008000;008;000;ENCERRAMENTO DO EXERCÍCIO;S;;;8000000000000;1;V;5;;;;01/10/2026;
DeRE10111000000123456782026090212000000007;;;1;2;1;dere-poc/0.1;01914904;01/10/2026;;5;A;008001000;008001;000;ENCERRAMENTO DO EXERCÍCIO;S;;008000;8000000000000;2;V;5;;;;01/10/2026;
DeRE10111000000123456782026090212000000007;;;1;2;1;dere-poc/0.1;01914904;01/10/2026;;5;A;008001001000;008001001;000;ENCERRAMENTO DO EXERCÍCIO;S;;008001000;8000000000000;3;V;5;;;;01/10/2026;
DeRE10111000000123456782026090212000000007;;;1;2;1;dere-poc/0.1;01914904;01/10/2026;;5;A;008001001001000;008001001001;000;ENCERRAMENTO DO EXERCÍCIO;A;Registra o encerramento das contas de resultado das Gestões Previdencial, Administrativa e do Fluxo dos Investimentos ao final do exercício, transferindo os saldos apurados para as contas patrimoniais (provisões matemáticas, equilíbrio técnico e fundos). Debitada pelo encerramento das contas credoras e creditada pelo encerramento das contas devedoras, com saldo nulo após o fechamento.;008001001000;8000000000000;4;V;5;111270002;;;01/10/2026;
